address,latitude,longitude
JALAN PERDANA 7 TAMAN INDAH PERDANA Bandar Kepong Gombak Malaysia,3.2337,101.6771
JALAN PEKAN KUANG BANDAR KUANG Bandar Kuang Gombak Malaysia,3.2595,101.6143
JALAN BATU 18/3 KG DATO LEE KIM SAI Bandar Rawang Gombak Malaysia,3.321,101.574
JALAN CROSS PEKAN RAWANG Bandar Rawang Gombak Malaysia,3.315,101.575
LORONG 4 TAMAN HIJAU / GREEN PARK Bandar Rawang Gombak Malaysia,3.3224,101.5688
JALAN SM 1A SUNWAY BATU CAVES Bandar Selayang Gombak Malaysia,3.2379,101.6769
JALAN BRP 8/1A TAMAN BUKIT RAHMAN PUTRA Batu Gombak Malaysia,3.2195,101.5859
JALAN BRP 8/1B TAMAN BUKIT RAHMAN PUTRA Batu Gombak Malaysia,3.1478,101.5887
JLN BRP 8/1A TAMAN BUKIT RAHMAN PUTRA Batu Gombak Malaysia,3.146,101.595
JLN BRP 8/1B TAMAN BUKIT RAHMAN PUTRA Batu Gombak Malaysia,3.172,101.596
JALAN 10 TAMAN SELAYANG PKNS Batu Gombak Malaysia,3.2398,101.6648
JALAN 20 TAMAN SRI GOMBAK Batu Gombak Malaysia,3.2539,101.6975
JALAN PEKAN 1 KAMPONG BARU KUNDANG Pekan Pengkalan Kundang Gombak Malaysia,3.268,101.6
JALAN ST 2/1 KAMPONG BARU KUNDANG Pekan Pengkalan Kundang Gombak Malaysia,3.2386,101.5778
JALAN ST 2/2 KAMPONG BARU KUNDANG Pekan Pengkalan Kundang Gombak Malaysia,3.2969,101.5607
JALAN DM 5/1 TAMAN DESA MAS Rawang Gombak Malaysia,3.3663,101.5918
JALAN RAWANG GARDEN TAMAN RAWANG Rawang Gombak Malaysia,3.3219,101.5762
JALAN INTAN TAMAN PERWIRA / TMN SETIA GOMBAK Setapak Gombak Malaysia,3.2154,101.7217
JLN WAWASAN Ampang 4/4 BDR BARU Ampang Ampang Hulu Langat Malaysia,3.1295,101.7561
JLN 1 TMN AMPANG JAYA Ampang Hulu Langat Malaysia,3.1457,101.7637
JALAN 4/4 TMN PANDAN INDAH Ampang Hulu Langat Malaysia,3.1269,101.7492
JALAN PANDAN INDAH 4/6 TMN PANDAN INDAH Ampang Hulu Langat Malaysia,3.1129,101.7442
JLN PANDAN INDAH 4/4 TMN PANDAN INDAH Ampang Hulu Langat Malaysia,3.1225,101.7419
JLN PANDAN INDAH 4/10 TMN PANDAN INDAH Ampang Hulu Langat Malaysia,3.1389,101.7552
JALAN WAWASAN AMPANG 4/6 BDR BARU AMPANG Bandar Ampang Hulu Langat Malaysia,3.1514,101.7626
JLN WAWASAN AMPANG 4/4 BDR BARU AMPANG Bandar Ampang Hulu Langat Malaysia,3.1507,101.7632
JLN WAWASAN AMPANG 4/6 BDR BARU AMPANG Bandar Ampang Hulu Langat Malaysia,3.142,101.756
JALAN MERDEKA KG BARU CINA Bandar Ampang Hulu Langat Malaysia,3.1487,101.7577
JALAN MEGA 5 TMN MEGA JAYA Bandar Ampang Hulu Langat Malaysia,3.1335,101.7639
JALAN PANDAN INDAH 1/18 TMN PANDAN INDAH Bandar Ampang Hulu Langat Malaysia,3.1265,101.7448
JALAN PANDAN INDAH 1/22 TMN PANDAN INDAH Bandar Ampang Hulu Langat Malaysia,3.1032,101.7467
JALAN PANDAN INDAH 1/23D TMN PANDAN INDAH Bandar Ampang Hulu Langat Malaysia,3.1274,101.7512
JALAN PANDAN INDAH 4/10 TMN PANDAN INDAH Bandar Ampang Hulu Langat Malaysia,3.125,101.747
JLN PANDAN INDAH 1/18 TMN PANDAN INDAH Bandar Ampang Hulu Langat Malaysia,3.1306,101.7459
JLN PANDAN INDAH 1/20 TMN PANDAN INDAH Bandar Ampang Hulu Langat Malaysia,3.1263,101.7359
JLN 1/9G SEK 1 BDR BARU BANGI Bandar Baru Bangi Hulu Langat Malaysia,3.0478,101.783
JLN 9/7 SEK 9 BDR BARU BANGI Bandar Baru Bangi Hulu Langat Malaysia,3.0952,101.7574
JLN CJ 3/12-3A TMN CHERAS JAYA Bandar Cheras Hulu Langat Malaysia,3.083,101.774
JALAN JENARIS 3A DESA SRI JENARIS Bandar Kajang Hulu Langat Malaysia,2.972,101.787
JALAN JENARIS SATU DESA SRI JENARIS Bandar Kajang Hulu Langat Malaysia,3.0186,101.8309
JALAN SG CHUA KG BARU SG CHUA Bandar Kajang Hulu Langat Malaysia,3.0356,101.7884
PERSIARAN TKP TMN KANTAN PERMAI Bandar Kajang Hulu Langat Malaysia,3.0555,101.7908
JLN IMPIAN MURNI 1/5 TMN SAUJANA IMPIAN Bandar Kajang Hulu Langat Malaysia,3.0218,101.7898
JALAN BESAR PEKAN SEMENYIH Bandar Semenyih Hulu Langat Malaysia,2.9679,101.8448
JALAN KESUMA 1/1A BDR TASIK KESUMA Beranang Hulu Langat Malaysia,2.8472,101.8929
JALAN KESUMA 1/1 BDR TASIK KESUMA Beranang Hulu Langat Malaysia,2.9187,101.8754
JALAN KESUMA 2/4 KESUMA SQUARE Beranang Hulu Langat Malaysia,2.9211,101.8664
JALAN KESUMA 2/6A KESUMA SQUARE Beranang Hulu Langat Malaysia,2.8765,101.8958
JLN KESUMA 2/4 KESUMA SQUARE Beranang Hulu Langat Malaysia,2.9025,101.8736
KESUMA SQUARE KESUMA SQUARE Beranang Hulu Langat Malaysia,2.9848,101.8809
PHASE 5F KESUMA SQUARE Beranang Hulu Langat Malaysia,2.9128,101.8712
JALAN BM 4/1 TMN BKT MAHKOTA Beranang Hulu Langat Malaysia,2.8819,101.8584
JALAN BM 4/3 TMN BKT MAHKOTA Beranang Hulu Langat Malaysia,2.905,101.861
BANDAR BUKIT MAHKOTA TMN BKT MAHKOTA Beranang Hulu Langat Malaysia,2.9419,101.8727
BDR BUKIT MAHKOTA TMN BKT MAHKOTA Beranang Hulu Langat Malaysia,3.0577,101.8578
"JALAN BM 4/3, BANDAR BUKIT MAHKOTA TMN BKT MAHKOTA Beranang Hulu Langat Malaysia",2.9489,101.8162
JLN SUASANA 3/3 BDR TUN HUSSEIN ONN Cheras Hulu Langat Malaysia,3.093,101.769
JALAN SEMENYIH IMPIAN 2 TMN SEMENYIH IIMPIAN Hulu Semenyih Hulu Langat Malaysia,2.9556,101.8468
JLN SEMENYIH IMPIAN 2 TMN SEMENYIH IIMPIAN Hulu Semenyih Hulu Langat Malaysia,2.998,101.85
JALAN SERI PUTRA 3/10 BDR SRI PUTRA Kajang Hulu Langat Malaysia,3.024,101.706
JALAN SERI PUTRA 3/12 BDR SRI PUTRA Kajang Hulu Langat Malaysia,3.0349,101.6946
JLN 3/11 BDR SRI PUTRA Kajang Hulu Langat Malaysia,3.0439,101.7933
JLN BANGI INDAH 2 TMN BANGI INDAH Kajang Hulu Langat Malaysia,3.001,101.785
JALAN KARUNMAS 10 DESA KARUN MAS Pekan Kajang Hulu Langat Malaysia,3.0357,101.7876
JLN KARUNMAS 10 DESA KARUN MAS Pekan Kajang Hulu Langat Malaysia,3.0093,101.8035
JLN KARUNMAS 12 DESA KARUN MAS Pekan Kajang Hulu Langat Malaysia,3.024,101.789
JALAN DATARAN JADE 2/1 JADE HILLS Pekan Kajang Hulu Langat Malaysia,3.0638,101.7626
DATARAN JADE 2 JADE HILLS Pekan Kajang Hulu Langat Malaysia,3.0109,101.7608
JLN CENGAL 4 TMN IMPIAN EHSAN Pekan Kajang Hulu Langat Malaysia,3.0219,101.7926
JLN 2/9C BDR RINCING Semenyih Hulu Langat Malaysia,2.9883,101.8767
SERENE SQUARE SERENE HEIGHT Semenyih Hulu Langat Malaysia,2.9478,101.8479
JALAN ECOHILL 1/6A SETIA ECOHILL Semenyih Hulu Langat Malaysia,2.9465,101.8678
JLN ECOHILL 1/6A SETIA ECOHILL Semenyih Hulu Langat Malaysia,2.9789,101.8216
JALAN INAI 1 BUKIT BERUNTUNG Bandar Serendah Hulu Selangor Malaysia,3.3745,101.565
JALAN KEMBOJA 1B/1 BUKIT BERUNTUNG Bandar Serendah Hulu Selangor Malaysia,3.3869,101.5628
JALAN TERATAI 10 BUKIT BERUNTUNG Bandar Serendah Hulu Selangor Malaysia,3.503,101.562
JLN KEMBOJA 1B/1 BUKIT BERUNTUNG Bandar Serendah Hulu Selangor Malaysia,3.404,101.651
JLN ANGGERIK 5A BUKIT SENTOSA Bandar Serendah Hulu Selangor Malaysia,3.5585,101.6078
JALAN ANGGERIK 5A BUKIT SENTOSA Bandar Serendah Hulu Selangor Malaysia,3.4005,101.5667
JALAN ROS 1E/1 BUKIT SENTOSA Bandar Serendah Hulu Selangor Malaysia,3.515,101.607
JALAN ROS 1E/2 BUKIT SENTOSA Bandar Serendah Hulu Selangor Malaysia,3.4179,101.5677
JALAN SERI PAGI  2 BUKIT SENTOSA Bandar Serendah Hulu Selangor Malaysia,3.376,101.602
JALAN SERI PAGI 2 BUKIT SENTOSA Bandar Serendah Hulu Selangor Malaysia,3.4719,101.5715
JALAN SERI PAGI  3 BUKIT SENTOSA Bandar Serendah Hulu Selangor Malaysia,3.4638,101.5732
JALAN SERI PAGI 3 BUKIT SENTOSA Bandar Serendah Hulu Selangor Malaysia,3.5209,101.6113
JALAN SEROJA 1B/2 BUKIT SENTOSA Bandar Serendah Hulu Selangor Malaysia,3.4099,101.5937
JALAN SEROJA 1B/3 BUKIT SENTOSA Bandar Serendah Hulu Selangor Malaysia,3.4275,101.5519
JALAN BESAR PEKAN SERENDAH Bandar Serendah Hulu Selangor Malaysia,3.3089,101.6032
JALAN MAWAR 2A/2 PRIMA BERUNTUNG Bandar Serendah Hulu Selangor Malaysia,3.4263,101.6408
OFF TAMAN BUKIT TERATAI TAMAN BUKIT TERATAI Bandar Serendah Hulu Selangor Malaysia,3.3747,101.6116
JALAN BATANG KALI PRIMA UTAMA Hulu Yam Hulu Selangor Malaysia,3.5895,101.6562
JALAN EMPURAU 1B PRIMA UTAMA Hulu Yam Hulu Selangor Malaysia,3.467,101.627
JALAN EMPURAU1B PRIMA UTAMA Hulu Yam Hulu Selangor Malaysia,3.357,101.665
JALAN AROWANA 8A TAMAN DESA AROWANA Hulu Yam Hulu Selangor Malaysia,3.395,101.633
JALAN KALOI 1A TAMAN DESA KALOI Hulu Yam Hulu Selangor Malaysia,3.3747,101.6179
JALAN KELISA 3A TAMAN DESA KELISA Hulu Yam Hulu Selangor Malaysia,3.418,101.67
JALAN KELISA 6 TAMAN DESA KELISA Hulu Yam Hulu Selangor Malaysia,3.4635,101.7442
JALAN PATIN 2 TAMAN DESA PATIN Hulu Yam Hulu Selangor Malaysia,3.3428,101.7642
JLN KG BARU SEJANTUNG KAMPONG SEJANTUNG Kalumpang Hulu Selangor Malaysia,3.6505,101.6505
JALAN BERLIAN 1A TAMAN LEMBAH DAMAI Kerling Hulu Selangor Malaysia,3.591,101.716
JALAN CENDERAWASIH UTAMA TAMAN DESA KELIANG Kuala Kalumpang Hulu Selangor Malaysia,3.6121,101.7176
JALAN TELIPOT 2B BUKIT SENTOSA Serendah Hulu Selangor Malaysia,3.465,101.594
JALAN TELIPOT 2C BUKIT SENTOSA Serendah Hulu Selangor Malaysia,3.4275,101.624
JALAN TELIPOT 2 BUKIT SENTOSA Serendah Hulu Selangor Malaysia,3.4605,101.5792
JALAN TELIPOT 2A BUKIT SENTOSA Serendah Hulu Selangor Malaysia,3.4235,101.6039
JLN ANGGERIK 5A BUKIT SENTOSA Serendah Hulu Selangor Malaysia,3.5069,101.5636
JALAN KIAMBANG 1A DESA KIAMBANG Serendah Hulu Selangor Malaysia,3.5539,101.6024
JLN KIAMBANG 1A DESA KIAMBANG Serendah Hulu Selangor Malaysia,3.618,101.629
JALAN MELOR 2 DESA MELOR Serendah Hulu Selangor Malaysia,3.349,101.607
JLN ZAPIN 1 BDR BUKIT RAJA Kapar Klang Malaysia,3.1069,101.4239
JALAN ASTAKA 1D/KU2 BDR BUKIT RAJA Kapar Klang Malaysia,3.0319,101.4421
JALAN ASTAKA 1E/KU2 BDR BUKIT RAJA Kapar Klang Malaysia,3.0445,101.3905
JALAN ASTAKA 2D/KU2 BDR BUKIT RAJA Kapar Klang Malaysia,3.1119,101.4726
JALAN GAMELAN 1 BDR BUKIT RAJA Kapar Klang Malaysia,3.0899,101.4143
JALAN RODAT 11 BDR BUKIT RAJA Kapar Klang Malaysia,3.1097,101.4342
JALAN SINGGAHSANA 4A BDR BUKIT RAJA Kapar Klang Malaysia,3.0667,101.45
JALAN SUMAZAU 3/KU5 BDR BUKIT RAJA Kapar Klang Malaysia,3.095,101.441
JALAN ZAPIN 1A BDR BUKIT RAJA Kapar Klang Malaysia,3.118,101.446
JLM MAKYONG 1B/KU5 BDR BUKIT RAJA Kapar Klang Malaysia,3.1108,101.4145
JLN ASTAKA 1D/KU2 BDR BUKIT RAJA Kapar Klang Malaysia,3.0435,101.4283
JLN ASTAKA 1F/KU2 BDR BUKIT RAJA Kapar Klang Malaysia,3.0607,101.4342
JLN ASTAKA 1G/KU2 BDR BUKIT RAJA Kapar Klang Malaysia,3.1129,101.4212
JLN RODAT 11/KU6 BDR BUKIT RAJA Kapar Klang Malaysia,3.1034,101.4292
JLN SINGGAHSANA 4A BDR BUKIT RAJA Kapar Klang Malaysia,3.081,101.424
LRG SULTAN ABDUL SAMAD 40 BDR SULTAN SULEIMAN Kapar Klang Malaysia,3.1207,101.4424
JALAN LANG BERKERLEY TOWN CENTRE Kapar Klang Malaysia,3.1403,101.4518
JALAN 5C/KU15 OFF JLN KAPAR Kapar Klang Malaysia,3.12,101.433
JLN AMAN PERDANA 10A/KU5 TAMAN AMAN PERDANA Kapar Klang Malaysia,3.1417,101.3499
JLN AMAN PERDANA 10E/KU5 TAMAN AMAN PERDANA Kapar Klang Malaysia,3.105,101.371
JLN AMAN PERDANA 10E/KU5 TMN AMAN PERDANA Kapar Klang Malaysia,3.1167,101.3833
JALAN LANG TMN BERKELEY (TMN BUKIT RAJA) Kapar Klang Malaysia,3.0835,101.4478
LEBOH LANG TMN BERKELEY (TMN BUKIT RAJA) Kapar Klang Malaysia,3.0579,101.438
LEBUH  LANG TMN BERKELEY (TMN BUKIT RAJA) Kapar Klang Malaysia,3.0729,101.4594
LORONG LANG TMN BERKELEY (TMN BUKIT RAJA) Kapar Klang Malaysia,3.0208,101.4256
JLN SEMENTA JAYA 1 TMN DESA SEMENTA JAYA Kapar Klang Malaysia,3.0569,101.4236
JLN MERU INDAH 1 TMN MERU INDAH Kapar Klang Malaysia,3.0549,101.3936
JLN IMAM AYUB 5B/KUB TMN SRI KAPAR Kapar Klang Malaysia,3.0017,101.4086
JALAN IMAM AYUB 5A/KU13 TMN SRI KAPAR Kapar Klang Malaysia,3.0906,101.4184
JLN AMAN AUB 5B/KU13 TMN SRI KAPAR Kapar Klang Malaysia,3.0814,101.3751
JLN AUB 5B/KU13 TMN SRI KAPAR Kapar Klang Malaysia,3.0667,101.3333
JLN SUNGAI KAPAR INDAH 3F TMN SUNGAI KAPAR INDAH Kapar Klang Malaysia,3.0726,101.3952
JLN SG KAPAR INDAH 3 TMN SUNGAI KAPAR INDAH Kapar Klang Malaysia,3.0967,101.3695
JLN SG KAPAR INDAH 3G TMN SUNGAI KAPAR INDAH Kapar Klang Malaysia,3.109,101.423
JLN SUNGAI KAPAR INDAH 3G TMN SUNGAI KAPAR INDAH Kapar Klang Malaysia,3.075,101.402
JLN KEBUN NENAS 7A/KS8 BANDAR PUTERA 2 Kelang Klang Malaysia,3.0344,101.4517
"JALAN KEBUN NENAS 1A/KS7 BANDAR PUTERA, KLANG Kelang Klang Malaysia",3.0379,101.4456
"JLN KEBUN NENAS 1A/KS7 BANDAR PUTERA, KLANG Kelang Klang Malaysia",3.015,101.447
"JALAN PALMA RAJA 1 BDR BOTANIC, KLANG Kelang Klang Malaysia",3.0156,101.4014
"JALAN PALMA RAJA 2 BDR BOTANIC, KLANG Kelang Klang Malaysia",3.0605,101.4421
"JLN PALMA RAJA 1/KS6 BDR BOTANIC, KLANG Kelang Klang Malaysia",3.0221,101.4487
"JLN PALMA RAJA 2/KS6 BDR BOTANIC, KLANG Kelang Klang Malaysia",3.006,101.436
"JLN PALMA RAYA 2/KS 6 BDR BOTANIC, KLANG Kelang Klang Malaysia",3.0108,101.4427
LRG BATU NILAM 34 BDR BUKIT TINGGI Kelang Klang Malaysia,3.0136,101.4457
LRG BATU NILAM 34/4 BDR BUKIT TINGGI Kelang Klang Malaysia,3.0167,101.45
JLN KEBUN NENAS 7A/KS8 BDR PUTERA 2 Kelang Klang Malaysia,3.0409,101.445
"JLN KEBUN NENAS 1C/KS 7 BDR PUTERA, KLANG Kelang Klang Malaysia",3.0317,101.4467
JALAN SG DAMANSARA  A 32/A BERJAYA INDUSTRIAL PARK Kelang Klang Malaysia,3.0386,101.4515
JLN SG DAMANSARA A32/A BERJAYA INDUSTRIAL PARK Kelang Klang Malaysia,3.0445,101.4656
JLN SGI DAMANSARA B32/B BERJAYA INDUSTRIAL PARK Kelang Klang Malaysia,3.0207,101.4437
JALAN NAGASARI B 36/B DESA LATANIA Kelang Klang Malaysia,3.0339,101.4499
JLN NAGASARI B 36/B DESA LATANIA Kelang Klang Malaysia,3.0333,101.45
JLN NAGASARI B36/B DESA LATANIA Kelang Klang Malaysia,3.0175,101.4498
JLN ANGGERIK TANIA  AY 31/AY KOTA KEMUNING Kelang Klang Malaysia,3.031,101.53
JLN BD 31/BD KOTA KEMUNING Kelang Klang Malaysia,3.0106,101.5267
JLN TENGKU BADAR PELABUHAN KLANG Kelang Klang Malaysia,3.0009,101.3914
PERSIARAN MASJID SULTAN/KS13 PULAU INDAH Kelang Klang Malaysia,3.0146,101.3786
PERSIARAN MASJID SULTAN PULAU INDAH Kelang Klang Malaysia,2.9167,101.4333
"JALAN SUNGAI TAMAN INDAH, JALAN TEPI SUNGAI Kelang Klang Malaysia",3.0326,101.4537
JALAN SELAMPIT 22 TAMAN KLANG JAYA Kelang Klang Malaysia,3.0236,101.4382
JLN SELAMPIT 22 TAMAN KLANG JAYA Kelang Klang Malaysia,3.053,101.445
JALAN HAJI ABDUL KARIM 26/8KS02 TAMAN KLANG RIA Kelang Klang Malaysia,3.0445,101.4518
JLN SUNGAI BERTIK TMN BERTIK Kelang Klang Malaysia,3.0469,101.4499
JLN DESA KEMUNING 1 TMN DESA KEMUNING Kelang Klang Malaysia,3.0395,101.446
JALAN SELAMPIT 22 TMN KLANG JAYA Kelang Klang Malaysia,3.0125,101.4465
JLN SELAMPIT 22 TMN KLANG JAYA Kelang Klang Malaysia,3.056,101.454
JLN SELAMPIT 29 TMN KLANG JAYA Kelang Klang Malaysia,3.0397,101.4463
JALAN MOHD TAHIR 14/KS02 TMN SAUJANA (P/L 1443) Kelang Klang Malaysia,3.033,101.443
JLN SG SAMA GAGAH 18E/KS5 TMN TELUK GEDUNG INDAH Kelang Klang Malaysia,3.0046,101.4518
JLN SG PULOH 5 TMN CEMPAKASARI Pekan Batu Empat Klang Malaysia,3.0405,101.4477
JALAN SUNGAI BATU 56F/KU6 TMN KLANG UTAMA Pekan Batu Empat Klang Malaysia,3.0123,101.4441
JALAN SUNGAI PULOH TMN KLANG UTAMA Pekan Batu Empat Klang Malaysia,3.0435,101.453
JLN SUNGAI BATU 56F TMN KLANG UTAMA Pekan Batu Empat Klang Malaysia,3.0624,101.4478
JLN SUNGAI PULOH TMN KLANG UTAMA Pekan Batu Empat Klang Malaysia,3.0439,101.4356
PEKAN KAPAR PEKAN KAPAR Pekan Kapar Klang Malaysia,3.0789,101.4179
JALAN CHAN AH CHOO KG BHARU PANDAMARAN Pekan Pendamaran Klang Malaysia,3.0289,101.4068
LORONG NIPAH 3 KG BHARU PANDAMARAN Pekan Pendamaran Klang Malaysia,3.0029,101.3946
JALAN BB 1/4 TAMAN BANTING BARU Bandar Kuala Langat Malaysia,2.8083,101.5048
JALAN BB 1/6 TAMAN BANTING BARU Bandar Banting Kuala Langat Malaysia,2.8126,101.5038
JALAN PASAR KG. BARU TG. SEPAT Bandar Tanjung Sepat Kuala Langat Malaysia,2.6517,101.5182
JALAN INTAN 14 TAMAN YAYASAN Pekan Jenjarom Kuala Langat Malaysia,2.9927,101.5352
JLN EMAS 9 BDR SG. EMAS Pekan Sungai Manggis Kuala Langat Malaysia,2.8649,101.5023
JLN JUJUR 1 TAMAN MANGGIS JAYA Pekan Sungai Manggis Kuala Langat Malaysia,2.8298,101.5078
JALAN SP 8/5 BDR SAUJANA PUTRA Tanjung 12 Kuala Langat Malaysia,2.9469,101.5778
JLN SP 4/28 BDR SAUJANA PUTRA Tanjung 12 Kuala Langat Malaysia,2.9808,101.5621
JLN SP 4/29 BDR SAUJANA PUTRA Tanjung 12 Kuala Langat Malaysia,3.0226,101.5595
JALAN SP 4/27 BDR SAUJANA PUTRA Tanjung 12 Kuala Langat Malaysia,2.9797,101.5988
JALAN SP 4/28 BDR SAUJANA PUTRA Tanjung 12 Kuala Langat Malaysia,2.9685,101.5825
JALAN SP 8/1 BDR SAUJANA PUTRA Tanjung 12 Kuala Langat Malaysia,2.9489,101.5768
JALAN SP 8/4 BDR SAUJANA PUTRA Tanjung 12 Kuala Langat Malaysia,2.9915,101.5336
JALAN SP 8/6 BDR SAUJANA PUTRA Tanjung 12 Kuala Langat Malaysia,2.9702,101.5938
JLN SP 4/27 BDR SAUJANA PUTRA Tanjung 12 Kuala Langat Malaysia,2.975,101.542
JLN SP 4/46 BDR SAUJANA PUTRA Tanjung 12 Kuala Langat Malaysia,2.9534,101.5918
JLN SP 8/1 BDR SAUJANA PUTRA Tanjung 12 Kuala Langat Malaysia,2.964,101.661
JLN SP 8/4 BDR SAUJANA PUTRA Tanjung 12 Kuala Langat Malaysia,2.9416,101.4966
JLN SP 8/5 BDR SAUJANA PUTRA Tanjung 12 Kuala Langat Malaysia,2.932,101.639
JALAN BSE 4/47 BDR SERI EHSAN Tanjung 12 Kuala Langat Malaysia,2.8485,101.5266
JLN CAMAR 24 KOMPLEKS PERABOT OLAK LEMPIT Tanjung 12 Kuala Langat Malaysia,2.8263,101.4636
JALAN KAMUNTING JALAN DANG WANGI Kuala Lumpur Town Centre Kuala Lumpur Malaysia,3.1579,101.7047
JALAN EMAS JALAN EMAS Kuala Lumpur Town Centre Kuala Lumpur Malaysia,3.1583,101.7078
JALAN TUN RAZAK JALAN TUN RAZAK Kuala Lumpur Town Centre Kuala Lumpur Malaysia,3.1569,101.7112
LORONG HAJI TAIB 3 KAWASAN LORONG HAJI TAIB Kuala Lumpur Town Centre Kuala Lumpur Malaysia,3.1623,101.7048
JLN THAMBY ABDULLAH/JLN TUN SAMBANTHAN OFF JALAN TUN SAMBANTHAN Kuala Lumpur Town Centre Kuala Lumpur Malaysia,3.1366,101.6946
LORONG MAAROF TAMAN SRI PANDIAN Kuala Lumpur Town Centre Kuala Lumpur Malaysia,3.1344,101.6667
"BATU 4 1/2, JALAN IPOH JALAN IPOH Mukim Batu Kuala Lumpur Malaysia",3.1812,101.6873
JALAN JAMBU AIR MAWAR JINJANG SELATAN Mukim Batu Kuala Lumpur Malaysia,3.2099,101.7206
JALAN JINJANG KB JINJANG UTARA Mukim Batu Kuala Lumpur Malaysia,3.2089,101.6946
JALAN JINJANG PERMAI 6 (EAST ROAD 4) KB JINJANG UTARA Mukim Batu Kuala Lumpur Malaysia,3.1976,101.6896
JLN JINJANG DAMAI 13(NORTH FENCE ROAD) KB JINJANG UTARA Mukim Batu Kuala Lumpur Malaysia,3.1829,101.6654
JALAN CAMAR KEPONG BARU Mukim Batu Kuala Lumpur Malaysia,3.2026,101.6504
JALAN CAMAR (JALAN 60) KEPONG BARU Mukim Batu Kuala Lumpur Malaysia,3.2008,101.6819
JALAN AMBONG KEPONG BARU Mukim Batu Kuala Lumpur Malaysia,3.198,101.658
JALAN AMBONG 1 KEPONG BARU Mukim Batu Kuala Lumpur Malaysia,3.1921,101.6398
JALAN AMBONG 4 KEPONG BARU Mukim Batu Kuala Lumpur Malaysia,3.2156,101.6548
JALAN AMBONG (JALAN 1) KEPONG BARU Mukim Batu Kuala Lumpur Malaysia,3.2085,101.6397
JALAN AMBONG (JLN 1) KEPONG BARU Mukim Batu Kuala Lumpur Malaysia,3.1989,101.6582
JALAN AMBONG KANAN 2 KEPONG BARU Mukim Batu Kuala Lumpur Malaysia,3.205,101.654
JALAN AMBONG KIRI 1 KEPONG BARU Mukim Batu Kuala Lumpur Malaysia,3.2075,101.6542
JALAN AMBONG KIRI 1 (JLN 7) KEPONG BARU Mukim Batu Kuala Lumpur Malaysia,3.1956,101.6548
JALAN AMBONG KIRI 1(JLN 1) KEPONG BARU Mukim Batu Kuala Lumpur Malaysia,3.2035,101.6546
JLN AMBONG KEPONG BARU Mukim Batu Kuala Lumpur Malaysia,3.2083,101.6881
JLN AMBONG DUA KEPONG BARU Mukim Batu Kuala Lumpur Malaysia,3.209,101.685
JLN AMBONG KANAN 1 KEPONG BARU Mukim Batu Kuala Lumpur Malaysia,3.1905,101.6832
LORONG BANGAU 1 (JALAN 78) KEPONG BARU Mukim Batu Kuala Lumpur Malaysia,3.2067,101.6527
JALAN DEVELOPMENT KEPONG GARDEN Mukim Batu Kuala Lumpur Malaysia,3.1897,101.6845
JALAN NANYANG NANYANG ESTATE Mukim Batu Kuala Lumpur Malaysia,3.1889,101.7018
JALAN MAAROF BANGSAR PARK (JALAN MAAROF) Mukim Kuala Lumpur Kuala Lumpur Malaysia,3.1245,101.6703
JALAN SELESA HAPPY GARDEN Mukim Petaling Kuala Lumpur Malaysia,3.094,101.671
JLN SELESA HAPPY GARDEN Mukim Petaling Kuala Lumpur Malaysia,3.0902,101.6817
JALAN HANG TUAH 2 SALAK SOUTH GARDEN Mukim Petaling Kuala Lumpur Malaysia,3.0925,101.6892
JALAN DATO HAJI 2 TAMAN TAN YEW LAI Mukim Petaling Kuala Lumpur Malaysia,3.1056,101.6862
JALAN DATO HAJI 3 TAMAN TAN YEW LAI Mukim Petaling Kuala Lumpur Malaysia,3.1108,101.6792
JALAN DATO HAJI 4 TAMAN TAN YEW LAI Mukim Petaling Kuala Lumpur Malaysia,3.0856,101.7002
JALAN GENTING KELANG JALAN GENTING KELANG Mukim Setapak Kuala Lumpur Malaysia,3.1845,101.7415
JALAN AIR LOMBONG KG BARU AIR PANAS Mukim Setapak Kuala Lumpur Malaysia,3.1909,101.7278
JALAN AYER TENANG KG BARU AIR PANAS Mukim Setapak Kuala Lumpur Malaysia,3.1888,101.7306
JALAN CENGAL SETAPAK GARDEN Mukim Setapak Kuala Lumpur Malaysia,3.197,101.736
JLN LAKSAMANA 5 TMN K.SEL. F3 (TMN LAKSAMANA) Api-Api Kuala Selangor Malaysia,3.343,101.25
JALAN MEDAN NIAGA 4 BDR BARU KUALA SELANGOR Bandar Kuala Selangor Kuala Selangor Malaysia,3.3506,101.2506
JALAN MEDAN NIAGA 6 BDR BARU KUALA SELANGOR Bandar Kuala Selangor Kuala Selangor Malaysia,3.337,101.25
JALAN MEDAN NIAGA 7 BDR BARU KUALA SELANGOR Bandar Kuala Selangor Kuala Selangor Malaysia,3.3426,101.2527
JLN MEDAN NIAGA 7 BDR BARU KUALA SELANGOR Bandar Kuala Selangor Kuala Selangor Malaysia,3.3391,101.2506
JLN BENDAHARA 1/3 TAMAN BENDAHARA Bandar Kuala Selangor Kuala Selangor Malaysia,3.3402,101.2495
JALAN BENDAHARA 1/3 TMN BENDAHARA Bandar Kuala Selangor Kuala Selangor Malaysia,3.3389,101.2474
JLN BENDAHARA 1/3 TMN BENDAHARA Bandar Kuala Selangor Kuala Selangor Malaysia,3.3476,101.2518
JALAN PERUSAHAAN 2B TMN IKS PKNS Bandar Kuala Selangor Kuala Selangor Malaysia,3.3245,101.2509
JLN PERUSAHAAN 2E TMN IKS PKNS Bandar Kuala Selangor Kuala Selangor Malaysia,3.334,101.254
JLN TELAGA 2 TMN TELAGA TUJUH Bandar Kuala Selangor Kuala Selangor Malaysia,3.342,101.248
TAMAN SRI PANCARAN TMN JELITA Batang Berjuntai Kuala Selangor Malaysia,3.289,101.407
JALAN DC 1/2 DESA COALFIELD Ijok Kuala Selangor Malaysia,3.243,101.421
JALAN DC 1/2A DESA COALFIELD Ijok Kuala Selangor Malaysia,3.253,101.292
JLN DC 1/2 DESA COALFIELD Ijok Kuala Selangor Malaysia,3.2496,101.2938
JLN DC 2/2 DESA COALFIELD Ijok Kuala Selangor Malaysia,3.3639,101.1881
JLN DC1/2A DESA COALFIELD Ijok Kuala Selangor Malaysia,3.3632,101.2926
JALAN NIAGA BESTARI 2 PUNCAK BESTARI Ijok Kuala Selangor Malaysia,3.2402,101.3878
JALAN NIAGA BESTARI 4 PUNCAK BESTARI Ijok Kuala Selangor Malaysia,3.3995,101.3075
JLN NIAGA BESTARI 2 PUNCAK BESTARI Ijok Kuala Selangor Malaysia,3.283,101.333
JALAN TIAJ 1/1 TMN INDUSTRI ALAM JAYA Ijok Kuala Selangor Malaysia,3.279,101.438
JALAN TIAJ 1/2 TMN INDUSTRI ALAM JAYA Ijok Kuala Selangor Malaysia,3.2462,101.3238
JLN TIAJ 1/1 TMN INDUSTRI ALAM JAYA Ijok Kuala Selangor Malaysia,3.2369,101.4326
JLN BIDARA 9 TMN SAUJANA UTAMA Ijok Kuala Selangor Malaysia,3.2676,101.4519
JLN JATI 3 TMN SAUJANA UTAMA Ijok Kuala Selangor Malaysia,3.2405,101.3209
JALAN DAHLIA 1 TMN SAUJANA UTAMA Ijok Kuala Selangor Malaysia,3.3005,101.2528
JALAN DAHLIA 3 TMN SAUJANA UTAMA Ijok Kuala Selangor Malaysia,3.2385,101.3092
JALAN MELUR 1 TMN SAUJANA UTAMA Ijok Kuala Selangor Malaysia,3.1917,101.5245
JLN DAHLIA 1 TMN SAUJANA UTAMA Ijok Kuala Selangor Malaysia,3.2333,101.4
JLN DAHLIA 2 TMN SAUJANA UTAMA Ijok Kuala Selangor Malaysia,3.2921,101.4587
JLN DAHLIA 3 TMN SAUJANA UTAMA Ijok Kuala Selangor Malaysia,3.3,101.35
JLN DAHLIA 4 TMN SAUJANA UTAMA Ijok Kuala Selangor Malaysia,3.325,101.428
DATARAN SURIA PUNCAK ALAM - PERDAGANGAN Jeram Kuala Selangor Malaysia,3.2469,101.4005
JALAN (DATARAN SURIA) PUNCAK ALAM - PERDAGANGAN Jeram Kuala Selangor Malaysia,3.2246,101.4446
OFF JLN DATARAN SURIA PUNCAK ALAM - PERDAGANGAN Jeram Kuala Selangor Malaysia,3.2239,101.4281
JALAN IMPIAN 1 TMN IMPIAN (API-API) Pekan Asam Jawa Kuala Selangor Malaysia,3.4027,101.2508
JLN BESAR BATANG BERJUNTAI Pekan Batang Berjuntai Kuala Selangor Malaysia,3.3202,101.2608
JLN ANGGERIK 1 TMN SRI ANGGERIK Pekan Kampung Kuantan Kuala Selangor Malaysia,3.443,101.257
JLN HARMONI 1/4 TMN HARMONI Pekan Simpang Tiga Ijok Kuala Selangor Malaysia,3.269,101.266
JLN BESAR PEKAN TANJUNG KARANG Pekan Tanjung Karang Kuala Selangor Malaysia,3.4489,101.2393
JALAN BESAR PEKAN TANJUNG KARANG Pekan Tanjung Karang Kuala Selangor Malaysia,3.4245,101.1718
JALAN 1/10 PETALING JAYA SEK 1 & 1A Bandar Petaling Jaya Petaling Malaysia,3.0985,101.6434
JLN 1/3A PETALING JAYA SEK 1 & 1A Bandar Petaling Jaya Petaling Malaysia,3.107,101.647
JLN 1/18 PETALING JAYA SEK 1 & 1A Bandar Petaling Jaya Petaling Malaysia,3.1098,101.6369
JALAN 5/13 PETALING JAYA SEKSYEN 5 Bandar Petaling Jaya Petaling Malaysia,3.0985,101.6333
JALAN CHANTEK 5/13 PETALING JAYA SEKSYEN 5 Bandar Petaling Jaya Petaling Malaysia,3.0949,101.6294
JLN CHANTEK 5/13 PETALING JAYA SEKSYEN 5 Bandar Petaling Jaya Petaling Malaysia,3.1046,101.6338
JLN PATIN 8/7 PETALING JAYA SEKSYEN 8 Bandar Petaling Jaya Petaling Malaysia,3.0868,101.6527
JLN BUKIT 11/2 PETALING JAYA SEKSYEN 11 Bandar Petaling Jaya Petaling Malaysia,3.0935,101.6503
JLN BUKIT (11/2) PETALING JAYA SEKSYEN 11 Bandar Petaling Jaya Petaling Malaysia,3.112,101.629
JLN 14/48 PETALING JAYA SEKSYEN 14 Bandar Petaling Jaya Petaling Malaysia,3.1199,101.6342
JLN SS 23/11 SS 23 TAMAN SEA Bandar Petaling Jaya Petaling Malaysia,3.1049,101.625
JLN TIOMAN TIGA 17/58C SEK. 17 SHAH ALAM Bandar Shah Alam Petaling Malaysia,3.0649,101.5189
JLN PLUMBUM A 7/98A SEKSYEN 7 - SHAH ALAM Bandar Shah Alam Petaling Malaysia,3.0735,101.5184
JALAN PJU 1A/42 ARA PERMATA BUSINESS CENTRE Bdr Damansara Petaling Malaysia,3.1625,101.611
JLN NOVELIS U1/86A(LAMAN GLENMARIE 2) GLENMARIE ESTATE Bdr Glenmarie Petaling Malaysia,3.0927,101.5924
LAMAN GLENMARIE 2 GLENMARIE ESTATE Bdr Glenmarie Petaling Malaysia,3.093,101.565
JLN 7 (TAPAK MAHA) TAMAN DATO HARON Bdr Petaling Jaya Selatan Petaling Malaysia,3.0906,101.6397
JALAN PJS 7/16B BDR SUNWAY PJS 7 Bdr Sunway Petaling Malaysia,3.0704,101.6088
JLN PJS 6/2B Kampung LINDUNGAN PJS 6 Bdr Sunway Petaling Malaysia,3.0739,101.6078
KG LINDUNGAN Kampung LINDUNGAN PJS 6 Bdr Sunway Petaling Malaysia,3.0688,101.6081
JALAN PJS 10/11A PJS 10 Bdr Sunway Petaling Malaysia,3.0699,101.6064
JALAN LIMAU MANIS @ PJS 10/9 TAMAN DATO HORMAT Bdr Sunway Petaling Malaysia,3.0697,101.6049
JLN SERAI WANGI J 16/J ALAM AVENUE-SEK.16 SHAH ALAM Bukit Raja Petaling Malaysia,3.0373,101.4928
JLN AG U13/AG BDR SETIA ALAM Bukit Raja Petaling Malaysia,3.109,101.454
JLN BQ U13/BQ BDR SETIA ALAM Bukit Raja Petaling Malaysia,3.1225,101.4523
JLN SETIA PERMAI BQ U13/BQ BDR SETIA ALAM Bukit Raja Petaling Malaysia,3.083,101.442
JLN SETIA PERMAI BS U13/BS BDR SETIA ALAM Bukit Raja Petaling Malaysia,3.097,101.431
JALAN SETIA PERMAI BS U13/BS BDR SETIA ALAM Bukit Raja Petaling Malaysia,3.0833,101.45
JLN AF U13/AF BDR SETIA ALAM Bukit Raja Petaling Malaysia,3.0624,101.4589
JLN BS U13/BS BDR SETIA ALAM Bukit Raja Petaling Malaysia,3.101,101.465
JLN SETIA MURNI AF U13/16D BDR SETIA ALAM Bukit Raja Petaling Malaysia,3.094,101.43
JLN SETIA MURNI  AF U13/AF BDR SETIA ALAM Bukit Raja Petaling Malaysia,3.0969,101.4688
JLN SETIA MURNI AF U13/AF BDR SETIA ALAM Bukit Raja Petaling Malaysia,3.1258,101.4586
JLN SETIA MURNI  AG U13/AG BDR SETIA ALAM Bukit Raja Petaling Malaysia,3.0868,101.4772
JLN SETIA MURNI AG U13/AG BDR SETIA ALAM Bukit Raja Petaling Malaysia,3.098,101.454
JALAN PJU 1A/42A (ARA PERMATA) ARA DAMANSARA Damansara Petaling Malaysia,3.1186,101.5809
JLN PJU 1A/42 ARA DAMANSARA Damansara Petaling Malaysia,3.1126,101.6058
JLN PJU 1A/42(ARA PERMATA) ARA DAMANSARA Damansara Petaling Malaysia,3.1125,101.586
JLN PJU 1A/42A ARA DAMANSARA Damansara Petaling Malaysia,3.1175,101.588
JLN PJU 1A/42A (ARA PERMATA) ARA DAMANSARA Damansara Petaling Malaysia,3.1159,101.5947
JLN PJU 1A/42B ARA DAMANSARA Damansara Petaling Malaysia,3.1329,101.5845
JLN PJU 1A/42B (ARA PERMATA) ARA DAMANSARA Damansara Petaling Malaysia,3.1179,101.5897
JALAN PJU 1A/42A (ARA PERMATA) ARA PERMATA BUSINESS CENTRE Damansara Petaling Malaysia,3.1549,101.6097
JLN PJU 1A/42 (ARA PERMATA) ARA PERMATA BUSINESS CENTRE Damansara Petaling Malaysia,3.1216,101.6266
JLN PJU 1A/42A ARA PERMATA BUSINESS CENTRE Damansara Petaling Malaysia,3.1557,101.6307
JALAN PJU 1A/42 ARA PERMATA BUSINESS CENTRE Damansara Petaling Malaysia,3.1445,101.6138
JALAN PJU 1A/42 (ARA PERMATA) ARA PERMATA BUSINESS CENTRE Damansara Petaling Malaysia,3.1519,101.6158
JLN PJU 1A/42 ARA PERMATA BUSINESS CENTRE Damansara Petaling Malaysia,3.1629,101.6129
JLN PJU 1A/42( ARA PERMATA) ARA PERMATA BUSINESS CENTRE Damansara Petaling Malaysia,3.1546,101.6184
JLN PJU 1A/42(ARA PERMATA) ARA PERMATA BUSINESS CENTRE Damansara Petaling Malaysia,3.1459,101.6339
PJU 1A/42 (ARA PERMATA) ARA PERMATA BUSINESS CENTRE Damansara Petaling Malaysia,3.1456,101.6259
"JALAN G U8/G BUKIT JELUTONG, SHAH ALAM Damansara Petaling Malaysia",3.1259,101.5368
"JLN G U8/G BUKIT JELUTONG, SHAH ALAM Damansara Petaling Malaysia",3.1069,101.5517
JALAN PUTRA MAHKOTA 7/9B PUTERA HEIGHTS Damansara Petaling Malaysia,3.0417,101.5758
JLN PUTERA BISTARI 2/1P PUTERA HEIGHTS Damansara Petaling Malaysia,3.1339,101.6325
JLN PUTRA BAHAGIA 8/3A PUTERA HEIGHTS Damansara Petaling Malaysia,3.1186,101.6261
JLN PUTRA BISTARI 2/3C PUTERA HEIGHTS Damansara Petaling Malaysia,3.1436,101.6105
JLN PUTRA MAHKOTA 7/9A PUTERA HEIGHTS Damansara Petaling Malaysia,3.0599,101.5938
JLN PUTRA MAHKOTA 7/9B PUTERA HEIGHTS Damansara Petaling Malaysia,3.0069,101.6623
JLN PUTRA MAHKOTA 7/9C PUTERA HEIGHTS Damansara Petaling Malaysia,3.0169,101.5839
PUTRA BISTARI 2/3C PUTERA HEIGHTS Damansara Petaling Malaysia,3.1155,101.5908
JLN USJ 3C/3 USJ 3 Damansara Petaling Malaysia,3.0639,101.5901
JLN USJ 20/8C USJ 20 Damansara Petaling Malaysia,3.0462,101.5856
JLN 1D/5 BDR BARU SG. BULOH Pekan Baru Sg Buluh Petaling Malaysia,3.207,101.574
JLN 3/2 BDR BARU SG. BULOH Pekan Baru Sg Buluh Petaling Malaysia,3.2064,101.5809
JLN CECAWI 6/30 SEKSYEN 6 KOTA DAMANSARA Pekan Baru Sg Buluh Petaling Malaysia,3.167,101.603
JLN METRO 1/1 (LAKESIDE BOULEVARD 2) BDR BUKIT PUCHONG Pekan Desa Puchong Petaling Malaysia,3.0227,101.6124
JLN METRO 1/1 (LAKESIDE BOULEVARD) BDR BUKIT PUCHONG Pekan Desa Puchong Petaling Malaysia,3.011,101.615
JLN METRO 1/1(LAKESIDE BOULEVARD 2 BDR BUKIT PUCHONG Pekan Desa Puchong Petaling Malaysia,2.989,101.588
JLN METRO 1/1(LAKESIDE BOULEVARD 2) BDR BUKIT PUCHONG Pekan Desa Puchong Petaling Malaysia,2.9949,101.6304
JLN METRO 1/1 BDR BUKIT PUCHONG Pekan Desa Puchong Petaling Malaysia,3.0475,101.6095
JLN BANDAR 13 PUSAT BDR PUCHONG Pekan Desa Puchong Petaling Malaysia,3.0149,101.6203
JLN BDR 13 PUSAT BDR PUCHONG Pekan Desa Puchong Petaling Malaysia,3.0317,101.6128
JLN WAWASAN 2/22 PUSAT BDR PUCHONG Pekan Kinrara Petaling Malaysia,2.9924,101.6338
JLN WAWASAN 5/1 PUSAT BDR PUCHONG Pekan Kinrara Petaling Malaysia,3.0339,101.6264
JLN WAWASAN 5/2 PUSAT BDR PUCHONG Pekan Kinrara Petaling Malaysia,3.0217,101.6158
JLN USJ 1/6 TAMAN SUBANG MEWAH Pekan Penaga Petaling Malaysia,3.079,101.589
JLN USJ 1/6A TAMAN SUBANG MEWAH Pekan Penaga Petaling Malaysia,3.0829,101.5427
JALAN USJ 1/6A TAMAN SUBANG MEWAH Pekan Penaga Petaling Malaysia,3.0716,101.5894
JALAN USJ 1/6C TAMAN SUBANG MEWAH Pekan Penaga Petaling Malaysia,3.0636,101.5789
JLN USJ 1/4B TAMAN SUBANG MEWAH Pekan Penaga Petaling Malaysia,3.0523,101.5979
JLN USJ 1/6(MEWAH 5/1) TAMAN SUBANG MEWAH Pekan Penaga Petaling Malaysia,3.0709,101.5388
JLN USJ 1/6B TAMAN SUBANG MEWAH Pekan Penaga Petaling Malaysia,3.086,101.586
JLN USJ 1/6C TAMAN SUBANG MEWAH Pekan Penaga Petaling Malaysia,3.061,101.585
JALAN USJ 1/6C USJ 1 Pekan Penaga Petaling Malaysia,3.0609,101.586
JLN TK 5/1 TMN MAWAR Pekan Puchong Jaya Petaling Malaysia,3.0439,101.6167
JLN PU 9/1 BDR PUCHONG UTAMA Pekan Puchong Perdana Petaling Malaysia,3.0305,101.6168
JALAN INDAH 2/1 TMN PUCHONG INDAH Pekan Puchong Perdana Petaling Malaysia,3.003,101.622
JLN INDAH 3/1 TMN PUCHONG INDAH Pekan Puchong Perdana Petaling Malaysia,3.0485,101.6385
JLN PRIMA 5/6 TMN PUCHONG PRIMA Pekan Puchong Perdana Petaling Malaysia,3.0249,101.6176
JLN BESAR KG BARU SRI KEMBANGAN Pekan Serdang Petaling Malaysia,3.0445,101.7175
JLN SK 10/3 KG BARU SRI KEMBANGAN Pekan Serdang Petaling Malaysia,3.0127,101.7094
JLN PSK 10 PUSAT PERD. SRI KEMBANGAN Pekan Serdang Petaling Malaysia,3.0267,101.706
JLN PSK 9 PUSAT PERD. SRI KEMBANGAN Pekan Serdang Petaling Malaysia,3.0259,101.7186
JALAN USJ 1/4G TAMAN SUBANG MEWAH Pekan Subang Jaya Petaling Malaysia,3.0609,101.5864
JLN USJ 2/2C USJ 2 Pekan Subang Jaya Petaling Malaysia,3.0586,101.5882
JLN USJ 8/2B USJ 8 Pekan Subang Jaya Petaling Malaysia,3.068,101.588
JLN USJ16/2F USJ 16 Pekan Subang Jaya Petaling Malaysia,3.0612,101.5828
JLN USJ 17/2 USJ 17 Pekan Subang Jaya Petaling Malaysia,3.0615,101.586
JLN USJ 18/9 USJ 18 Pekan Subang Jaya Petaling Malaysia,3.0742,101.5878
JLN PUTERI 5/3 BANDAR PUTERI Petaling Petaling Malaysia,3.001,101.606
JLN PUTERI 5/6 BANDAR PUTERI Petaling Petaling Malaysia,3.0485,101.4578
JLN PUTERI 5/12 BANDAR PUTERI Petaling Petaling Malaysia,3.033,101.646
JLN PUTERI 7/11 BANDAR PUTERI Petaling Petaling Malaysia,3.0017,101.6116
JLN PUTERI 5/8 BANDAR PUTERI Petaling Petaling Malaysia,3.0212,101.4389
JLN PUTERI 5/10 BANDAR PUTERI Petaling Petaling Malaysia,3.0397,101.6855
JLN PUTERI 5/16 BANDAR PUTERI Petaling Petaling Malaysia,3.0026,101.5078
JLN PUTERI 5/18 BANDAR PUTERI Petaling Petaling Malaysia,3.0054,101.4572
JLN PUTERI 7/7 BANDAR PUTERI Petaling Petaling Malaysia,3.0139,101.6169
JLN PUTERI 7/8 BANDAR PUTERI Petaling Petaling Malaysia,3.0073,101.6276
JLN PUTERI 7/9 BANDAR PUTERI Petaling Petaling Malaysia,3.0366,101.6518
JLN PUTERI 7/10 BANDAR PUTERI Petaling Petaling Malaysia,3.0109,101.6146
BDR BUKIT PUCHONG BDR BUKIT PUCHONG Petaling Petaling Malaysia,3.0315,101.616
BP 6/2 BDR BUKIT PUCHONG Petaling Petaling Malaysia,3.0067,101.6204
JALAN BP 6/7 BDR BUKIT PUCHONG Petaling Petaling Malaysia,3.0109,101.5926
JLN BP 3/12 BDR BUKIT PUCHONG Petaling Petaling Malaysia,3.006,101.642
JLN BP 6/2 BDR BUKIT PUCHONG Petaling Petaling Malaysia,3.0027,101.6126
JLN BP 6/3 BDR BUKIT PUCHONG Petaling Petaling Malaysia,2.9833,101.6177
JLN BP 6/5 BDR BUKIT PUCHONG Petaling Petaling Malaysia,3.0278,101.6197
JLN BP 6/7 BDR BUKIT PUCHONG Petaling Petaling Malaysia,3.031,101.639
JLN BP 6/8 BDR BUKIT PUCHONG Petaling Petaling Malaysia,3.0006,101.5998
JLN BP 6/9 BDR BUKIT PUCHONG Petaling Petaling Malaysia,3.0198,101.6295
JLN BP 6/10 BDR BUKIT PUCHONG Petaling Petaling Malaysia,3.0133,101.6076
JLN BPU 3 BDR PUCHONG UTAMA Petaling Petaling Malaysia,3.011,101.62
JLN BPU 4 BDR PUCHONG UTAMA Petaling Petaling Malaysia,3.0088,101.6117
"JLN BESAR @ JLN PUCHONG KG BATU 14, PUCHONG Petaling Petaling Malaysia",3.0298,101.6169
JLN BPU 3 PUSAT BDR PUCHONG Petaling Petaling Malaysia,3.0205,101.6156
JLN KEKWA 2 TAMAN PUCHONG PERDANA Petaling Petaling Malaysia,3.0347,101.6208
JLN BPP 5/7 TAMAN PUTRA PERMAI Petaling Petaling Malaysia,3.1288,101.6356
JLN BPP 8/2 TAMAN PUTRA PERMAI Petaling Petaling Malaysia,3.0833,101.65
JLN BPP 5/6 TAMAN PUTRA PERMAI Petaling Petaling Malaysia,3.1215,101.6792
JLN BPP 8/2 (PERMAI PLACE SHOPS) TAMAN PUTRA PERMAI Petaling Petaling Malaysia,3.129,101.633
JLN BPP 8/3 TAMAN PUTRA PERMAI Petaling Petaling Malaysia,3.0833,101.6667
JLN TBK 1/6 TMN BUKIT KINRARA Petaling Petaling Malaysia,3.0225,101.663
JLN DU 2/1 TMN DAMAI UTAMA Petaling Petaling Malaysia,3.0715,101.6517
JLN DU 2/2 TMN DAMAI UTAMA Petaling Petaling Malaysia,3.0718,101.6185
JLN TK 5/40 TMN MAWAR Petaling Petaling Malaysia,3.102,101.615
JLN INDAH  2/4 TMN PUCHONG INDAH Petaling Petaling Malaysia,2.9948,101.6154
JLN INDAH 2/4 TMN PUCHONG INDAH Petaling Petaling Malaysia,3.029,101.609
JLN PJU 10/1A DAMANSARA DAMAI Sungai Buluh Petaling Malaysia,3.2067,101.5956
JLN METEOR U16/P ELMINA EAST Sungai Buluh Petaling Malaysia,3.2046,101.6167
JLN PJU 7/16B MUTIARA DAMANSARA Sungai Buluh Petaling Malaysia,3.1526,101.6179
PJU 7/16B MUTIARA DAMANSARA Sungai Buluh Petaling Malaysia,3.1566,101.6117
JALAN 1A SUBANG PERDANA Sungai Buluh Petaling Malaysia,3.1379,101.5531
JALAN SP 2/3 SUBANG PERDANA Sungai Buluh Petaling Malaysia,3.1886,101.5597
JALAN SP 2/4 SUBANG PERDANA Sungai Buluh Petaling Malaysia,3.115,101.6
JLN SP 2/3 SUBANG PERDANA Sungai Buluh Petaling Malaysia,3.1472,101.5863
JLN NOVA Q U5/Q TAMAN SUBANG BESTARI Sungai Buluh Petaling Malaysia,3.1833,101.6167
JALAN PANCHANG BEDENA TMN CAHAYA Pancang Bedena Sabak Bernam Malaysia,3.6667,101.1333
JLN HJ SAID 1 TMN SG. SEMBILANG (P/L 1200) Pekan Pasir Panjang Sabak Bernam Malaysia,3.7833,100.9833
JALAN BAHAGIA PEKAN SEKINCHAN Pekan Sekinchan Sabak Bernam Malaysia,3.4806,101.1258
JLN BAHAGIA PEKAN SEKINCHAN Pekan Sekinchan Sabak Bernam Malaysia,3.5203,101.0956
JALAN DORANI PERDANA 5 TMN DORANI PERDANA Pekan Sg Hj Dorani Sabak Bernam Malaysia,3.642,101.138
JLN TEBUK HJ YUSUF PEKAN SUNGAI BESAR Pekan Sungai Besar Sabak Bernam Malaysia,3.6594,101.0986
JALAN BESAR/JLN SALAK TINGGI-SEPANG BDR SEPANG Bandar Sepang Sepang Malaysia,2.7608,101.7358
JALAN 1 COSMOPLEX (BB SALAK TINGGI) Baru Baru Salak Tinggi Sepang Malaysia,2.8185,101.7026
JALAN 2 COSMOPLEX (BB SALAK TINGGI) Baru Baru Salak Tinggi Sepang Malaysia,2.8066,101.706
JLN 2 ST SQUARE COSMOPLEX (BB SALAK TINGGI) Baru Baru Salak Tinggi Sepang Malaysia,2.7969,101.7078
JLN 7 ST SQUARE COSMOPLEX (BB SALAK TINGGI) Baru Baru Salak Tinggi Sepang Malaysia,2.8333,101.7167
JLN DAHLIA 2/4 TMN DAHLIA Baru Baru Salak Tinggi Sepang Malaysia,2.8227,101.6874
JLN DAHLIA 6/2 TMN DAHLIA Baru Baru Salak Tinggi Sepang Malaysia,2.8308,101.6932
JALAN 1A/3 CYBER VALLEY COMMERCIAL CENTRE Dengkil Sepang Malaysia,2.849,101.67
JALAN PINGGIRAN PUTRA 3/5 DESA PINGGIRAN PUTRA Dengkil Sepang Malaysia,2.8885,101.6925
JLN 4A/14 DESA PINGGIRAN PUTRA Dengkil Sepang Malaysia,2.8716,101.6924
JLN PP 4A/14 DESA PINGGIRAN PUTRA Dengkil Sepang Malaysia,2.8749,101.6778
JLNPP 3/5 DESA PINGGIRAN PUTRA Dengkil Sepang Malaysia,2.8903,101.6467
JLNPP 3/6 DESA PINGGIRAN PUTRA Dengkil Sepang Malaysia,2.872,101.674
JLN WARISAN MEGAH 1/5 KOTA  WARISAN Dengkil Sepang Malaysia,2.8275,101.674
JLN SUSUR TMN DENGKIL BARU (TMN MESRA) Dengkil Sepang Malaysia,2.8295,101.6762
JALAN SENTOSA TMN DESA SENTOSA Dengkil Sepang Malaysia,2.8975,101.652
JLN PUTRA PERDANA 1/5 TMN PUTRA PERDANA Dengkil Sepang Malaysia,2.9231,101.6568
JLN PUTRA PERDANA 1/2 TMN PUTRA PERDANA Dengkil Sepang Malaysia,2.9225,101.6573
JLN 1 TMN DENGKIL Pekan Dengkil Sepang Malaysia,2.875,101.658
"JALAN BESAR RUMAH MURAH PKNS, BATU ARANG Bandar Batu Arang Gombak Malaysia",3.3167,101.4875
JALAN  AU 5C/14 LEMBAH KERAMAT (AU5C & AU5D) Bandar Hulu Kelang Gombak Malaysia,3.2007,101.7489
JALAN AU5C/14 LEMBAH KERAMAT (AU5C & AU5D) Bandar Hulu Kelang Gombak Malaysia,3.1758,101.7533
JALAN SU 1E TAMAN SERING UKAY Bandar Hulu Kelang Gombak Malaysia,3.2019,101.7608
JALAN WANGSA 2 WANGSA UKAY (BUKIT ANTARABANGSA) Bandar Hulu Kelang Gombak Malaysia,3.2277,101.7606
JALAN DESA 2/7 DESA AMAN PURI Bandar Kepong Gombak Malaysia,3.2152,101.6358
JLN DAYA 11 TAMAN DAYA Bandar Kepong Gombak Malaysia,3.219,101.663
JALAN 1 TAMAN DESA JAYA Bandar Kepong Gombak Malaysia,3.2079,101.6262
JALAN 12 TAMAN DESA JAYA Bandar Kepong Gombak Malaysia,3.1992,101.6537
JALAN 13 TAMAN DESA JAYA Bandar Kepong Gombak Malaysia,3.191,101.668
JALAN 14 TAMAN DESA JAYA Bandar Kepong Gombak Malaysia,3.2088,101.6584
JALAN 16 TAMAN DESA JAYA Bandar Kepong Gombak Malaysia,3.1933,101.6547
JALAN 17 TAMAN DESA JAYA Bandar Kepong Gombak Malaysia,3.207,101.649
JLN 14 TAMAN DESA JAYA Bandar Kepong Gombak Malaysia,3.2048,101.6602
JLN 17 TAMAN DESA JAYA Bandar Kepong Gombak Malaysia,3.2106,101.6538
JALAN E 3/6 TAMAN EHSAN Bandar Kepong Gombak Malaysia,3.2345,101.625
JALAN E 3/10 TAMAN EHSAN Bandar Kepong Gombak Malaysia,3.2205,101.6383
JALAN E3/9 TAMAN EHSAN Bandar Kepong Gombak Malaysia,3.2086,101.6412
JALAN E3/10 TAMAN EHSAN Bandar Kepong Gombak Malaysia,3.2125,101.6475
PERHENTIAN BAS TAMAN EHSAN Bandar Kepong Gombak Malaysia,3.2309,101.6539
JALAN STESEN BANDAR KUANG Bandar Kuang Gombak Malaysia,3.2526,101.6316
JALAN BBK 2/1 BANDAR BARU KUNDANG Bandar Kundang Gombak Malaysia,3.2806,101.5669
JALAN BBK 2/2 BANDAR BARU KUNDANG Bandar Kundang Gombak Malaysia,3.2035,101.5514
JALAN BBK 2/3 BANDAR BARU KUNDANG Bandar Kundang Gombak Malaysia,3.2303,101.5897
JALAN BBK 2/4 BANDAR BARU KUNDANG Bandar Kundang Gombak Malaysia,3.245,101.559
JALAN BBK 2/6 BANDAR BARU KUNDANG Bandar Kundang Gombak Malaysia,3.2569,101.5513
JALAN BBK 2/7 BANDAR BARU KUNDANG Bandar Kundang Gombak Malaysia,3.262,101.611
JALAN KJ 1A/6 KUNDANG JAYA Bandar Kundang Gombak Malaysia,3.346,101.602
JALAN MR 1/2 M AVENUE Bandar Kundang Gombak Malaysia,3.2778,101.6333
JALAN MR 1/3 M AVENUE Bandar Kundang Gombak Malaysia,3.2717,101.554
JALAN MR 1/5 M AVENUE Bandar Kundang Gombak Malaysia,3.2091,101.5017
JALAN MR 1/6 M AVENUE Bandar Kundang Gombak Malaysia,3.2807,101.5384
JALAN MR 1/7 M AVENUE Bandar Kundang Gombak Malaysia,3.2348,101.5626
JALAN MR 1/6 M-RESIDENSI Bandar Kundang Gombak Malaysia,3.2529,101.5939
JALAN PRIMA VELOX PRIMA AVENUE COMMERCE@RAWANG Bandar Kundang Gombak Malaysia,3.322,101.566
JALAN BATU ARANG (OFF JLN VELOX) PRIMA AVENUE COMMERCE@RAWANG Bandar Kundang Gombak Malaysia,3.3235,101.5777
OFF JALAN BATU ARANG (OFF TMN VELOX) PRIMA AVENUE COMMERCE@RAWANG Bandar Kundang Gombak Malaysia,3.3069,101.5586
JALAN BAYU PERMAI 5 TAMAN BAYU PERMAI Bandar Kundang Gombak Malaysia,3.272,101.62
JALAN VELOX 4 TAMAN VELOX RAWANG Bandar Kundang Gombak Malaysia,3.319,101.559
JALAN BANDAR RAWANG 2 BANDAR BARU RAWANG Bandar Rawang Gombak Malaysia,3.3219,101.5664
JALAN BANDAR RAWANG 3 BANDAR BARU RAWANG Bandar Rawang Gombak Malaysia,3.3149,101.5776
JALAN BANDAR RAWANG 15 BANDAR BARU RAWANG Bandar Rawang Gombak Malaysia,3.3217,101.5747
JALAN KE 14/1 EMERALD RAWANG 12 POINTS SHOP Bandar Rawang Gombak Malaysia,3.3216,101.5768
JALAN IPOH KG DATO LEE KIM SAI Bandar Rawang Gombak Malaysia,3.3189,101.5766
JALAN TUN TEJA 1 MATANG PAGAR Bandar Rawang Gombak Malaysia,3.3189,101.5815
JALAN MAXWELL PEKAN RAWANG Bandar Rawang Gombak Malaysia,3.3219,101.5815
JALAN WELMAN PEKAN RAWANG Bandar Rawang Gombak Malaysia,3.322,101.575
JLN WELMAN PEKAN RAWANG Bandar Rawang Gombak Malaysia,3.332,101.579
JALAN 1 PEKAN SUNGAI CHOH Bandar Rawang Gombak Malaysia,3.325,101.578
JALAN R 2/3 RAWANG INTERGRATED INDUSTRIAL PARK Bandar Rawang Gombak Malaysia,3.325,101.55
JALAN R2/3 RAWANG INTERGRATED INDUSTRIAL PARK Bandar Rawang Gombak Malaysia,3.3207,101.5908
JALAN BERSATU 8 TAMAN BERSATU Bandar Rawang Gombak Malaysia,3.3172,101.5724
JALAN BERSATU 12 TAMAN BERSATU Bandar Rawang Gombak Malaysia,3.3219,101.5773
JALAN 2 TAMAN BUKIT RAWANG JAYA Bandar Rawang Gombak Malaysia,3.315,101.574
JALAN 4/9B TAMAN BUKIT RAWANG JAYA Bandar Rawang Gombak Malaysia,3.345,101.582
JALAN 4/9C TAMAN BUKIT RAWANG JAYA Bandar Rawang Gombak Malaysia,3.3275,101.5725
JALAN BRP 1 TAMAN BUKIT RAWANG PUTRA Bandar Rawang Gombak Malaysia,3.3202,101.5796
JALAN BRP 4 TAMAN BUKIT RAWANG PUTRA Bandar Rawang Gombak Malaysia,3.3221,101.5786
JALAN BUKIT RAWANG PUTRA 6 TAMAN BUKIT RAWANG PUTRA Bandar Rawang Gombak Malaysia,3.318,101.577
JALAN GP UTAMA TAMAN GARING PERMAI Bandar Rawang Gombak Malaysia,3.3485,101.5797
JALAN GU 2/4 TAMAN GARING UTAMA Bandar Rawang Gombak Malaysia,3.3558,101.5944
LORONG 1 TAMAN HIJAU / GREEN PARK Bandar Rawang Gombak Malaysia,3.315,101.552
JALAN  MAWAR 1 TAMAN MAWAR Bandar Rawang Gombak Malaysia,3.3205,101.5768
JALAN MAWAR 1 TAMAN MAWAR Bandar Rawang Gombak Malaysia,3.3228,101.5767
JALAN RAWANG MUTIARA TAMAN RAWANG MUTIARA Bandar Rawang Gombak Malaysia,3.321,101.578
JALAN RAWANG MUTIARA 2 TAMAN RAWANG MUTIARA Bandar Rawang Gombak Malaysia,3.3169,101.5729
JALAN RAWANG MUTIARA 3 TAMAN RAWANG MUTIARA Bandar Rawang Gombak Malaysia,3.3205,101.5792
JALAN RP 13/2 TAMAN RAWANG PERDANA Bandar Rawang Gombak Malaysia,3.318,101.574
JALAN 3/5 BANDAR BARU SELAYANG Bandar Selayang Gombak Malaysia,3.228,101.645
JLN BCU 1 KAWASAN PERINDUSTRIAN BATU CAVES UTARA Bandar Selayang Gombak Malaysia,3.239,101.686
JALAN PPS 2 PUSAT PERDAGANGAN SELASEH Bandar Selayang Gombak Malaysia,3.2405,101.6555
JALAN DESA MINANG TAMAN DESA MINANG Bandar Selayang Gombak Malaysia,3.239,101.652
JALAN JASA 5 TAMAN JASA Bandar Selayang Gombak Malaysia,3.2439,101.6535
JALAN SELASEH INDAH TAMAN SELASEH Bandar Selayang Gombak Malaysia,3.251,101.655
JALAN SELASEH 18 TAMAN SELASEH Bandar Selayang Gombak Malaysia,3.2355,101.6505
JALAN SG 8/7 TAMAN SRI GOMBAK Bandar Selayang Gombak Malaysia,3.2506,101.6848
JLN BRP 8/1D TAMAN BUKIT RAHMAN PUTRA Batu Gombak Malaysia,3.1974,101.5957
JALAN BRP 8/1C TAMAN BUKIT RAHMAN PUTRA Batu Gombak Malaysia,3.2147,101.5823
JALAN BRP 8/1D TAMAN BUKIT RAHMAN PUTRA Batu Gombak Malaysia,3.2608,101.6194
JALAN E 3/5A TAMAN EHSAN Batu Gombak Malaysia,3.194,101.648
JALAN E3/5 TAMAN EHSAN Batu Gombak Malaysia,3.165,101.645
JALAN E3/6 TAMAN EHSAN Batu Gombak Malaysia,3.1947,101.6804
JLN 3/7 TAMAN EHSAN TAMAN EHSAN Batu Gombak Malaysia,3.173,101.607
JALAN GOMBAK RIA TAMAN GOMBAK RIA / JAYA Batu Gombak Malaysia,3.2366,101.7165
JALAN LEN OMNIBUS TAMAN SELAYANG BARU Batu Gombak Malaysia,3.2436,101.6489
JALAN SG 1/1 TAMAN SRI GOMBAK Batu Gombak Malaysia,3.2447,101.7059
JALAN SG 3/1 TAMAN SRI GOMBAK Batu Gombak Malaysia,3.2319,101.6946
JALAN SG 3/10 TAMAN SRI GOMBAK Batu Gombak Malaysia,3.245,101.708
JALAN SG 3/12 TAMAN SRI GOMBAK Batu Gombak Malaysia,3.2417,101.7233
JALAN SG 9/25 TAMAN SRI GOMBAK Batu Gombak Malaysia,3.2452,101.6902
JALAN SG 10/4 TAMAN SRI GOMBAK Batu Gombak Malaysia,3.2346,101.6736
JLN SG 3/1 TAMAN SRI GOMBAK Batu Gombak Malaysia,3.2529,101.7066
JLN SG 3/10 TAMAN SRI GOMBAK Batu Gombak Malaysia,3.2397,101.7078
JLN SG1/1 TAMAN SRI GOMBAK Batu Gombak Malaysia,3.2396,101.7078
JALAN MELATI 18 TAMAN SRI MELATI Batu Gombak Malaysia,3.578,101.741
JALAN MELATI 21 TAMAN SRI MELATI Batu Gombak Malaysia,3.033,101.706
JALAN J9 TAMAN MELAWATI Hulu Klang Gombak Malaysia,3.2369,101.7633
JLN J9 TAMAN MELAWATI Hulu Klang Gombak Malaysia,3.2296,101.7544
JLN AU2A/17 TAMAN SERI KERAMAT (AU2A) Hulu Klang Gombak Malaysia,3.1529,101.7427
JALAN AKASIA ACACIA SPRINGS / SAUJANA AKASIA Pekan Kuang Gombak Malaysia,3.2935,101.6746
JALAN SP 20 TAMAN SRI PUTRA Pekan Kuang Gombak Malaysia,3.2855,101.6009
JALAN SP 21 TAMAN SRI PUTRA Pekan Kuang Gombak Malaysia,3.2656,101.6312
KUNDANG BUSINESS CENTRE KUNDANG BUSINESS CENTRE Pekan Pengkalan Kundang Gombak Malaysia,3.2205,101.7556
OFF KUNDANG BUSINESS CENTRE KUNDANG BUSINESS CENTRE Pekan Pengkalan Kundang Gombak Malaysia,3.2869,101.5515
JALAN MUTIARA KUNDANG 2 TAMAN MUTIARA KUNDANG Pekan Pengkalan Kundang Gombak Malaysia,3.2447,101.6108
JALAN Kampung BARU KUNDANG TAMAN MUTIARA KUNDANG Pekan Pengkalan Kundang Gombak Malaysia,3.248,101.635
KUNDANG BUSINESS CENTRE TAMAN MUTIARA KUNDANG Pekan Pengkalan Kundang Gombak Malaysia,3.267,101.544
JALAN DATARAN VILLA PUTRA 1 TAMAN VILLA PUTRA (SHOP OFFICE) Pekan Sungai Buloh Gombak Malaysia,3.195,101.617
JALAN DATARAN VILLA PUTRA 2 TAMAN VILLA PUTRA (SHOP OFFICE) Pekan Sungai Buloh Gombak Malaysia,3.217,101.595
JALAN TEMPLER SUASANA 8A TEMPLER SUASANA Pekan Templer Gombak Malaysia,3.2247,101.6523
JALAN 3/1 THE GROVE @ TEMPLER Pekan Templer Gombak Malaysia,3.2306,101.6555
JALAN BBK 1/5 BANDAR BARU KUNDANG Rawang Gombak Malaysia,3.3158,101.5398
JALAN 5/7A BANDAR TASIK PUTERI Rawang Gombak Malaysia,3.353,101.583
JALAN 5/7 BANDAR TASIK PUTERI Rawang Gombak Malaysia,3.3362,101.5466
"JALAN MELATI KUANG MASGENUINE SQUARE, KUANG Rawang Gombak Malaysia",3.3072,101.6196
JALAN WELMAN PEKAN RAWANG Rawang Gombak Malaysia,3.319,101.576
JALAN BJ 1 RAWANG GREATWAY INDUSTRIAL PARK Rawang Gombak Malaysia,3.3207,101.5781
JALAN 6 RUMAH MURAH PKNS BATU 16 RAWANG Rawang Gombak Malaysia,3.325,101.559
JALAN BERSATU 10 TAMAN BERSATU Rawang Gombak Malaysia,3.2869,101.5605
JAALN BERSATU 8 TAMAN BERSATU Rawang Gombak Malaysia,3.32,101.55
JALAN BRP 7/2 TAMAN BUKIT RAHMAN PUTRA Rawang Gombak Malaysia,3.2769,101.5628
JALAN 2/13 TAMAN BUKIT RAWANG JAYA Rawang Gombak Malaysia,3.318,101.585
JALAN INDAH TAMAN INDUSTRI RAWANG INDAH BT 17 Rawang Gombak Malaysia,3.3075,101.552
JALAN SR 4/1 TAMAN SAUJANA RAWANG Rawang Gombak Malaysia,3.3199,101.5899
JALAN SR 4/1D TAMAN SAUJANA RAWANG Rawang Gombak Malaysia,3.3347,101.5883
JALAN SR 4/1E TAMAN SAUJANA RAWANG Rawang Gombak Malaysia,3.3709,101.5568
JALAN SR 4/1F TAMAN SAUJANA RAWANG Rawang Gombak Malaysia,3.3256,101.5738
JALAN BANDAR 3 TAMAN MELAWATI Setapak Gombak Malaysia,3.2319,101.7393
JLN BANDAR 2 TAMAN MELAWATI Setapak Gombak Malaysia,3.2289,101.7593
JALAN BANDAR 1 TAMAN MELAWATI Setapak Gombak Malaysia,3.2306,101.7414
JALAN BANDAR 2 TAMAN MELAWATI Setapak Gombak Malaysia,3.2309,101.7491
JALAN E1 TAMAN MELAWATI Setapak Gombak Malaysia,3.2449,101.7426
JALAN H3 TAMAN MELAWATI Setapak Gombak Malaysia,3.2361,101.7389
JLN BANDAR 1 TAMAN MELAWATI Setapak Gombak Malaysia,3.2369,101.7404
JLN E1 TAMAN MELAWATI Setapak Gombak Malaysia,3.245,101.757
JLN H3 TAMAN MELAWATI Setapak Gombak Malaysia,3.2285,101.7605
JALAN LINTANG 1 TAMAN SRI GOMBAK Setapak Gombak Malaysia,3.2243,101.7181
SG 4/8 TAMAN SRI GOMBAK Setapak Gombak Malaysia,3.2159,101.7126
JALAN MERDEKA PEKAN AMPANG Ampang Hulu Langat Malaysia,3.1434,101.7608
JLN 13B TMN AMPANG Ampang Hulu Langat Malaysia,3.1403,101.7611
JLN MUTIARA 1 TMN BKT Ampang Ampang Hulu Langat Malaysia,3.1356,101.7669
MEDAN BKT PERMAI 3 TMN BKT PERMAI Ampang Hulu Langat Malaysia,3.1345,101.7627
JALAN DAGANG 8 TMN DAGANG JAYA Ampang Hulu Langat Malaysia,3.1469,101.7605
JLN DAGANG 8 TMN DAGANG JAYA Ampang Hulu Langat Malaysia,3.1504,101.7619
JLN BUNGA MELATI 2A (17885-GIS) TMN MAJU JAYA Ampang Hulu Langat Malaysia,3.155,101.767
LRG BUNGA MELATI 2A TMN MAJU JAYA Ampang Hulu Langat Malaysia,3.1408,101.7004
JALAN MELOR 45 TMN MELOR Ampang Hulu Langat Malaysia,3.1427,101.7657
JALAN MELOR 43 TMN MELOR Ampang Hulu Langat Malaysia,3.1344,101.7898
JALAN PANDAN 8/6 TMN PANDAN JAYA Ampang Hulu Langat Malaysia,3.1203,101.7481
JALAN 11 TMN PUTRA Ampang Hulu Langat Malaysia,3.1319,101.7511
JLN SERI INTAN 5 TMN SERI INTAN (Ampang) Ampang Hulu Langat Malaysia,3.1416,101.7631
JLN AWF 3 AMPANG WATERFRONT(JLN AMPANG) Bandar Ampang Hulu Langat Malaysia,3.1498,101.7388
JLN PANDAN PRIMA 2 DATARAN PANDAN PRIMA Bandar Ampang Hulu Langat Malaysia,3.1297,101.7507
JLN PERMAI E KG TASIK PERMAI Bandar Ampang Hulu Langat Malaysia,3.112,101.77
JLN PERMAI H KG TASIK PERMAI Bandar Ampang Hulu Langat Malaysia,3.101,101.762
JALAN MERDEKA RIA MERDEKA RIA INDUSTRIAL PARK Bandar Ampang Hulu Langat Malaysia,3.1086,101.7618
JALAN TERATAI 1/2 TMN BKT TERATAI Bandar Ampang Hulu Langat Malaysia,3.139,101.76
JALAN INDAH 1 TMN DAGANG Bandar Ampang Hulu Langat Malaysia,3.1449,101.7592
JALAN LJ 2 TMN INDUSTRI LEMBAH JAYA Bandar Ampang Hulu Langat Malaysia,3.1249,101.7897
JALAN U 2 TMN INDUSTRI LEMBAH JAYA Bandar Ampang Hulu Langat Malaysia,3.127,101.76
JLN MAWAR 15 TMN MASTIKA Bandar Ampang Hulu Langat Malaysia,3.139,101.762
JALAN PANDAN INDAH 4/3 TMN PANDAN INDAH Bandar Ampang Hulu Langat Malaysia,3.1265,101.7492
JLN PANDAN INDAH 4/6B TMN PANDAN INDAH Bandar Ampang Hulu Langat Malaysia,3.116,101.752
PANDAN INDAH 4/6A TMN PANDAN INDAH Bandar Ampang Hulu Langat Malaysia,3.127,101.742
JLN AVENUE 1 TMN PANDAN MESRA Bandar Ampang Hulu Langat Malaysia,3.1466,101.7619
JLN SAGA 20 TMN SAGA Bandar Ampang Hulu Langat Malaysia,3.0349,101.7622
JLN WAWASAN 3 TMN SERI MERDEKA Bandar Ampang Hulu Langat Malaysia,3.1223,101.7667
JLN WAWASAN 3/1 TMN SERI MERDEKA Bandar Ampang Hulu Langat Malaysia,3.1169,101.7538
JLN 3/69 SEK 3 BDR BARU BANGI Bandar Baru Bangi Hulu Langat Malaysia,3.0167,101.75
JALAN 3/69 SEK 3 BDR BARU BANGI Bandar Baru Bangi Hulu Langat Malaysia,3.0549,101.7367
JLN 3/7 SEK 3 BDR BARU BANGI Bandar Baru Bangi Hulu Langat Malaysia,2.9574,101.7542
JLN 4/11B SEK 4 BDR BARU BANGI Bandar Baru Bangi Hulu Langat Malaysia,3.0,101.785
JALAN 4/11B SEK 4 BDR BARU BANGI Bandar Baru Bangi Hulu Langat Malaysia,2.9699,101.7636
JLN 4/11A SEK 4 BDR BARU BANGI Bandar Baru Bangi Hulu Langat Malaysia,3.1066,101.7592
JLN 4/12A SEK 4 BDR BARU BANGI Bandar Baru Bangi Hulu Langat Malaysia,3.0419,101.7406
JLN 4/12G SEK 4 BDR BARU BANGI Bandar Baru Bangi Hulu Langat Malaysia,3.1526,101.6984
5C/11 SEK 5 BDR BARU BANGI Bandar Baru Bangi Hulu Langat Malaysia,2.9514,101.7641
JALAN 5C/11 SEK 5 BDR BARU BANGI Bandar Baru Bangi Hulu Langat Malaysia,2.9627,101.7686
JALAN 7/1C SEK 7 BDR BARU BANGI Bandar Baru Bangi Hulu Langat Malaysia,2.9588,101.7538
JALAN 7/7A SEK 7 BDR BARU BANGI Bandar Baru Bangi Hulu Langat Malaysia,3.0486,101.7561
JALAN 7/1B SEK 7 BDR BARU BANGI Bandar Baru Bangi Hulu Langat Malaysia,3.0647,101.7048
JLN 7/1B SEK 7 BDR BARU BANGI Bandar Baru Bangi Hulu Langat Malaysia,2.9647,101.7567
JLN 7/7B SEK 7 BDR BARU BANGI Bandar Baru Bangi Hulu Langat Malaysia,2.9546,101.7601
JLN 7/7C SEK 7 BDR BARU BANGI Bandar Baru Bangi Hulu Langat Malaysia,2.9608,101.7475
JLN 8/1 SEK 8 BDR BARU BANGI Bandar Baru Bangi Hulu Langat Malaysia,2.9612,101.7447
JALAN 8/1 SEK 8 BDR BARU BANGI Bandar Baru Bangi Hulu Langat Malaysia,3.0427,101.7563
JLN 9/2 SEK 9 BDR BARU BANGI Bandar Baru Bangi Hulu Langat Malaysia,2.9617,101.7383
JLN 6C/5 SEK 16 BDR BARU BANGI Bandar Baru Bangi Hulu Langat Malaysia,2.9647,101.7583
JLN 6C/7 SEK 16 BDR BARU BANGI Bandar Baru Bangi Hulu Langat Malaysia,2.94,101.75
JALAN KAJANG IMPIAN 2/1 TMN KAJANG IMPIAN Bandar Baru Bangi Hulu Langat Malaysia,3.0135,101.762
JALAN 8/35 TMN SRI BANGI Bandar Baru Bangi Hulu Langat Malaysia,2.9435,101.7768
"JALAN 8/35, SERI BANGI TMN SRI BANGI Bandar Baru Bangi Hulu Langat Malaysia",2.9659,101.7594
JLN 8/35 TMN SRI BANGI Bandar Baru Bangi Hulu Langat Malaysia,2.9483,101.7756
JLN 1/3 BDR TEKNOLOGI Bandar Batu 18 Semenyih Hulu Langat Malaysia,3.0239,101.8728
JLN 5/4 SEKSYEN 5 BDR TEKNOLOGI Bandar Batu 18 Semenyih Hulu Langat Malaysia,2.9332,101.8048
SEK. 5 BDR TEKNOLOGI Bandar Batu 18 Semenyih Hulu Langat Malaysia,3.0167,101.8667
JALAN SUADAMAI 1/2 BDR TUN HUSSEIN ONN Bandar Cheras Hulu Langat Malaysia,3.1175,101.7485
JLN DATARAN CHERAS 2 CHERAS TRADERS SQUARE Bandar Cheras Hulu Langat Malaysia,3.065,101.744
JLN DATARAN CHERAS 9 CHERAS TRADERS SQUARE Bandar Cheras Hulu Langat Malaysia,3.0746,101.7604
JLN DATARAN CHERAS 1 CHERAS TRADERS SQUARE Bandar Cheras Hulu Langat Malaysia,3.075,101.739
JLN DATARAN CHERAS 3 CHERAS TRADERS SQUARE Bandar Cheras Hulu Langat Malaysia,3.0806,101.7478
JLN DC 4 CHERAS TRADERS SQUARE Bandar Cheras Hulu Langat Malaysia,3.0587,101.7526
JLN DATARAN CHERAS 2 CHERAS TRADES SQUARE Bandar Cheras Hulu Langat Malaysia,3.0479,101.7408
JLN DATARAN CHERAS 3 CHERAS TRADES SQUARE Bandar Cheras Hulu Langat Malaysia,3.0816,101.7492
JLN DATARAN CHERAS 8 CHERAS TRADES SQUARE Bandar Cheras Hulu Langat Malaysia,3.0609,101.7583
JLN DC 9 CHERAS TRADES SQUARE Bandar Cheras Hulu Langat Malaysia,3.0888,101.7446
JALAN J- AVENUE JLN BALAKONG Bandar Cheras Hulu Langat Malaysia,3.056,101.749
JLN J- AVENUE JLN BALAKONG Bandar Cheras Hulu Langat Malaysia,3.0839,101.7474
JLN PCR 3 KAWASAN PERNIAGAAN CHERAS RAYA Bandar Cheras Hulu Langat Malaysia,3.0349,101.7717
JLN BALAKONG PEKAN BT 11 Bandar Cheras Hulu Langat Malaysia,3.0503,101.7516
JALAN 13/3-1 TMN CHERAS JAYA Bandar Cheras Hulu Langat Malaysia,3.059,101.767
JLN 13/3-1 TMN CHERAS JAYA Bandar Cheras Hulu Langat Malaysia,3.0969,101.7739
JLN 13/3-3 TMN CHERAS JAYA Bandar Cheras Hulu Langat Malaysia,3.0486,101.7738
JALAN 13/3-3 TMN CHERAS JAYA Bandar Cheras Hulu Langat Malaysia,3.0467,101.7597
LRG CP 4/36A TMN CHERAS PERDANA Bandar Cheras Hulu Langat Malaysia,3.073,101.762
LRG CP 4/38 TMN CHERAS PERDANA Bandar Cheras Hulu Langat Malaysia,3.0925,101.757
D3-30-1 TMN DUTAMAS COMMERCIAL SQUARE Bandar Cheras Hulu Langat Malaysia,3.0797,101.7349
JLN DUTAMAS 1 TMN DUTAMAS COMMERCIAL SQUARE Bandar Cheras Hulu Langat Malaysia,3.118,101.726
JLN DUTAMAS 2 TMN DUTAMAS COMMERCIAL SQUARE Bandar Cheras Hulu Langat Malaysia,3.1512,101.7205
JLN DUTAMAS 3 TMN DUTAMAS COMMERCIAL SQUARE Bandar Cheras Hulu Langat Malaysia,3.1227,101.7428
JLN DUTAMAS 4 TMN DUTAMAS COMMERCIAL SQUARE Bandar Cheras Hulu Langat Malaysia,3.115,101.714
JLN RAKAN 12 TMN RAKAN Bandar Cheras Hulu Langat Malaysia,3.0675,101.7819
JLN RAKAN 13 TMN RAKAN Bandar Cheras Hulu Langat Malaysia,3.078,101.765
JALAN BUKIT BDR KAJANG Bandar Kajang Hulu Langat Malaysia,3.0179,101.7899
JLN MENDALING BDR KAJANG Bandar Kajang Hulu Langat Malaysia,3.0432,101.7908
JALAN BESAR KG BARU SG CHUA Bandar Kajang Hulu Langat Malaysia,3.0133,101.7866
JALAN INDAH SG JELOK TAMAN INDAH (KAJANG) Bandar Kajang Hulu Langat Malaysia,3.0167,101.79
JALAN BKT MEWAH 41 TMN BKT MEWAH Bandar Kajang Hulu Langat Malaysia,3.0149,101.7965
JALAN BKT MEWAH 42 TMN BKT MEWAH Bandar Kajang Hulu Langat Malaysia,3.0089,101.7927
JLN BKT MEWAH 10A TMN BKT MEWAH Bandar Kajang Hulu Langat Malaysia,3.0105,101.7886
JLN BKT MEWAH 42 TMN BKT MEWAH Bandar Kajang Hulu Langat Malaysia,3.0219,101.7883
JLN BUNGA KANTAN 1 TMN BUNGA KANTAN Bandar Kajang Hulu Langat Malaysia,2.987,101.787
JALAN SG CHUA TMN DESA BUNGA RAYA Bandar Kajang Hulu Langat Malaysia,3.0283,101.7858
JLN SG CHUA TMN DESA BUNGA RAYA Bandar Kajang Hulu Langat Malaysia,2.9914,101.7877
JALAN JASMIN 5 TMN JASMIN Bandar Kajang Hulu Langat Malaysia,2.9938,101.7908
JLN 8 TMN KAJANG JAYA Bandar Kajang Hulu Langat Malaysia,3.0309,101.7906
JLN JATI PERAK TMN KAJANG JAYA Bandar Kajang Hulu Langat Malaysia,3.0139,101.7935
JLN KAJANG JAYA 7 TMN KAJANG JAYA Bandar Kajang Hulu Langat Malaysia,3.0145,101.793
JLN 2/11 TMN KAJANG UTAMA Bandar Kajang Hulu Langat Malaysia,3.0206,101.7956
JALAN SEKSYEN 2/10 TMN KAJANG UTAMA Bandar Kajang Hulu Langat Malaysia,2.987,101.789
JALAN SEKSYEN 2/11 TMN KAJANG UTAMA Bandar Kajang Hulu Langat Malaysia,3.0405,101.7848
JLN 2/14 TMN KAJANG UTAMA Bandar Kajang Hulu Langat Malaysia,3.0029,101.7978
JLN SEK 2/10 TMN KAJANG UTAMA Bandar Kajang Hulu Langat Malaysia,2.9845,101.7926
JLN SEK 2/11 TMN KAJANG UTAMA Bandar Kajang Hulu Langat Malaysia,3.0316,101.7885
JLN SEKSYEN 2/10 TMN KAJANG UTAMA Bandar Kajang Hulu Langat Malaysia,3.0389,101.7926
JLN SEKSYEN 2/16 TMN KAJANG UTAMA Bandar Kajang Hulu Langat Malaysia,3.0358,101.7882
JLN SEKSYEN 2/17 TMN KAJANG UTAMA Bandar Kajang Hulu Langat Malaysia,3.0115,101.7956
JLN SG CHUA TMN PINGGIRAN Bandar Kajang Hulu Langat Malaysia,2.9925,101.7905
PRIMA SAUJANA 1/1 A TMN PRIMA SAUJANA Bandar Kajang Hulu Langat Malaysia,2.9815,101.7885
JALAN PRIMA SAUJANA 1/1A TMN PRIMA SAUJANA Bandar Kajang Hulu Langat Malaysia,3.0207,101.7829
JALAN PRIMA SAUJANA 2/1A TMN PRIMA SAUJANA Bandar Kajang Hulu Langat Malaysia,3.024,101.794
JLN PRIMA SAUJANA 1/1A TMN PRIMA SAUJANA Bandar Kajang Hulu Langat Malaysia,2.9942,101.7857
JLN PRIMA SAUJANA 2/1A TMN PRIMA SAUJANA Bandar Kajang Hulu Langat Malaysia,2.9864,101.7887
JLN PRIMA SAUJANA 2/A TMN PRIMA SAUJANA Bandar Kajang Hulu Langat Malaysia,3.0089,101.7956
JLN SAGA EMAS 8A TMN SAGA EMAS Bandar Kajang Hulu Langat Malaysia,3.0399,101.7942
JLN TTDI GROVE 1/2 TMN TTDI GROVE KAJANG Bandar Kajang Hulu Langat Malaysia,2.961,101.795
JALAN KESUMA 3/2 BDR TASIK KESUMA Beranang Hulu Langat Malaysia,2.878,101.9
JLN KESUMA 3/11 BDR TASIK KESUMA Beranang Hulu Langat Malaysia,2.9847,101.8826
GALLERY 52 BDR TASIK KESUMA Beranang Hulu Langat Malaysia,2.8869,101.8744
JALAN KESUMA 3/13 BDR TASIK KESUMA Beranang Hulu Langat Malaysia,2.9077,101.8923
JLN KESUMA BDR TASIK KESUMA Beranang Hulu Langat Malaysia,2.9283,101.8937
JLN ECO FOREST 6/1B ECO FOREST Beranang Hulu Langat Malaysia,2.9066,101.8762
JLN ECO FOREST 6/1C ECO FOREST Beranang Hulu Langat Malaysia,2.8833,101.8667
JALAN ECO MAJESTIC 9/1A ECO MAJESTIC Beranang Hulu Langat Malaysia,2.9347,101.8796
JALAN ECO MAJESTIC 3A/2 ECO MAJESTIC Beranang Hulu Langat Malaysia,2.9236,101.8689
JALAN ECO MAJESTIC 9/1B ECO MAJESTIC Beranang Hulu Langat Malaysia,2.8665,101.8872
JALAN ECO MAJESTIC 9/1C ECO MAJESTIC Beranang Hulu Langat Malaysia,2.9949,101.8733
JALAN ECO MAJESTIC 10/1A ECO MAJESTIC Beranang Hulu Langat Malaysia,2.9535,101.8812
JLN ECO MAJESTIC 3A/2 ECO MAJESTIC Beranang Hulu Langat Malaysia,2.9436,101.8664
JLN ECO MAJESTIC  9/1A ECO MAJESTIC Beranang Hulu Langat Malaysia,2.9088,101.8725
JLN ECO MAJESTIC 9/1C ECO MAJESTIC Beranang Hulu Langat Malaysia,2.905,101.862
JLN ECO MAJESTIC 10 ECO MAJESTIC Beranang Hulu Langat Malaysia,2.9319,101.8712
JLN ECO MAJESTIC 10/1A ECO MAJESTIC Beranang Hulu Langat Malaysia,2.955,101.872
JLN ECO MAJESTIC 10/1B ECO MAJESTIC Beranang Hulu Langat Malaysia,2.909,101.87
JLN ECO MAJESTIC 10/1C ECO MAJESTIC Beranang Hulu Langat Malaysia,2.906,101.872
JLN ECO MAJESTIC 10/1D ECO MAJESTIC Beranang Hulu Langat Malaysia,2.878,101.878
JLN ECO MAJESTICV10/1B ECO MAJESTIC Beranang Hulu Langat Malaysia,2.906,101.869
JLN MAJESTIC ECO MAJESTIC Beranang Hulu Langat Malaysia,2.8595,101.8538
JLN PARKLANDS 1 SEMENYIH PARKLANDS Beranang Hulu Langat Malaysia,2.9249,101.8814
JLN ECOHILL 6/1 SETIA ECOHILL Beranang Hulu Langat Malaysia,2.9453,101.8726
JLN ECOHILL 6/1F SETIA ECOHILL Beranang Hulu Langat Malaysia,2.8969,101.8748
JALAN BM 2/1 TMN BKT MAHKOTA Beranang Hulu Langat Malaysia,2.9179,101.8467
JALAN BM  2/3 TMN BKT MAHKOTA Beranang Hulu Langat Malaysia,2.9417,101.8967
JALAN BM 2/3 TMN BKT MAHKOTA Beranang Hulu Langat Malaysia,2.888,101.866
JALAN BM 7/19 TMN BKT MAHKOTA Beranang Hulu Langat Malaysia,2.895,101.87
JALAN BM 7/20 TMN BKT MAHKOTA Beranang Hulu Langat Malaysia,2.928,101.845
JLN B/M 2/9 TMN BKT MAHKOTA Beranang Hulu Langat Malaysia,2.89,101.87
JLN BM 2/3 TMN BKT MAHKOTA Beranang Hulu Langat Malaysia,2.9047,101.8712
JLN BN 2/1 TMN BKT MAHKOTA Beranang Hulu Langat Malaysia,2.9806,101.8717
OFF JLN MUTIARA TMN BKT MAHKOTA Beranang Hulu Langat Malaysia,2.9077,101.8719
JALAN TPS 2/2 TMN PELANGI SEMENYIH 2 Beranang Hulu Langat Malaysia,3.0618,101.8624
JALAN TPS 2/1 TMN PELANGI SEMENYIH 2 Beranang Hulu Langat Malaysia,2.9465,101.8839
JALAN TPS 2/2A TMN PELANGI SEMENYIH 2 Beranang Hulu Langat Malaysia,2.886,101.893
JALAN TPS 2/2B TMN PELANGI SEMENYIH 2 Beranang Hulu Langat Malaysia,2.9247,101.8629
JLN TPS 2/1 TMN PELANGI SEMENYIH 2 Beranang Hulu Langat Malaysia,3.0285,101.9065
JLN TPS 2/2A TMN PELANGI SEMENYIH 2 Beranang Hulu Langat Malaysia,2.9267,101.8581
JLN TEMENGGUNG 13/9 BANDAR MAHKOTA CHERAS Cheras Hulu Langat Malaysia,3.0586,101.7679
JLN DAMAI PERDANA 1/9B BDR DAMAI PERDANA Cheras Hulu Langat Malaysia,3.0649,101.7556
JLN DP 6/1F BDR DAMAI PERDANA Cheras Hulu Langat Malaysia,3.0676,101.7658
D' SQUARE BDR DAMAI PERDANA Cheras Hulu Langat Malaysia,3.0889,101.7696
JALAN DAMAI PERDANA 6/1B BDR DAMAI PERDANA Cheras Hulu Langat Malaysia,3.066,101.757
JALAN DP 6/1A BDR DAMAI PERDANA Cheras Hulu Langat Malaysia,3.0445,101.7489
JALAN DP 6/1F BDR DAMAI PERDANA Cheras Hulu Langat Malaysia,3.0569,101.7676
JLN DAMAI PERDANA 1/9C BDR DAMAI PERDANA Cheras Hulu Langat Malaysia,3.0585,101.7658
JLN DAMAI PERDANA 1/9D BDR DAMAI PERDANA Cheras Hulu Langat Malaysia,3.064,101.77
JLN MAHKOTA  RESIDENCE 3 BDR MAHKOTA CHERAS Cheras Hulu Langat Malaysia,3.088,101.742
JALAN BENDAHARA 22/7 BDR MAHKOTA CHERAS Cheras Hulu Langat Malaysia,3.055,101.766
JALAN DAYANG 1/8 BDR MAHKOTA CHERAS Cheras Hulu Langat Malaysia,3.0798,101.7741
JALAN DAYANG 56/8 BDR MAHKOTA CHERAS Cheras Hulu Langat Malaysia,3.057,101.754
JALAN DAYANG 58/8 BDR MAHKOTA CHERAS Cheras Hulu Langat Malaysia,3.0819,101.7416
JALAN PAHLAWAN 4/3 BDR MAHKOTA CHERAS Cheras Hulu Langat Malaysia,3.056,101.76
JLN PAHLAWAN 4/3 BDR MAHKOTA CHERAS Cheras Hulu Langat Malaysia,3.0427,101.7543
JLN TEMENGGUNG 11/9 BDR MAHKOTA CHERAS Cheras Hulu Langat Malaysia,3.0317,101.7789
JLN TEMENGGUNG 13/9 BDR MAHKOTA CHERAS Cheras Hulu Langat Malaysia,3.0845,101.7678
JLN TEMENGGUNG 13/9 MAHKOTA WALK BDR MAHKOTA CHERAS Cheras Hulu Langat Malaysia,3.0657,101.7765
JLN DESA CAHAYA 11 DESA BUKIT CAHAYA Cheras Hulu Langat Malaysia,3.078,101.769
JLN DESA CAHAYA 12 DESA BUKIT CAHAYA Cheras Hulu Langat Malaysia,3.061,101.772
JLN CJ 3/13-1 TMN CHERAS JAYA Cheras Hulu Langat Malaysia,3.075,101.762
JLN CJ 3/13-2 TMN CHERAS JAYA Cheras Hulu Langat Malaysia,3.0767,101.7706
JLN CU 15/B TMN CHERAS UTAMA Cheras Hulu Langat Malaysia,3.086,101.751
JLN MEGAH TMN MEGAH Cheras Hulu Langat Malaysia,3.1128,101.7674
JLN PINGGIRAN MINANG 1 TMN MINANG CHERAS Cheras Hulu Langat Malaysia,3.0638,101.7568
JLN SERI AMAN TMN PANDAN CAHAYA Cheras Hulu Langat Malaysia,3.0705,101.7496
JLN 12/1 TMN RAKAN Cheras Hulu Langat Malaysia,3.0833,101.75
JLN PERDANA 3 TMN SEGAR PERDANA Cheras Hulu Langat Malaysia,3.0939,101.7558
JLN PERDANA 4 TMN SEGAR PERDANA Cheras Hulu Langat Malaysia,3.0908,101.7475
JALAN 9 TMN SEKAMAT Cheras Hulu Langat Malaysia,3.0802,101.7686
TMN SEKAMAT TMN SEKAMAT Cheras Hulu Langat Malaysia,3.073,101.747
JLN KIJANG 1 TMN SUNTEX Cheras Hulu Langat Malaysia,3.0416,101.7636
JLN PALMA 3/3A TWIN PALM Cheras Hulu Langat Malaysia,3.0808,101.7563
JALAN SERI MAS 1 TAMAN SERI MAS Hulu Langat Hulu Langat Malaysia,3.031,101.798
JLN LAGENDA SURIA 1 TMN LAGENDA SURIA (HULU LANGAT) Hulu Langat Hulu Langat Malaysia,3.0,101.9
JALAN LAGENDA SURIA 1 TMN LAGENDA SURIA (HULU LANGAT) Hulu Langat Hulu Langat Malaysia,3.082,101.786
JLN LAGENDA SURIA 3 TMN LAGENDA SURIA (HULU LANGAT) Hulu Langat Hulu Langat Malaysia,3.0667,101.8833
JLN LAGENDA SURIA 3 TMN LAGENGA SURIA (HULU LANGAT) Hulu Langat Hulu Langat Malaysia,3.035,101.833
JALAN PERKASA 1/1 TMN PERKASA Hulu Langat Hulu Langat Malaysia,3.0735,101.8429
JALAN PERKASA 1/2 TMN PERKASA Hulu Langat Hulu Langat Malaysia,3.0908,101.7931
JLN PERKASA 1/1 TMN PERKASA Hulu Langat Hulu Langat Malaysia,3.081,101.802
TMN PERKASA TMN PERKASA Hulu Langat Hulu Langat Malaysia,3.049,101.792
OFF JLN HULU LANGAT TMN PINGGIRAN DELIMA Hulu Langat Hulu Langat Malaysia,3.106,101.852
PERSIARAN INTAN TMN SRI NANDING Hulu Langat Hulu Langat Malaysia,3.0736,101.7892
JALAN BDR SRI PUTRA Kajang Hulu Langat Malaysia,3.044,101.785
JLN PUNCAK 1/3 PUNCAK UTAMA Kajang Hulu Langat Malaysia,3.0167,101.7907
JLN 1/4 SEK 1 BDR BARU BANGI Kajang Hulu Langat Malaysia,2.969,101.785
JLN 4/1A SEK 4 BDR BARU BANGI Kajang Hulu Langat Malaysia,2.9565,101.7535
JLN 4/1B SEK 4 BDR BARU BANGI Kajang Hulu Langat Malaysia,3.059,101.7505
JALAN BERJAYA 8 TAMAN BERJAYA Kajang Hulu Langat Malaysia,3.0035,101.7925
JALAN UNVERSITI BANGI 1 TAMAN UNIVERSITI Kajang Hulu Langat Malaysia,3.0707,101.7901
JALAN BALAKONG JAYA 6 TMN BALAKONG JAYA Kajang Hulu Langat Malaysia,3.0349,101.7606
JLN PERMAI 1 TMN BANGI PERMAI Kajang Hulu Langat Malaysia,3.0057,101.7548
JLN BERJAYA 9 TMN BERJAYA Kajang Hulu Langat Malaysia,2.9874,101.7889
JLN BERJAYA 10 TMN BERJAYA Kajang Hulu Langat Malaysia,3.0036,101.7875
JALAN BUKIT MEWAH 9 TMN BKT MEWAH Kajang Hulu Langat Malaysia,3.0155,101.7908
JLN BKT MEWAH 9 TMN BKT MEWAH Kajang Hulu Langat Malaysia,3.0205,101.7905
JLN BKT MEWAH 11 TMN BKT MEWAH Kajang Hulu Langat Malaysia,3.033,101.789
JLN JERNANG JAYA 1 TMN JERNANG JAYA Kajang Hulu Langat Malaysia,3.0167,101.7908
JLN 11 TMN KAJANG BARU Kajang Hulu Langat Malaysia,3.0416,101.7949
JLN KAJANG MEWAH 1 TMN KAJANG MEWAH Kajang Hulu Langat Malaysia,3.0265,101.7937
JALAN KAJANG RAYA 1 TMN KAJANG RAYA Kajang Hulu Langat Malaysia,2.9969,101.7866
JLN KAJANG RAYA 1 TMN KAJANG RAYA Kajang Hulu Langat Malaysia,3.0277,101.7928
JLN SEKSYEN 2/14 TMN KAJANG UTAMA Kajang Hulu Langat Malaysia,2.9942,101.7925
JLN SEKSYEN 2/17 TMN KAJANG UTAMA Kajang Hulu Langat Malaysia,3.0133,101.7844
JLN MUHIBBAH 3 TMN MUHBBAH Kajang Hulu Langat Malaysia,3.0085,101.7943
JLN RESTU 1 TMN RESTU Kajang Hulu Langat Malaysia,3.0302,101.7907
JLN RESTU 2 TMN RESTU Kajang Hulu Langat Malaysia,3.0102,101.7953
JLN WAN SIEW TMN SEPAKAT INDAH Kajang Hulu Langat Malaysia,3.014,101.788
JLN INTAN SATU TMN SRI INTAN Kajang Hulu Langat Malaysia,2.9969,101.7908
JALAN SERI TIMAH 1/9 TMN SRI TIMAH Kajang Hulu Langat Malaysia,3.0201,101.7916
TAMAN SUTERA KAJANG TMN SUTERA (KAJANG) Kajang Hulu Langat Malaysia,3.0167,101.7906
JLN SUTERA 1/4 TMN SUTERA (KAJANG) Kajang Hulu Langat Malaysia,3.0458,101.7864
JALAN IMPIAN PUTRA 1/4 TMN IMPIAN PUTRA Pekan Bangi Lama Hulu Langat Malaysia,3.035,101.776
JALAN DP 5/1B BDR DAMAI PERDANA Pekan Cheras Hulu Langat Malaysia,3.0713,101.7679
JLN ALAMANDA TAMAN BUKIT BELIMBING Pekan Cheras Hulu Langat Malaysia,3.085,101.763
JLN ALAMANDA TMN BKT BELIMBING Pekan Cheras Hulu Langat Malaysia,3.0819,101.7446
JLN MEDAN BKT BELIMBING TMN BKT BELIMBING Pekan Cheras Hulu Langat Malaysia,3.0765,101.7708
MEDAN BKT BELIMBING TMN BKT BELIMBING Pekan Cheras Hulu Langat Malaysia,3.1025,101.7533
JLN INDAH 1/6 TMN INDAH 1 (CHERAS) Pekan Cheras Hulu Langat Malaysia,3.0616,101.7445
JLN TUN PERAK 6 TMN TUN PERAK Pekan Cheras Hulu Langat Malaysia,3.0906,101.7425
JLN KARUN MAS 12 DESA KARUN MAS Pekan Kajang Hulu Langat Malaysia,3.0107,101.7901
JALAN DATARAN JADE 6 JADE HILLS Pekan Kajang Hulu Langat Malaysia,3.0609,101.8116
JALAN DATARAN JADE 7 JADE HILLS Pekan Kajang Hulu Langat Malaysia,3.0072,101.7858
JALAN JADE HILLS 1 JADE HILLS Pekan Kajang Hulu Langat Malaysia,3.0057,101.7643
JALAN JADE HILLS 1/2 JADE HILLS Pekan Kajang Hulu Langat Malaysia,2.959,101.804
JALAN JADE HILLS UTAMA 1/2 JADE HILLS Pekan Kajang Hulu Langat Malaysia,3.0218,101.7726
JLN DATARAN JADE JADE HILLS Pekan Kajang Hulu Langat Malaysia,3.0038,101.7798
JLN DATARAN JADE 2 JADE HILLS Pekan Kajang Hulu Langat Malaysia,2.9791,101.8086
JLN DATARAN JADE 2/2 JADE HILLS Pekan Kajang Hulu Langat Malaysia,3.0389,101.7936
JLN DATARAN JADE 2/3 JADE HILLS Pekan Kajang Hulu Langat Malaysia,3.0126,101.7769
JLN JADE HILLS UTAMA 1/1 JADE HILLS Pekan Kajang Hulu Langat Malaysia,3.0167,101.79
PERSIARAN JADE UTAMA PH CP1 JADE HILLS Pekan Kajang Hulu Langat Malaysia,3.0326,101.7994
JLN BESAR BUKIT ANGKAT KAW PERUSAHAAN BKT ANGKAT Pekan Kajang Hulu Langat Malaysia,3.0012,101.784
JLN BUKIT ANGKAT KAW PERUSAHAAN BKT ANGKAT Pekan Kajang Hulu Langat Malaysia,2.9989,101.7964
JLN MUHIBBAH 3 TMN MUHIBBAH Pekan Kajang Hulu Langat Malaysia,3.0128,101.7947
JLN BUDIMAN 2/3 TMN PUTRA BUDIMAN (PUTRA SQUARE) Pekan Kajang Hulu Langat Malaysia,3.0198,101.7853
JALAN KENARI 14 TMN SRI KENARI Pekan Kajang Hulu Langat Malaysia,3.0387,101.7913
JLN TROPIKA 1A TAMAN TROPIKA Pekan Kg Sungai Tangkas Hulu Langat Malaysia,3.0467,101.7856
JLN UNIVERSITI BANGI 1 TAMAN UNIVERSITI Pekan Kg Sungai Tangkas Hulu Langat Malaysia,3.0425,101.7838
SIBER SQURE JLN UNIVERSITI TAMAN UNIVERSITI Pekan Kg Sungai Tangkas Hulu Langat Malaysia,3.0447,101.7874
JLN TROPIKA 1A TMN TROPIKA Pekan Kg Sungai Tangkas Hulu Langat Malaysia,3.0782,101.7916
OFF JLN SEMENYIH PEKAN SEMENYIH Pekan Semenyih Hulu Langat Malaysia,3.031,101.843
JLN JAYA 3A TMN JAYA 2 Pekan Semenyih Hulu Langat Malaysia,2.945,101.855
JALAN KAJANG EAST AVENUE 2 TMN KAJANG EAST (SEMENYIH) Pekan Semenyih Hulu Langat Malaysia,3.075,101.845
JLN SEMENYIH INDAH 8 TMN SEMENYIH INDAH Pekan Semenyih Hulu Langat Malaysia,2.9597,101.8382
JLN SEMENYIH INDAH 9 TMN SEMENYIH INDAH Pekan Semenyih Hulu Langat Malaysia,3.0406,101.8832
JLN JAYA 3 TMN SEMENYIH JAYA Pekan Semenyih Hulu Langat Malaysia,2.9649,101.8356
SEKSYEN 4 BDR RINCING Semenyih Hulu Langat Malaysia,2.9605,101.8475
JALAN 1/1A BDR RINCING Semenyih Hulu Langat Malaysia,3.0819,101.8624
JALAN 2/9B BDR RINCING Semenyih Hulu Langat Malaysia,2.9672,101.8636
JALAN 2/9C BDR RINCING Semenyih Hulu Langat Malaysia,3.0646,101.8736
JALAN 4/1 BDR RINCING Semenyih Hulu Langat Malaysia,2.9427,101.8743
JLN 1/1A BDR RINCING Semenyih Hulu Langat Malaysia,3.0103,101.8798
JLN 2/9A BDR RINCING Semenyih Hulu Langat Malaysia,2.975,101.852
JLN 2/9B BDR RINCING Semenyih Hulu Langat Malaysia,3.0208,101.8756
"SEKSYEN 4, JALAN 4/1 BDR RINCING Semenyih Hulu Langat Malaysia",2.9391,101.8419
JLN SUNWAY 3/2A BDR SUNWAY SEMENYIH Semenyih Hulu Langat Malaysia,2.9641,101.8298
JLN SUNWAY 3/1 BDR SUNWAY SEMENYIH Semenyih Hulu Langat Malaysia,2.965,101.835
JLN SUNWAY 3/6 BDR SUNWAY SEMENYIH Semenyih Hulu Langat Malaysia,3.0375,101.845
JALAN 1/8 BDR TEKNOLOGI Semenyih Hulu Langat Malaysia,2.9432,101.8439
JALAN 1/9 BDR TEKNOLOGI Semenyih Hulu Langat Malaysia,2.966,101.855
JLN 1/5 BDR TEKNOLOGI Semenyih Hulu Langat Malaysia,3.0173,101.8412
JLN 1/7 BDR TEKNOLOGI Semenyih Hulu Langat Malaysia,2.9833,101.85
JLN 1/8 BDR TEKNOLOGI Semenyih Hulu Langat Malaysia,2.9539,101.8396
JALAN 1/5 BDR TEKNOLOGI Semenyih Hulu Langat Malaysia,2.9744,101.8448
JALAN 1/6 BDR TEKNOLOGI Semenyih Hulu Langat Malaysia,2.994,101.786
JALAN 1/7 BDR TEKNOLOGI Semenyih Hulu Langat Malaysia,2.9465,101.8391
JALAN 1/10 BDR TEKNOLOGI Semenyih Hulu Langat Malaysia,2.935,101.843
JLN 1/6 BDR TEKNOLOGI Semenyih Hulu Langat Malaysia,2.9303,101.8402
JLN 1/9 BDR TEKNOLOGI Semenyih Hulu Langat Malaysia,2.9509,101.8698
JLN ECO MAJESTIC 10/1D ECO MAJESTIC Semenyih Hulu Langat Malaysia,2.954,101.853
JALAN GOODVIEW 15 GOODVIEW HEIGHT TOWN CENTRE Semenyih Hulu Langat Malaysia,2.9325,101.8738
JLN GOODVIEW 15 GOODVIEW HEIGHT TOWN CENTRE Semenyih Hulu Langat Malaysia,2.9543,101.8656
JLN GOODVIEW 16 GOODVIEW HEIGHT TOWN CENTRE Semenyih Hulu Langat Malaysia,3.0296,101.7892
JALAN HILLPARK 6/1 HILL PARK HOME Semenyih Hulu Langat Malaysia,2.9519,101.8598
HILL PARK 6/1 HILL PARK HOME Semenyih Hulu Langat Malaysia,3.0639,101.8547
HILL PARK PH 3 HILL PARK HOME Semenyih Hulu Langat Malaysia,2.937,101.842
JALAN HILL PARK 6/1 HILL PARK HOME Semenyih Hulu Langat Malaysia,3.0336,101.839
JLN HILLPARK 6/1 HILL PARK HOME Semenyih Hulu Langat Malaysia,2.9589,101.8372
OFF JLN SEMENYIH SERENE HEIGHT Semenyih Hulu Langat Malaysia,3.0699,101.8684
JLN SERENE SERENE HEIGHT Semenyih Hulu Langat Malaysia,2.9517,101.8398
JLN BROGA SETIA MAYURI BROGA Semenyih Hulu Langat Malaysia,2.9333,101.8667
JALAN MUTIARA RINCHING 1 TAMAN MUTIARA RINCHING Semenyih Hulu Langat Malaysia,2.9338,101.8406
JLN TPS 1/6 TAMAN PELANGI SEMENYIH Semenyih Hulu Langat Malaysia,3.0309,101.8567
BERSEBELAHAN DIAMOND CITY TAMAN TENERA SEMENYIH Semenyih Hulu Langat Malaysia,3.0447,101.8896
JLN TENERA SEMENYIH 1/1 TAMAN TENERA SEMENYIH Semenyih Hulu Langat Malaysia,2.9537,101.8449
JALAN SARI NIAGA TMN ALAM SARI Semenyih Hulu Langat Malaysia,2.9587,101.8538
EMPORIA SETIA ALAM SARI TMN ALAM SARI Semenyih Hulu Langat Malaysia,3.0745,101.9024
JALAN DESA  ANGGERIK TMN DESA ANGGERIK Semenyih Hulu Langat Malaysia,2.9347,101.8508
JLN DESA MEWAH 9 TMN DESA MEWAH Semenyih Hulu Langat Malaysia,2.947,101.843
JALAN SEMANJA 4/1 TMN DESA SEMENYIH Semenyih Hulu Langat Malaysia,2.9597,101.8439
JLN 4 TMN HIEW PIOW Semenyih Hulu Langat Malaysia,2.953,101.844
JALAN KAJANG PERDANA 2/2 TMN KAJANG PERDANA Semenyih Hulu Langat Malaysia,3.0165,101.7868
JALAN KAJANG PERDANA 3/2 TMN KAJANG PERDANA Semenyih Hulu Langat Malaysia,3.0429,101.7905
JLN KAJANG PERDANA 3/1 TMN KAJANG PERDANA Semenyih Hulu Langat Malaysia,3.057,101.786
JLN KAJANG PERDANA 3/2 TMN KAJANG PERDANA Semenyih Hulu Langat Malaysia,3.039,101.8
JALAN PALING JAYA 1 TMN PALING JAYA Semenyih Hulu Langat Malaysia,2.938,101.843
JLN TPS 1/3 TMN PELANGI SEMENYIH Semenyih Hulu Langat Malaysia,3.0129,101.8354
JALAN TPS 1/2 TMN PELANGI SEMENYIH Semenyih Hulu Langat Malaysia,2.9535,101.8398
JALAN TPS 1/5 TMN PELANGI SEMENYIH Semenyih Hulu Langat Malaysia,2.9275,101.8437
JALAN TPS 1/6 TMN PELANGI SEMENYIH Semenyih Hulu Langat Malaysia,2.955,101.833
JLN 1/6 TMN PELANGI SEMENYIH Semenyih Hulu Langat Malaysia,3.0261,101.8385
JLN TPS 1/2 TMN PELANGI SEMENYIH Semenyih Hulu Langat Malaysia,2.9506,101.8303
JLN TPS 1/5 TMN PELANGI SEMENYIH Semenyih Hulu Langat Malaysia,2.9735,101.8485
JLN BAIDURI JAYA TMN SEGAMAN Semenyih Hulu Langat Malaysia,2.995,101.845
JALAN SEMANJA 4/1 TMN SEMANJA KAJANG Semenyih Hulu Langat Malaysia,3.0306,101.8569
JLN SEMANJA 4/1 TMN SEMANJA KAJANG Semenyih Hulu Langat Malaysia,3.002,101.793
TM SEMENYIH TMN SEMENYIH Semenyih Hulu Langat Malaysia,3.056,101.867
JLN SRI HANECO 1/2 TMN SRI HANECO Semenyih Hulu Langat Malaysia,2.9475,101.8689
JLN TTS 2/1 TMN TASIK SEMENYIH Semenyih Hulu Langat Malaysia,2.9602,101.8292
JLN TTS 2/2 TMN TASIK SEMENYIH Semenyih Hulu Langat Malaysia,2.9583,101.8375
JLN TTS 2/5 TMN TASIK SEMENYIH Semenyih Hulu Langat Malaysia,3.0,101.85
JALAN KERUING 2A/1 TAMAN KERUING Bandar Batang Kali Hulu Selangor Malaysia,3.5833,101.75
JALAN KERUING 2A/2A TAMAN KERUING Bandar Batang Kali Hulu Selangor Malaysia,3.5628,101.6509
JALAN PENAGA 6 TAMAN RASA UTAMA Bandar Batang Kali Hulu Selangor Malaysia,3.5487,101.7528
JLN BESAR BANDAR BARU ULU YAM Bandar Hulu Yam (Baru) Hulu Selangor Malaysia,3.4046,101.6531
JLN KG BAHARU KALUMPANG TAMAN MUSABIKA Bandar Kalumpang Hulu Selangor Malaysia,3.544,101.658
JALAN ABDUL HAMID PEKAN KUALA KUBU Bandar Kuala Kubu Baharu Hulu Selangor Malaysia,3.6023,101.6556
JALAN DATO MUDA JAAFAR PEKAN KUALA KUBU Bandar Kuala Kubu Baharu Hulu Selangor Malaysia,3.5667,101.65
JALAN DATO TABAL PEKAN KUALA KUBU Bandar Kuala Kubu Baharu Hulu Selangor Malaysia,3.5586,101.6576
JALAN KAMARUDDIN PEKAN KUALA KUBU Bandar Kuala Kubu Baharu Hulu Selangor Malaysia,3.5647,101.6526
JALAN MAT KILAU PEKAN KUALA KUBU Bandar Kuala Kubu Baharu Hulu Selangor Malaysia,3.5628,101.6538
JLN DATO MUDA JAAFAR PEKAN KUALA KUBU Bandar Kuala Kubu Baharu Hulu Selangor Malaysia,3.5615,101.6519
JLN KAMARUDIN PEKAN KUALA KUBU Bandar Kuala Kubu Baharu Hulu Selangor Malaysia,3.5579,101.6544
TAMAN AMPANG PECHAH PEKAN KUALA KUBU Bandar Kuala Kubu Baharu Hulu Selangor Malaysia,3.5614,101.6549
JALAN GAMELAN 1 TAMAN GAMELAN Bandar Kuala Kubu Baharu Hulu Selangor Malaysia,3.5558,101.6558
JALAN STESEN PEKAN RASA Bandar Rasa Hulu Selangor Malaysia,3.4833,101.6103
OFF TAMAN BUKIT TERATAI ALAMANDA PARKLAND Bandar Serendah Hulu Selangor Malaysia,3.377,101.606
JALAN KENANGASARI 2 BANDAR SG BUAYA Bandar Serendah Hulu Selangor Malaysia,3.5175,101.5692
JALAN KENANGASARI 2A BANDAR SG BUAYA Bandar Serendah Hulu Selangor Malaysia,3.4902,101.6413
JALAN ADENIUM 1A BUKIT BERUNTUNG Bandar Serendah Hulu Selangor Malaysia,3.434,101.526
JALAN ADENIUM 2G/7 BUKIT BERUNTUNG Bandar Serendah Hulu Selangor Malaysia,3.4622,101.5898
JALAN ADENIUM 2G/8 BUKIT BERUNTUNG Bandar Serendah Hulu Selangor Malaysia,3.5283,101.5438
JALAN ADENIUM 2G/10 BUKIT BERUNTUNG Bandar Serendah Hulu Selangor Malaysia,3.3829,101.5976
JALAN INAI 2 BUKIT BERUNTUNG Bandar Serendah Hulu Selangor Malaysia,3.399,101.586
ADENIUM 1A BUKIT BERUNTUNG BUKIT BERUNTUNG Bandar Serendah Hulu Selangor Malaysia,3.3267,101.6174
JALAN ADENIUM 1 BUKIT BERUNTUNG Bandar Serendah Hulu Selangor Malaysia,3.4038,101.5567
JALAN ADENIUM 2G/5 BUKIT BERUNTUNG Bandar Serendah Hulu Selangor Malaysia,3.4036,101.5616
JALAN ADENIUM 2G/6 BUKIT BERUNTUNG Bandar Serendah Hulu Selangor Malaysia,3.4695,101.5652
JALAN ADENIUM 2G/9 BUKIT BERUNTUNG Bandar Serendah Hulu Selangor Malaysia,3.4218,101.5556
JALAN ADENIUM 2G/11 BUKIT BERUNTUNG Bandar Serendah Hulu Selangor Malaysia,3.388,101.632
JALAN ADENIUM 2G/12 BUKIT BERUNTUNG Bandar Serendah Hulu Selangor Malaysia,3.3807,101.6229
JALAN ADENIUM1A BUKIT BERUNTUNG Bandar Serendah Hulu Selangor Malaysia,3.3573,101.5378
JALAN INAI BUKIT BERUNTUNG Bandar Serendah Hulu Selangor Malaysia,3.4497,101.6206
JALAN MELATI 2B BUKIT BERUNTUNG Bandar Serendah Hulu Selangor Malaysia,3.3705,101.6119
JALAN BUNGA KERTAS 1D BUKIT SENTOSA Bandar Serendah Hulu Selangor Malaysia,3.4117,101.5857
JALAN ORKID 1D/2 BUKIT SENTOSA Bandar Serendah Hulu Selangor Malaysia,3.456,101.6
JALAN SEROJA 2 BUKIT SENTOSA Bandar Serendah Hulu Selangor Malaysia,3.4625,101.5765
BUNGA KERTAS 1C BUKIT SENTOSA Bandar Serendah Hulu Selangor Malaysia,3.4317,101.6613
BUNGA KERTAS 1D BUKIT SENTOSA Bandar Serendah Hulu Selangor Malaysia,3.4201,101.5947
JALAN BUNGA KERTAS 1B BUKIT SENTOSA Bandar Serendah Hulu Selangor Malaysia,3.407,101.607
JALAN BUNGA KERTAS 1B/1 BUKIT SENTOSA Bandar Serendah Hulu Selangor Malaysia,3.5239,101.6006
JALAN BUNGA KERTAS 1B/2 BUKIT SENTOSA Bandar Serendah Hulu Selangor Malaysia,3.487,101.559
JALAN BUNGA KERTAS 1E BUKIT SENTOSA Bandar Serendah Hulu Selangor Malaysia,3.4962,101.5469
OFF TAMAN BUKIT TERATAI DESA KIAMBANG Bandar Serendah Hulu Selangor Malaysia,3.365,101.644
JALAN BESAR PEKAN SERENDAH PEKAN SERENDAH Bandar Serendah Hulu Selangor Malaysia,3.325,101.623
JALAN SEROJA 1 SENTOSA SQUARE Bandar Serendah Hulu Selangor Malaysia,3.3637,101.6198
JALAN SEROJA 2 SENTOSA SQUARE Bandar Serendah Hulu Selangor Malaysia,3.5238,101.6202
JALAN SENTOSA 2 SENTOSA SQUARE Bandar Serendah Hulu Selangor Malaysia,3.3917,101.6819
JALAN SEROJA SENTOSA SQUARE Bandar Serendah Hulu Selangor Malaysia,3.5606,101.6494
JALAN SEROJA 1B SENTOSA SQUARE Bandar Serendah Hulu Selangor Malaysia,3.3799,101.6418
JALAN CEMPAKA 1 TAMAN BUKIT CAHAYA Bandar Serendah Hulu Selangor Malaysia,3.4047,101.6408
JALAN MELATI 2A TAMAN MELATI Bandar Serendah Hulu Selangor Malaysia,3.3962,101.6287
JALAN GAPI 1A/1 TAMAN ANTARA GAPI Bandar Sungai Chik Hulu Selangor Malaysia,3.5149,101.6572
JALAN GAPI 1A/2 TAMAN ANTARA GAPI Bandar Sungai Chik Hulu Selangor Malaysia,3.4169,101.5532
JALAN GAPI 1A/3 TAMAN ANTARA GAPI Bandar Sungai Chik Hulu Selangor Malaysia,3.4907,101.4903
JALAN GAPI 1A/1 SEKSYEN 1 TAMAN ANTARA GAPI Bandar Sungai Chik Hulu Selangor Malaysia,3.527,101.681
JALAN GAPI 1A/2 SEKSYEN 1C TAMAN ANTARA GAPI Bandar Sungai Chik Hulu Selangor Malaysia,3.5019,101.6923
JALAN GAPI 1A/3 SEKSYEN 1C TAMAN ANTARA GAPI Bandar Sungai Chik Hulu Selangor Malaysia,3.359,101.661
JALAN ARA BANDAR UTAMA BATANG KALI Batang Kali Hulu Selangor Malaysia,3.4427,101.6454
JALAN ARA 2 BANDAR UTAMA BATANG KALI Batang Kali Hulu Selangor Malaysia,3.5114,101.6839
JALAN MERANTI 1 BANDAR UTAMA BATANG KALI Batang Kali Hulu Selangor Malaysia,3.4507,101.6356
JALAN MERANTI 1A BANDAR UTAMA BATANG KALI Batang Kali Hulu Selangor Malaysia,3.5078,101.6489
JALAN MERANTI 2 BANDAR UTAMA BATANG KALI Batang Kali Hulu Selangor Malaysia,3.4718,101.6449
JALAN MERANTI 2A BANDAR UTAMA BATANG KALI Batang Kali Hulu Selangor Malaysia,3.5488,101.6676
JALAN MERANTI 2B BANDAR UTAMA BATANG KALI Batang Kali Hulu Selangor Malaysia,3.5397,101.6517
JALAN MERANTI 2C BANDAR UTAMA BATANG KALI Batang Kali Hulu Selangor Malaysia,3.525,101.65
JALAN JATI UTAMA 4 PEKAN BATANG KALI Batang Kali Hulu Selangor Malaysia,3.4966,101.6532
JLN JATI UTAMA 2 PEKAN BATANG KALI Batang Kali Hulu Selangor Malaysia,3.4626,101.6448
"JALAN ARA 1 PUSAT PERDAGANGAN ARA, SEK 5 Batang Kali Hulu Selangor Malaysia",3.4297,101.6501
"JALAN ARA 2 PUSAT PERDAGANGAN ARA, SEK 5 Batang Kali Hulu Selangor Malaysia",3.5806,101.6508
"JALAN ARA 7 PUSAT PERDAGANGAN ARA, SEK 5 Batang Kali Hulu Selangor Malaysia",3.463,101.653
"OFF JALAN BATANG KALI-HULU YAM PUSAT PERDAGANGAN ARA, SEK 5 Batang Kali Hulu Selangor Malaysia",3.5586,101.6408
JALAN DAMAR 1 TAMAN RASA Batang Kali Hulu Selangor Malaysia,3.555,101.673
JLN DAMAR 1 TAMAN RASA Batang Kali Hulu Selangor Malaysia,3.473,101.623
JALAN CEMPERAI 4A TAMAN RASA UTAMA Batang Kali Hulu Selangor Malaysia,3.467,101.673
JALAN CEMPERAI 4B TAMAN RASA UTAMA Batang Kali Hulu Selangor Malaysia,3.5418,101.7062
JALAN CEMPERAI 4D TAMAN RASA UTAMA Batang Kali Hulu Selangor Malaysia,3.4705,101.7458
JLN CEMPERAI 4C TAMAN RASA UTAMA Batang Kali Hulu Selangor Malaysia,3.467,101.663
JALAN ANGSANA 2 TAMAN SERI RASA Batang Kali Hulu Selangor Malaysia,3.516,101.658
JALAN MAHAGONI 2A/7 TAMU HILL PARK Batang Kali Hulu Selangor Malaysia,3.535,101.651
JALAN MAHAGONI 7/1 TAMU HILL PARK Batang Kali Hulu Selangor Malaysia,3.5335,101.6588
JALAN MAHAGONI 7/2 TAMU HILL PARK Batang Kali Hulu Selangor Malaysia,3.5105,101.7252
JALAN MAHAGONI 7/2A TAMU HILL PARK Batang Kali Hulu Selangor Malaysia,3.5997,101.6468
JALAN MAHAGONI 7/3 TAMU HILL PARK Batang Kali Hulu Selangor Malaysia,3.5839,101.6615
JALAN MAHAGONI 7/4 TAMU HILL PARK Batang Kali Hulu Selangor Malaysia,3.5495,101.7764
JLN MAHAGONI 2A/6 TAMU HILL PARK Batang Kali Hulu Selangor Malaysia,3.5307,101.6478
JALAN KEMUDI 7/2A BERNAM SQUARE Hulu Bernam Hulu Selangor Malaysia,3.6374,101.4146
JALAN KASPIA 1 PEKAN HULU BERNAM Hulu Bernam Hulu Selangor Malaysia,3.5849,101.5363
JALAN ULU BERNAM - TG MALIM PEKAN HULU BERNAM Hulu Bernam Hulu Selangor Malaysia,3.6075,101.505
JALAN ULU BERNAM TAMAN PAIK SIONG Hulu Bernam Hulu Selangor Malaysia,3.673,101.478
JALAN EMAS 2 TAMAN EMAS HULU YAM Hulu Yam Hulu Selangor Malaysia,3.287,101.693
JALAN EMAS 5 TAMAN EMAS HULU YAM Hulu Yam Hulu Selangor Malaysia,3.4539,101.6517
JLN HULU YAM LAMA TAMAN EMAS HULU YAM Hulu Yam Hulu Selangor Malaysia,3.417,101.714
JALAN KELAH 1 TAMAN PERNIAGAAN KELAH Hulu Yam Hulu Selangor Malaysia,3.416,101.771
JALAN KELAH 2 TAMAN PERNIAGAAN KELAH Hulu Yam Hulu Selangor Malaysia,3.4129,101.6406
JALAN ANGKASA 1 TAMAN ANGKASA Kerling Hulu Selangor Malaysia,3.5819,101.6142
"JALAN BESAR KERLING TAMAN ANUGERAH SURIA, KERLING Kerling Hulu Selangor Malaysia",3.6079,101.6156
"JALAN SURIA TAMAN ANUGERAH SURIA, KERLING Kerling Hulu Selangor Malaysia",3.646,101.553
JALAN MELOR 2B DESA MELOR Serendah Hulu Selangor Malaysia,3.5712,101.6178
JALAN MELOR 2A DESA MELOR Serendah Hulu Selangor Malaysia,3.2939,101.5907
JALAN MELOR 2D DESA MELOR Serendah Hulu Selangor Malaysia,3.5989,101.6357
JLN MACAU TAMAN SERI SERENDAH Serendah Hulu Selangor Malaysia,3.3589,101.6145
JALAN KIAMBANG 1 TAMAN TASIK KIAMBANG Serendah Hulu Selangor Malaysia,3.3802,101.6288
JALAN KIAMBANG 1A TAMAN TASIK KIAMBANG Serendah Hulu Selangor Malaysia,3.4076,101.6595
JALAN TERATAI 2 TAMAN TASIK TERATAI Serendah Hulu Selangor Malaysia,3.3889,101.6156
JALAN TERATAI  1 TAMAN TASIK TERATAI Serendah Hulu Selangor Malaysia,3.3629,101.6067
JALAN MERU BDR KLANG Bandar Kelang Klang Malaysia,3.045,101.45
JLN GOH HOCK HUAT BDR KLANG Bandar Kelang Klang Malaysia,3.0379,101.4441
JLN POS BARU BDR KLANG Bandar Kelang Klang Malaysia,3.0436,101.4481
SOLOK RAJA BOT BDR KLANG Bandar Kelang Klang Malaysia,3.0446,101.4496
JALAN RAYA TIMOR BDR KLANG SELATAN Bandar Kelang Klang Malaysia,3.0456,101.4508
JALAN YUAN GEO HUP BDR KLANG SELATAN Bandar Kelang Klang Malaysia,3.0025,101.4549
LRG TINGKAT BDR KLANG SELATAN Bandar Kelang Klang Malaysia,3.0311,101.4435
JALAN RAYA TIMUR BDR KLANG SELATAN Bandar Kelang Klang Malaysia,3.0156,101.4458
JALAN STESEN BDR KLANG SELATAN Bandar Kelang Klang Malaysia,3.045,101.444
JLN RAYA TIMOR BDR KLANG SELATAN Bandar Kelang Klang Malaysia,3.032,101.45
JLN RAYA TIMUR BDR KLANG SELATAN Bandar Kelang Klang Malaysia,3.0333,101.4483
JLN TENGKU DIAUDIN BDR KLANG SELATAN Bandar Kelang Klang Malaysia,3.0455,101.4501
JLN TENGKU KELANA BDR KLANG SELATAN Bandar Kelang Klang Malaysia,3.0445,101.4517
LORONG TINGKAT BDR KLANG SELATAN Bandar Kelang Klang Malaysia,3.0333,101.45
T.DIAUDDIN BDR KLANG SELATAN Bandar Kelang Klang Malaysia,3.015,101.45
JLN MAHOGANI 1 BOTANIC AVENUE 1 & 2 Bandar Kelang Klang Malaysia,3.0319,101.4505
JLN MAHOGANI 1/KS 7 BOTANIC AVENUE 1 & 2 Bandar Kelang Klang Malaysia,3.0089,101.4472
JLN MAHOGANI 1/KS7 BOTANIC AVENUE 1 & 2 Bandar Kelang Klang Malaysia,3.0,101.45
JLN PASAR BARU 1 OFF JLN MERU Bandar Kelang Klang Malaysia,3.0422,101.4486
LEBOH PULAU PINANG 1 OFF JLN MERU Bandar Kelang Klang Malaysia,3.0383,101.4457
JLN SG BERTEK OFF JLN TELUK GADUNG Bandar Kelang Klang Malaysia,3.0155,101.3982
JLN PUDING/KS1 PELABUHAN KLANG (PRSN RAJA MUDA MUSA) Bandar Kelang Klang Malaysia,3.0035,101.3989
JALAN PAPAYA SEK. 21-28 BDR KLANG Bandar Kelang Klang Malaysia,3.0406,101.4473
JLN KEPAYANG SEK. 21-28 BDR KLANG Bandar Kelang Klang Malaysia,3.0435,101.4527
PERSIARAN PULAU PINANG SEK. 21-28 BDR KLANG Bandar Kelang Klang Malaysia,3.022,101.451
LINTANG MENALU TMN CHI LIUNG Bandar Kelang Klang Malaysia,3.0149,101.4467
LRG SELAMPIT 18C TMN DESA  UTAMA Bandar Kelang Klang Malaysia,3.0422,101.4436
JALAN SELAMPIT 18 TMN DESA UTAMA Bandar Kelang Klang Malaysia,3.043,101.447
JLN SELAMPIT 18 TMN DESA UTAMA Bandar Kelang Klang Malaysia,3.0468,101.4506
JLN SEMBILANG 8 TMN KOTA Bandar Kelang Klang Malaysia,3.0333,101.4445
JLN SEMBILANG 8A/KS3 TMN KOTA Bandar Kelang Klang Malaysia,3.0329,101.4465
JLN BAGOR TMN PETALING INDAH Bandar Kelang Klang Malaysia,3.0197,101.4442
"JLN SERAMPANG 1 TMN SINARAN, KLANG Bandar Kelang Klang Malaysia",3.0436,101.4464
"JLN SERAMPANG 1/KS3 TMN SINARAN, KLANG Bandar Kelang Klang Malaysia",3.0431,101.4457
JLN TEPI SUNGAI/KS03 TMN TEPI SUNGAI Bandar Kelang Klang Malaysia,3.0249,101.4428
JLN SEMBILANG TMN TEPI SUNGAI Bandar Kelang Klang Malaysia,3.0257,101.4456
JLN SEMBILANG 8 TMN TEPI SUNGAI Bandar Kelang Klang Malaysia,3.009,101.442
JLN SEMBILANG 8A/KS3 TMN TEPI SUNGAI Bandar Kelang Klang Malaysia,3.0049,101.4507
JLN TEPI SUNGAI/KS3 TMN TEPI SUNGAI Bandar Kelang Klang Malaysia,3.0375,101.4472
JALAN SULTAN ABDUL SAMAD 39 BDR SULTAN SULEIMAN Bandar Shah Alam Klang Malaysia,3.037,101.448
JLN SULTAN ABDUL SAMAD 35 BDR SULTAN SULEIMAN Bandar Shah Alam Klang Malaysia,3.0288,101.4453
JALAN B 34/B BUKIT KEMUNING LIGHT IND PARK Bandar Shah Alam Klang Malaysia,3.059,101.495
JALAN B 34/B ( FORTUNE SQUARE) BUKIT KEMUNING LIGHT IND PARK Bandar Shah Alam Klang Malaysia,3.0619,101.5108
JALAN B/34B BUKIT KEMUNING LIGHT IND PARK Bandar Shah Alam Klang Malaysia,3.0422,101.5338
JLN B34/B BUKIT KEMUNING LIGHT IND PARK Bandar Shah Alam Klang Malaysia,3.033,101.552
"JLN MAKMUR 25/60 TMN SRI MUDA, SEK. 25 SHAH ALAM Bandar Shah Alam Klang Malaysia",3.0113,101.5228
"JLN DAMAI 25/60 TMN SRI MUDA, SEK. 25 SHAH ALAM Bandar Shah Alam Klang Malaysia",3.0262,101.5334
"JLN MAKMUR 25/65 TMN SRI MUDA, SEK. 25 SHAH ALAM Bandar Shah Alam Klang Malaysia",3.0285,101.5368
JALAN ASTAKA 5 BDR BUKIT RAJA Kapar Klang Malaysia,3.1132,101.4349
JALAN ASTAKA 5/KU 2 BDR BUKIT RAJA Kapar Klang Malaysia,3.0286,101.4094
JLN ASTAKA 1C/KU2 BDR BUKIT RAJA Kapar Klang Malaysia,3.0717,101.3941
JLN MAKYONG 5C/KU5 BDR BUKIT RAJA Kapar Klang Malaysia,3.0449,101.4246
JALAN ASTAKA 1A/KU2 BDR BUKIT RAJA Kapar Klang Malaysia,3.0764,101.4357
JALAN ASTAKA 1C/KU2 BDR BUKIT RAJA Kapar Klang Malaysia,3.0509,101.4536
JALAN ASTAKA 4/KU2 BDR BUKIT RAJA Kapar Klang Malaysia,3.0645,101.4458
JALAN MAKYONG 5B/KU5 BDR BUKIT RAJA Kapar Klang Malaysia,3.0827,101.4301
JALAN MAKYONG 5E/KU5 BDR BUKIT RAJA Kapar Klang Malaysia,3.0739,101.4454
JALAN MAKYONG 5F/KU5 BDR BUKIT RAJA Kapar Klang Malaysia,3.1145,101.4147
JALAN RODAT 1 BDR BUKIT RAJA Kapar Klang Malaysia,3.0665,101.4445
JALAN RODAT 1A/KU5 BDR BUKIT RAJA Kapar Klang Malaysia,3.093,101.446
JALAN RODAT 2/KU5 BDR BUKIT RAJA Kapar Klang Malaysia,3.103,101.441
JALAN RODAT 2A BDR BUKIT RAJA Kapar Klang Malaysia,3.0745,101.4328
JALAN RODAT 2A/KU5 BDR BUKIT RAJA Kapar Klang Malaysia,3.0829,101.4436
JALAN RODAT 3/KU5 BDR BUKIT RAJA Kapar Klang Malaysia,3.0649,101.4431
JLN ASTAKA 1A/KU2 BDR BUKIT RAJA Kapar Klang Malaysia,3.063,101.45
JLN ASTAKA 4A/KU2 BDR BUKIT RAJA Kapar Klang Malaysia,3.099,101.416
JLN ASTAKA 4B/KU2 BDR BUKIT RAJA Kapar Klang Malaysia,3.0596,101.4142
JLN ASTAKA 4D/KU2 BDR BUKIT RAJA Kapar Klang Malaysia,3.0517,101.4176
JLN MAKYONG 5A/KU5 BDR BUKIT RAJA Kapar Klang Malaysia,3.0626,101.4483
JLN MAKYONG 5D/KU5 BDR BUKIT RAJA Kapar Klang Malaysia,3.0939,101.4556
JLN MAKYONG 5E/KU5 BDR BUKIT RAJA Kapar Klang Malaysia,3.085,101.451
JLN RODAT 2/KU5 BDR BUKIT RAJA Kapar Klang Malaysia,3.0847,101.4341
JLN RODAT 2A/KU5 BDR BUKIT RAJA Kapar Klang Malaysia,3.0833,101.4667
JLN RODAT 3/KU5 BDR BUKIT RAJA Kapar Klang Malaysia,3.104,101.389
JLN RODAT 4 BDR BUKIT RAJA Kapar Klang Malaysia,3.0826,101.4452
JLN RODAT 4/KU5 BDR BUKIT RAJA Kapar Klang Malaysia,3.089,101.448
JLN SINGGAHSANA 4A/KU2 BDR BUKIT RAJA Kapar Klang Malaysia,3.0615,101.4487
"BATU 2 1/2, JLN KAPAR BDR KLANG Kapar Klang Malaysia",3.0767,101.3153
LEBOH BANGAU BERKERLEY TOWN CENTRE Kapar Klang Malaysia,3.1106,101.3956
LRG ANGSA BERKERLEY TOWN CENTRE Kapar Klang Malaysia,3.055,101.443
JALAN KELULI AK 7/AK BUKIT RAJA COMMERCIAL CENTRE (SEK.7) Kapar Klang Malaysia,3.1186,101.4332
JALAN KELULI AN 7/AN BUKIT RAJA COMMERCIAL CENTRE (SEK.7) Kapar Klang Malaysia,3.0612,101.4354
JLN KELULI AJ 7/AJ BUKIT RAJA COMMERCIAL CENTRE (SEK.7) Kapar Klang Malaysia,3.0395,101.4172
JLN KELULI AK 7/AK BUKIT RAJA COMMERCIAL CENTRE (SEK.7) Kapar Klang Malaysia,3.0595,101.4306
JLN KELULI AN 7/AN BUKIT RAJA COMMERCIAL CENTRE (SEK.7) Kapar Klang Malaysia,3.0886,101.4506
JALAN KELULI AN AK 7/AK BUKIT RAJA COMMERCIAL CENTRE(SEK.7) Kapar Klang Malaysia,3.0689,101.4498
JLN KELULI AP7/AP BUKIT RAJA COMMERCIAL CENTRE(SEK.7) Kapar Klang Malaysia,3.0822,101.4468
JLN MERANTI PUTIH / KU10 DESA PERMAI 2 Kapar Klang Malaysia,3.1575,101.4229
JALAN LENGKUAS B 16/B KEN RIMBA SEK. 16 SHAH ALAM Kapar Klang Malaysia,3.084,101.523
JLN LENGKUAS B 16/B KEN RIMBA SEK. 16 SHAH ALAM Kapar Klang Malaysia,3.0736,101.4721
JLN LENGKUAS C 16/C KEN RIMBA SEK. 16 SHAH ALAM Kapar Klang Malaysia,3.0935,101.4865
JLN LENGKUAS C16/C KEN RIMBA SEK. 16 SHAH ALAM Kapar Klang Malaysia,3.0607,101.5166
JLN LENGKUAS D16/D KEN RIMBA SEK. 16 SHAH ALAM Kapar Klang Malaysia,3.109,101.45
JLN LENGKUAS E 16/E KEN RIMBA SEK. 16 SHAH ALAM Kapar Klang Malaysia,3.058,101.445
JLN COKMAR 1 MUTIARA BUKIT RAJA Kapar Klang Malaysia,3.0917,101.425
JLN MAHKOTA 1/KU2 MUTIARA BUKIT RAJA Kapar Klang Malaysia,3.0944,101.4178
"JLN ZAPIN K/KU5 MUTIARA POINT, BDR BUKIT RAJA Kapar Klang Malaysia",3.0737,101.4211
"JALAN ZAPIN 3A/KU5 MUTIARA POINT, BDR BUKIT RAJA Kapar Klang Malaysia",3.0595,101.4472
"JALAN ZAPIN K MUTIARA POINT, BDR BUKIT RAJA Kapar Klang Malaysia",3.036,101.431
"JALAN ZAPIN K/KU5 MUTIARA POINT, BDR BUKIT RAJA Kapar Klang Malaysia",3.0545,101.4188
"JLN ZAPIN 3A/KU3 MUTIARA POINT,BDR BUKIT RAJA Kapar Klang Malaysia",3.121,101.45
"BATU 2 1/2 , JLN KAPAR OFF JLN KAPAR Kapar Klang Malaysia",3.1405,101.3972
JALAN SUNGAIMBILAH 5/KU4 OFF JLN KAPAR Kapar Klang Malaysia,3.0965,101.4486
TMN KELANA OFF JLN KAPAR Kapar Klang Malaysia,3.118,101.384
PERSIARAN KLANG SENTRAL 4/KU5 OFF JLN MERU Kapar Klang Malaysia,3.0976,101.4086
JLN SG AGAS 6A (BT 23/4 SG PINANG) P/L 856(17846) Kapar Klang Malaysia,3.137,101.381
JLN SG AGAS 6A / KU3 P/L 856(17846) Kapar Klang Malaysia,3.144,101.409
JALAN SUNGAI BILAH 5 P/L 4338 OFF JLN KAPAR Kapar Klang Malaysia,3.1139,101.3397
LRG HAMZAH ALANG 1E P/L 6858 JLN HAMZAH ALANG Kapar Klang Malaysia,3.085,101.384
LRG HAMZAH ALANG 1E/KU9 P/L 6858 JLN HAMZAH ALANG Kapar Klang Malaysia,3.1275,101.4312
JALAN HAMZAH ALANG 1 PEKAN KAPAR Kapar Klang Malaysia,3.1725,101.444
JLN KHOO KEK KENG (JLN TAP) PEKAN KAPAR Kapar Klang Malaysia,3.148,101.45
LRG TANJUNG SYAWAL 1/KU3 SYIT 91C Kapar Klang Malaysia,3.112,101.373
JALAN AMAN PERDANA 1A/KU5 TAMAN AMAN PERDANA Kapar Klang Malaysia,3.1268,101.4386
JLN AMAN PERDANA 1D/KU5 TAMAN AMAN PERDANA Kapar Klang Malaysia,3.1069,101.4096
JLN BATU TIGA LAMA TAMAN SRI RASAU (P/L 713) Kapar Klang Malaysia,3.0829,101.4646
AMAN PERDANA 1A/KU5 TMN AMAN PERDANA Kapar Klang Malaysia,3.1432,101.4309
JALAN AMAN PERDANA 1A/KU5 TMN AMAN PERDANA Kapar Klang Malaysia,3.1362,101.4566
JALAN AMAN PERDANA 1D/KU5 TMN AMAN PERDANA Kapar Klang Malaysia,3.086,101.399
JALAN AMAN PERDANA1A/KU5 TMN AMAN PERDANA Kapar Klang Malaysia,3.1324,101.3839
JALAN AP 1D/KU5 TMN AMAN PERDANA Kapar Klang Malaysia,3.085,101.401
JLN AMAN PERDANA 1A/KU5 TMN AMAN PERDANA Kapar Klang Malaysia,3.1235,101.4376
JLN AMAN PERDANA 1D/KU5 TMN AMAN PERDANA Kapar Klang Malaysia,3.1465,101.4089
"LENGKOK RAKSA 8 TMN AMAN, PEKAN KAPAR Kapar Klang Malaysia",3.0935,101.4477
LORONG ANGSA TMN BERKELEY (TMN BUKIT RAJA) Kapar Klang Malaysia,3.022,101.403
"JLN MAUFAKAT 1 TMN DATO BANDAR, MERU Kapar Klang Malaysia",3.1167,101.4333
"JLN MUAFAKAT 1 TMN DATO BANDAR, MERU Kapar Klang Malaysia",3.1483,101.4055
JLN PISANG/KU10 (PL 1848) TMN DESA MERU Kapar Klang Malaysia,3.1429,101.4376
JLN MERANTI PUTIH 9/KU10 TMN DESA PERMAI PL 4674 Kapar Klang Malaysia,3.0977,101.4098
LORONG KASAWARI 4 TMN ENG ANN Kapar Klang Malaysia,3.1289,101.3864
JALAN JASA TMN JASARIA Kapar Klang Malaysia,3.1305,101.4187
JALAN RAJA NALA 3 TMN KAPAR INDAH Kapar Klang Malaysia,3.0827,101.3529
LRG SG PULOH 13A TMN KLANG UTAMA Kapar Klang Malaysia,3.084,101.421
SOLOK SUNGAI KERAMAT 10B TMN KLANG UTAMA Kapar Klang Malaysia,3.0907,101.3721
JLN MERU SETIA 2 TMN MERU INDAH Kapar Klang Malaysia,3.1606,101.3804
JLN BALAU TMN MERU JAYA Kapar Klang Malaysia,3.1586,101.4103
JLN RANTAU PANJANG 3/KU4 (PL 915) TMN RANTAU PANJANG Kapar Klang Malaysia,3.115,101.416
JLN IMAM ZAKARIA 1A/KU 13 TMN SRI KAPAR Kapar Klang Malaysia,3.097,101.414
JALAN MERANTI BUNGA/KU10 TMN SRI MEWAH 7 (P/L 4692) Kapar Klang Malaysia,3.0775,101.4105
JLN KAPAR TMN SRI MUTIARA Kapar Klang Malaysia,3.1407,101.3685
JALAN SERI SEMENTA 1 TMN SRI SEMENTA Kapar Klang Malaysia,3.095,101.377
JLN HARAPAN 3/KU7 TMN SUNGAI KAPAR INDAH Kapar Klang Malaysia,3.1327,101.3837
JLN HARAPAN 7A/KU7 TMN SUNGAI KAPAR INDAH Kapar Klang Malaysia,3.1208,101.4062
JALAN HARAPAN 7B/KU7 TMN SUNGAI KAPAR INDAH Kapar Klang Malaysia,3.085,101.387
JALAN SG KAPAR INDAH 3A TMN SUNGAI KAPAR INDAH Kapar Klang Malaysia,3.1112,101.4438
JLN HARAPAN 3/KU 7 TMN SUNGAI KAPAR INDAH Kapar Klang Malaysia,3.0896,101.4184
JLN HARAPAN 3A/KU 7 TMN SUNGAI KAPAR INDAH Kapar Klang Malaysia,3.0936,101.3968
JLN HARAPAN 3A/KU7 TMN SUNGAI KAPAR INDAH Kapar Klang Malaysia,3.1109,101.3914
JLN HARAPAN 7B/KU7 TMN SUNGAI KAPAR INDAH Kapar Klang Malaysia,3.116,101.367
JLN SG KAPAR INDAH 3D TMN SUNGAI KAPAR INDAH Kapar Klang Malaysia,3.0823,101.3892
JLN SUNGAI KAPAR INDAH 3K TMN SUNGAI KAPAR INDAH Kapar Klang Malaysia,3.0765,101.4068
JLN F25/F (P/L 11)TMN MUTIARA Kelang Klang Malaysia,3.0402,101.4512
JALAN PANGLIMA HITAM M 35/M ALAM IMPIAN Kelang Klang Malaysia,3.0335,101.4545
JALAN PANGLIMA HITAM P 35/P ALAM IMPIAN Kelang Klang Malaysia,3.0087,101.4593
JALAN PANGLIMA HITAM Q 35/Q ALAM IMPIAN Kelang Klang Malaysia,3.027,101.443
JALAN PANGLIMA HITAM S 35/S ALAM IMPIAN Kelang Klang Malaysia,3.0156,101.5009
JALAN PANGLIMA HITAMQP 35/Q ALAM IMPIAN Kelang Klang Malaysia,3.0222,101.4729
JLN PANGLIMA HITAM M 35/M ALAM IMPIAN Kelang Klang Malaysia,3.0425,101.4461
JLN. PANGLIMA HITAM Q35/Q ALAM IMPIAN Kelang Klang Malaysia,3.0356,101.4508
JLN. PANGLIMA HITAMQP 35/Q ALAM IMPIAN Kelang Klang Malaysia,3.0624,101.4445
ALAM IMPIAN ALAM IMPIAN Kelang Klang Malaysia,3.0248,101.4481
JALAN PANGLIMA HITAM M35/M ALAM IMPIAN Kelang Klang Malaysia,3.0405,101.4508
JALAN PANGLIMA HITAM N 35/N ALAM IMPIAN Kelang Klang Malaysia,3.0355,101.4487
JALAN PANGLIMA HITAM N35/N ALAM IMPIAN Kelang Klang Malaysia,3.0102,101.4314
"JALAN PANGLIMA HITAM P 35/P, SEKSYEN 35 ALAM IMPIAN Kelang Klang Malaysia",3.0102,101.4686
JALAN PANGLIMA HITAM Q 35/P ALAM IMPIAN Kelang Klang Malaysia,3.0395,101.4346
"JALAN PANGLIMA HITAM S 35/S, SEKSYEN 35 ALAM IMPIAN Kelang Klang Malaysia",3.0145,101.4497
JALAN PANGLIMA HITAM T 35/T ALAM IMPIAN Kelang Klang Malaysia,3.0167,101.4498
JALAN TUN TEJA B 35/B ALAM IMPIAN Kelang Klang Malaysia,3.0033,101.4448
JLN PANGLIMA HITAM M35/M ALAM IMPIAN Kelang Klang Malaysia,3.0247,101.4458
JLN PANGLIMA HITAM N 35/N ALAM IMPIAN Kelang Klang Malaysia,3.0218,101.4466
JLN PEANGLIMA HITAM M 35/M ALAM IMPIAN Kelang Klang Malaysia,3.0503,101.447
JLN PEANGLIMA HITAM N 35/N ALAM IMPIAN Kelang Klang Malaysia,3.033,101.454
JLN TOK JANGGUT H35/H ALAM IMPIAN Kelang Klang Malaysia,3.043,101.446
OFF JLN PERSIARAN PANGLIMA HITAM ALAM IMPIAN Kelang Klang Malaysia,3.0333,101.45
SEKSYEN 35 ALAM IMPIAN Kelang Klang Malaysia,3.0738,101.4737
JALAN KEBUN NENAS 3A/KS 8 BANDAR PUTERA 2 Kelang Klang Malaysia,2.9886,101.4528
JALAN KEBUN NENAS 3N/KS8 BANDAR PUTERA 2 Kelang Klang Malaysia,3.047,101.447
JALAN KEBUN NENAS 7A/KS8 BANDAR PUTERA 2 Kelang Klang Malaysia,3.0442,101.4466
JLN KEBUN NENAS 3C/KS8 BANDAR PUTERA 2 Kelang Klang Malaysia,3.0129,101.4464
JLN KEBUN NENAS 4B/KS 8 BANDAR PUTERA 2 Kelang Klang Malaysia,3.0386,101.4473
JALAN SANGGUL 1 BANDAR PUTERI Kelang Klang Malaysia,3.0207,101.4366
JLN SANGGUL 1D BANDAR PUTERI Kelang Klang Malaysia,3.0376,101.4484
LRG SANGGUL 1B BANDAR PUTERI Kelang Klang Malaysia,3.0243,101.4205
"JALAN RAJA NONG 24/KS07 BAYU NIAGA @ TMN SAGA 3, KLANG Kelang Klang Malaysia",3.0265,101.4492
"JLN BAYU LAUT 11/KS09 BAYU NIAGA @ TMN SAGA 3, KLANG Kelang Klang Malaysia",3.0437,101.4451
"JALAN JASMIN 3/KS6 BDR BOTANIC, KLANG Kelang Klang Malaysia",3.059,101.46
"JALAN KASUARINA 8/KS07 BDR BOTANIC, KLANG Kelang Klang Malaysia",3.0509,101.4242
"JLN JASMIN 1/KS6 BDR BOTANIC, KLANG Kelang Klang Malaysia",3.0438,101.4495
"JLN JASMIN 3/KS6 BDR BOTANIC, KLANG Kelang Klang Malaysia",3.052,101.449
"JLN PALMA RAYA BDR BOTANIC, KLANG Kelang Klang Malaysia",3.0503,101.4346
"JLN PALMA RAYA /KS6 BDR BOTANIC, KLANG Kelang Klang Malaysia",3.0545,101.4503
"JLN RAMIN 2/KS7 BDR BOTANIC, KLANG Kelang Klang Malaysia",3.083333,101.450001
"JLN RESAK 1/KS7 BDR BOTANIC, KLANG Kelang Klang Malaysia",3.0196,101.4458
"JLN RESAK 2/KS7 BDR BOTANIC, KLANG Kelang Klang Malaysia",3.006,101.455
JALAN BATU NILAM 27 BDR BUKIT TINGGI Kelang Klang Malaysia,3.0221,101.4458
JLN BATU NILAM 27 BDR BUKIT TINGGI Kelang Klang Malaysia,3.0199,101.4478
JLN BATU NILAM 27A BDR BUKIT TINGGI Kelang Klang Malaysia,3.0123,101.4545
PERS. BATU NILAM 1 BDR BUKIT TINGGI Kelang Klang Malaysia,3.0333,101.4487
YEO GUAN HUP BDR KLANG SELATAN Kelang Klang Malaysia,3.0325,101.4437
JALAN STESEN 1 BDR KLANG SELATAN Kelang Klang Malaysia,3.0323,101.4493
JLN RAYA TIMUR BDR KLANG SELATAN Kelang Klang Malaysia,3.0019,101.4549
JLN KEBUN NENAS 3C/KS8 BDR PUTERA 2 Kelang Klang Malaysia,3.0385,101.4499
JLN KEBUN NENAS 4A/KS8 BDR PUTERA 2 Kelang Klang Malaysia,3.067,101.448
JALAN KEBUN NENAS 3N/KS8 BDR PUTERA 2 Kelang Klang Malaysia,3.0472,101.4465
JALAN KEBUN NENAS 4A/KS8 BDR PUTERA 2 Kelang Klang Malaysia,3.033,101.449
JALAN KEBUN NENAS 7A/KS8 BDR PUTERA 2 Kelang Klang Malaysia,3.0261,101.4467
JLN KEBUN NENAS 3N/KS08 BDR PUTERA 2 Kelang Klang Malaysia,3.0,101.0
"LORONG SANGGUL 1 BDR PUTERI, KLANG Kelang Klang Malaysia",3.0599,101.4787
"LORONG SANGGUL 1A BDR PUTERI, KLANG Kelang Klang Malaysia",3.0555,101.4522
"LORONG SANGGUL 1B BDR PUTERI, KLANG Kelang Klang Malaysia",3.0442,101.4456
"LORONG SANGGUL 1D BDR PUTERI, KLANG Kelang Klang Malaysia",3.0339,101.4496
"LRG PENDING 4B BDR PUTERI, KLANG Kelang Klang Malaysia",3.033333,101.45
"LRG SANGGUL 1 BDR PUTERI, KLANG Kelang Klang Malaysia",3.0447,101.4458
"LRG SANGGUL 1A BDR PUTERI, KLANG Kelang Klang Malaysia",3.0438,101.4457
"LRG SANGGUL 1B BDR PUTERI, KLANG Kelang Klang Malaysia",3.0476,101.4472
JLN SG RASAU E32/E BERJAYA INDUSTRIAL PARK Kelang Klang Malaysia,3.0017,101.4313
JLN SUNGAI RASAU E 32/E BERJAYA INDUSTRIAL PARK Kelang Klang Malaysia,3.0229,101.4336
JLN SUNGAI RASAU E/32E BERJAYA INDUSTRIAL PARK Kelang Klang Malaysia,3.0178,101.4616
JALAN KASUARINA 5/KS 7 BOTANIC AVENUE 1 & 2 Kelang Klang Malaysia,3.0586,101.4497
JALAN REMIA 4/KS6 BOTANIC AVENUE 1 & 2 Kelang Klang Malaysia,3.0565,101.4518
JLN KASUARINA 1/KS 07/FASA 32C BOTANIC AVENUE 1 & 2 Kelang Klang Malaysia,3.045,101.446
JLN KASUARINA 10/KS 07/FASA 32C BOTANIC AVENUE 1 & 2 Kelang Klang Malaysia,3.0378,101.4497
JLN KASUARINA 12/KS7 BOTANIC AVENUE 1 & 2 Kelang Klang Malaysia,3.0443,101.4492
JLN REMIA 2/KS6 BOTANIC AVENUE 1 & 2 Kelang Klang Malaysia,3.0438,101.4461
JLN REMIA 3/KS6 BOTANIC AVENUE 1 & 2 Kelang Klang Malaysia,3.0369,101.449
JLN RAMIN 2 BOTANIC BUSINESS GATEWAY Kelang Klang Malaysia,3.0374,101.4436
JALAN RAMIN 1/KS37 BOTANIC BUSINESS GATEWAY Kelang Klang Malaysia,3.019,101.45
JLN RAMIN 1/KS7 BOTANIC BUSINESS GATEWAY Kelang Klang Malaysia,3.0019,101.4457
JLN RAMIN 2/KS7 BOTANIC BUSINESS GATEWAY Kelang Klang Malaysia,3.048,101.449
JLN KASUARINA 1/KS07 BOTANIC CAPITAL @ BANDAR BOTANIC Kelang Klang Malaysia,3.0029,101.425
JLN KASUARINA 12/KS7 BOTANIC CAPITAL @ BANDAR BOTANIC Kelang Klang Malaysia,3.0333,101.45
JALAN KASUARINA 10/KS7 BOTANIC CAPITAL @ BANDAR BOTANIC Kelang Klang Malaysia,3.0078,101.4486
JLN KASUARINA 8/KS7 BOTANIC CAPITAL @ BANDAR BOTANIC Kelang Klang Malaysia,3.0008,101.4219
JLN KASUARINA 10/KS 07 BOTANIC CAPITAL @ BANDAR BOTANIC Kelang Klang Malaysia,3.0218,101.4395
JLN KASUARINA 10/KS7 BOTANIC CAPITAL @ BANDAR BOTANIC Kelang Klang Malaysia,3.0136,101.415
JLN KASUARINA10/KS 07 BOTANIC CAPITAL @ BANDAR BOTANIC Kelang Klang Malaysia,3.0168,101.4432
JALAN STERENG 34/6 BUKIT KEMUNING LIGHT IND PARK Kelang Klang Malaysia,3.0285,101.4741
JALAN SUNGAI BURUNG Z32/Z BUKIT RIMAU Kelang Klang Malaysia,3.0045,101.5205
JLN SG BURUNG Y 32/Y BUKIT RIMAU Kelang Klang Malaysia,3.0068,101.5007
JALAN SG BURUNG AA 32/AA BUKIT RIMAU Kelang Klang Malaysia,3.029,101.502
JALAN SG BURUNG Y 32/Y BUKIT RIMAU Kelang Klang Malaysia,3.0225,101.4705
JALAN SG BURUNG Z 32/Z BUKIT RIMAU Kelang Klang Malaysia,3.0067,101.5098
JALAN SUNGAI BURUNG U32/U BUKIT RIMAU Kelang Klang Malaysia,3.0075,101.4928
JALAN SUNGAI BURUNG W32/W BUKIT RIMAU Kelang Klang Malaysia,3.0275,101.4945
"JALAN SUNGAI BURUNG Z32/Z, SEKSYEN 32 BUKIT RIMAU Kelang Klang Malaysia",3.0365,101.5015
JLN SG BURUNG U32/U BUKIT RIMAU Kelang Klang Malaysia,3.023,101.516
JLN SG BURUNG X 32/X BUKIT RIMAU Kelang Klang Malaysia,3.0307,101.5316
JLN SUNGAI BURUNG X 32/X BUKIT RIMAU Kelang Klang Malaysia,3.0578,101.5098
JLN SUNGAI BURUNG Y 32/Y BUKIT RIMAU Kelang Klang Malaysia,3.045,101.48
JLN NAGASARI C 36/C DESA LATANIA Kelang Klang Malaysia,3.0,101.45
JLN NAGASARI C36/C DESA LATANIA Kelang Klang Malaysia,3.024,101.446
JLN NAGASARI F 36/F DESA LATANIA Kelang Klang Malaysia,3.0373,101.4445
JALAN DAMAR GLENMARIE COVE Kelang Klang Malaysia,3.0139,101.4476
JLN DAMAR GLENMARIE COVE Kelang Klang Malaysia,3.0148,101.4489
JLN DAMAR (SO-38) GLENMARIE COVE Kelang Klang Malaysia,3.0346,101.4549
JLN SUNGAI KERANJI P 32/P KEMUNING TAIPAN Kelang Klang Malaysia,3.0296,101.4548
JALAN SUNGAI MERBAU N32/N KEMUNING TAIPAN Kelang Klang Malaysia,3.0406,101.4517
JLN SG KERANJI P 32P KEMUNING TAIPAN Kelang Klang Malaysia,3.067,101.503
JLN SG KERANJI Q32/Q KEMUNING TAIPAN Kelang Klang Malaysia,3.05,101.451
JLN SG. KERANJI P32/P KEMUNING TAIPAN Kelang Klang Malaysia,3.0627,101.4505
JLN KEMUNING PRIMA D33/D KEMUNING UTAMA COMMERCIAL CENTRE Kelang Klang Malaysia,3.0486,101.4489
JALAN KEMUNING PRIMA E 33/E KEMUNING UTAMA COMMERCIAL CENTRE Kelang Klang Malaysia,3.0398,101.4487
"JALAN KEMUNING PRIMA F33/F, SEKSYEN 33 KEMUNING UTAMA COMMERCIAL CENTRE Kelang Klang Malaysia",3.0208,101.4513
JLN KEMUNING INDAH S32/S KEMUNING UTAMA COMMERCIAL CENTRE Kelang Klang Malaysia,3.0019,101.4875
JLN KEMUNING PRIMA C33/C KEMUNING UTAMA COMMERCIAL CENTRE Kelang Klang Malaysia,3.0409,101.4477
JLN KEMUNING PRIMA F33/F KEMUNING UTAMA COMMERCIAL CENTRE Kelang Klang Malaysia,3.0208,101.4494
JALAN BAYU IMPIAN 35/KS9 KOTA BAYUEMAS Kelang Klang Malaysia,3.0202,101.435
JALAN BAYU IMPIAN 35/KS09 KOTA BAYUEMAS Kelang Klang Malaysia,3.0156,101.4386
JALAN BAYU IMPIAN 36/KS9 KOTA BAYUEMAS Kelang Klang Malaysia,3.0476,101.4517
JALAN PENDAMAR KOTA BAYUEMAS Kelang Klang Malaysia,3.0327,101.4454
JLN BAYU IMPIAN KOTA BAYUEMAS Kelang Klang Malaysia,3.0439,101.449
JLN BAYU IMPIAN 10/KS9 KOTA BAYUEMAS Kelang Klang Malaysia,3.0227,101.4583
JLN BAYU IMPIAN 35/KS9 KOTA BAYUEMAS Kelang Klang Malaysia,3.033,101.449
JLN BAYU IMPIAN 36/KS9 KOTA BAYUEMAS Kelang Klang Malaysia,3.0045,101.4473
JLN BAYU IMPIAN 36/KS09 KOTA BAYUEMAS Kelang Klang Malaysia,3.0318,101.4454
JALAN BAYU IMPIAN 2/KS9 KOTA BAYUEMAS Kelang Klang Malaysia,3.0047,101.4442
JALAN BAYU IMPIAN 2A/KS9 KOTA BAYUEMAS Kelang Klang Malaysia,3.0189,101.4306
JALAN BAYU IMPIAN 4A(JLN PENDAMARAN) KOTA BAYUEMAS Kelang Klang Malaysia,3.0286,101.4532
J. ANGGERIK ARANDA BG 31/BG KOTA KEMUNING Kelang Klang Malaysia,3.0309,101.5336
JLN ANGGERIK ARANDA BG 31/BG KOTA KEMUNING Kelang Klang Malaysia,3.015,101.522
J. ANGGERIK ARANDA BG31/BG KOTA KEMUNING Kelang Klang Malaysia,3.0235,101.5166
JALAN ANGGERIK ARANDA KOTA KEMUNING Kelang Klang Malaysia,3.0106,101.5415
JALAN ANGGERIK ARANDA BG 31/BG KOTA KEMUNING Kelang Klang Malaysia,3.0157,101.5303
JALAN ANGGERIK ARANDA BH 31/BH KOTA KEMUNING Kelang Klang Malaysia,3.0167,101.4667
JALAN ANGGERIK MOKARA G31/G KOTA KEMUNING Kelang Klang Malaysia,3.0025,101.537
JALAN ANGGERIK MOKARA J 31/J KOTA KEMUNING Kelang Klang Malaysia,3.0074,101.5326
JALAN AU 31/AU KOTA KEMUNING Kelang Klang Malaysia,3.0167,101.45
JLN ANGGERIK DORITIS BB 31/BB KOTA KEMUNING Kelang Klang Malaysia,2.9869,101.5134
JLN ANGGERIK DORITIS BB31/BB KOTA KEMUNING Kelang Klang Malaysia,3.0062,101.5068
JLN ANGGERIK ERIA AT31/AT KOTA KEMUNING Kelang Klang Malaysia,3.014,101.524
JLN ANGGERIK ERIA AU31/AU KOTA KEMUNING Kelang Klang Malaysia,3.0423,101.6048
JLN ANGGERIK MOKARA 31/63 KOTA KEMUNING Kelang Klang Malaysia,2.9798,101.5462
JLN ANGGERIK MOKARA E 31/E KOTA KEMUNING Kelang Klang Malaysia,3.0189,101.5627
JLN ANGGERIK MOKARA H31/H KOTA KEMUNING Kelang Klang Malaysia,3.035,101.566
JLN ANGGERIK VANILLA 31/BF KOTA KEMUNING Kelang Klang Malaysia,2.9817,101.5112
JLN ANGGERIK VANILLA  BE 31/BE KOTA KEMUNING Kelang Klang Malaysia,3.0036,101.5161
JLN  AW 31/AW KOTA KEMUNING Kelang Klang Malaysia,3.0725,101.5072
JLN BB 31/BB KOTA KEMUNING Kelang Klang Malaysia,3.0167,101.45
KEMUNING IMPIAN BUSINESS PARK KOTA KEMUNING Kelang Klang Malaysia,3.0075,101.5378
KOTA KEMUNING KOTA KEMUNING Kelang Klang Malaysia,3.0128,101.5359
JLN SG BERTEK OFF JLN TELUK GADUNG Kelang Klang Malaysia,3.0325,101.446
JLN SUSUR OFF JLN TELUK GADUNG Kelang Klang Malaysia,3.0339,101.447
LRG HILIR 7 OFF JLN TELUK GADUNG Kelang Klang Malaysia,3.0382,101.4499
OFF JLN TELOK PULAI OFF JLN TELUK PULAI Kelang Klang Malaysia,3.0183,101.4497
JALAN BAYU LAUT 15E/KS09 ONE KESAS @ KLANG Kelang Klang Malaysia,3.0157,101.4459
OFF LEBUHRAYA PULAU INDAH ONE KESAS @ KLANG Kelang Klang Malaysia,3.0128,101.4217
"JLN UDANG KARA 20 P/L 1732,1731, JLN SG UDANG Kelang Klang Malaysia",3.0275,101.4489
"JLN UDANG KARA 20B/KS3 P/L 1732,1731, JLN SG UDANG Kelang Klang Malaysia",3.0172,101.3764
JLN BENDAHARA 38 P/L 2898 OFF JLN SG JATI Kelang Klang Malaysia,3.0397,101.4499
"JLN IKAN JENAHAK 20A/KS10 P/L 8926, TELOK GONG Kelang Klang Malaysia",3.0485,101.4468
"LRG IKAN JENAHAK 20A P/L 8926, TELOK GONG Kelang Klang Malaysia",3.0207,101.416
JLN MELAKA PELABUHAN KLANG Kelang Klang Malaysia,2.1889,101.2501
JLN PERMATA 1/KS09 PUSAT PERDAGANGAN BESTARI Kelang Klang Malaysia,3.0448,101.4443
JLN BHARU SEK. 21-28 BDR KLANG Kelang Klang Malaysia,3.033,101.45
JALAN LAKSAMANA 6 SENTOSA TAIPAN Kelang Klang Malaysia,3.068,101.501
JLN LAKSAMANA 5 SENTOSA TAIPAN Kelang Klang Malaysia,3.0256,101.4446
JALAN LAKSAMANA 6 DI JALAN SAUNGAI JATI SENTOSA TAIPAN Kelang Klang Malaysia,3.0579,101.5095
LENGKOK SELAT SELATAN SOBENA JAYA Kelang Klang Malaysia,3.0235,101.4506
JALAN SELAT SELATAN 15 SOBENA JAYA Kelang Klang Malaysia,3.003,101.445
JLN SELAT SELATAN 15 SOBENA JAYA Kelang Klang Malaysia,3.0117,101.4493
LENGKUK SELAT SELATAN SOBENA JAYA Kelang Klang Malaysia,3.0333,101.45
JALAN DATO' DAGANG 39 SRI SENTOSA COMMERCIAL CENTRE(P/L 10370) Kelang Klang Malaysia,3.044,101.45
JLN SERULING 47 TAMAN KLANG JAYA Kelang Klang Malaysia,3.0376,101.4302
JALAN SAMARINDA 31/KS7 TAMAN MAZNAH Kelang Klang Malaysia,3.0278,101.4462
JALAN BENDAHARA 2 TAMAN SEJATI (P/L:10369) Kelang Klang Malaysia,3.0436,101.4497
JLN BENDAHARA 2 TAMAN SEJATI (P/L:10369) Kelang Klang Malaysia,3.0449,101.4494
JLN IKAN JENAHAK 20/KS 10 TELOK GONG Kelang Klang Malaysia,3.0325,101.4675
JLN SG TERAP 32/120 TMN ALAM PERMAI OFF JLN BKT KEMUNING Kelang Klang Malaysia,3.045,101.44
JALAN BAYU PERDANA 8 TMN BAYU PERDANA Kelang Klang Malaysia,3.0315,101.4507
JLN BATU UNJUR 8/KS6 TMN BAYU PERDANA Kelang Klang Malaysia,3.004,101.44
PERSIARAN PEGAGA TMN BAYU PERDANA Kelang Klang Malaysia,3.0228,101.446
JALAN BATU UNJUR 7 TMN BAYU PERDANA Kelang Klang Malaysia,3.0227,101.4525
JALAN BUKIT JATI 5 TMN BUKIT JATI (PL 3455) Kelang Klang Malaysia,3.0405,101.4472
JALAN BUKIT JATI 5 TMN BUKIT JATI PL 3455 Kelang Klang Malaysia,3.065,101.467
JALAN KEMUNING 2 TMN BUNGA INDAH Kelang Klang Malaysia,3.0443,101.4436
"LRG RAJA NONG 18A TMN BUNGA RAYA, OFF JLN KOTA RAJA Kelang Klang Malaysia",3.0409,101.4494
JALAN BATU UNJUR TMN CHI LIUNG 4 Kelang Klang Malaysia,3.047,101.449
JALAN SENTOSA TMN CHI LIUNG 4 Kelang Klang Malaysia,3.0349,101.4465
"JLN SG BERTEK TMN EMAS, SG. BERTIK Kelang Klang Malaysia",3.033,101.45
"LRG POKOK SAKAT TMN GEMBIRA, TELOK GADONG Kelang Klang Malaysia",3.0333,101.45
LORONG SAMARINDA 8 TMN KANDIS PERMAI Kelang Klang Malaysia,3.0742,101.4524
JALAN SELAMPIT 46 TMN KLANG JAYA Kelang Klang Malaysia,3.0419,101.4545
JALAN SERULING 47 TMN KLANG JAYA Kelang Klang Malaysia,3.0375,101.4456
JLN SERULING 45 TMN KLANG JAYA Kelang Klang Malaysia,3.0179,101.4478
JLN SERULING 47 TMN KLANG JAYA Kelang Klang Malaysia,3.0432,101.4486
JALAN SAMARINDA 31/KS7 TMN MAZNAH Kelang Klang Malaysia,3.0389,101.4486
JLN SAMARINDA 31/KS7 (P/L15750) TMN MAZNAH Kelang Klang Malaysia,3.0448,101.4497
LORONG SUTERA 12 TMN MAZNAH Kelang Klang Malaysia,3.039,101.445
LRG MANICKAVASAGAM 3B TMN MENARA MAJU Kelang Klang Malaysia,3.027,101.447
JALAN BENDAHARA 38 TMN MULIA KLANG Kelang Klang Malaysia,3.0475,101.4549
JALAN F 25/F TMN MUTIARA (P/L 11) Kelang Klang Malaysia,3.0442,101.4491
LRG SETAKA TMN PALM GROVE Kelang Klang Malaysia,3.0679,101.4465
LRG PERMAI 1H/KS5 TMN PANDAMARAN PERMAI / KOTA PENDAMAR Kelang Klang Malaysia,3.0103,101.4139
JLN PERMAI 1D TMN PANDAMARAN PERMAI/KOTA PENDAMAR Kelang Klang Malaysia,3.0289,101.4383
JLN PERMAI 1J/KS9 TMN PANDAMARAN PERMAI/KOTA PENDAMAR Kelang Klang Malaysia,3.0093,101.4221
LORONG PERMAI 1C/KS9 TMN PANDAMARAN PERMAI/KOTA PENDAMAR Kelang Klang Malaysia,3.0269,101.4495
LRG PERMAI 1A TMN PANDAMARAN PERMAI/KOTA PENDAMAR Kelang Klang Malaysia,3.0123,101.4147
LRG PERMAI 1I/KS05 TMN PANDAMARAN PERMAI/KOTA PENDAMAR Kelang Klang Malaysia,3.0,101.45
LRG PERMAI 1J/KS05 TMN PANDAMARAN PERMAI/KOTA PENDAMAR Kelang Klang Malaysia,3.0208,101.448
"40-1, JLN PERMAI 1D TMN PANDAMARAN PERMAI/KOTA PENDAMAR Kelang Klang Malaysia",3.0039,101.4146
JALAN PERMAI 1A/KS09 TMN PANDAMARAN PERMAI/KOTA PENDAMAR Kelang Klang Malaysia,3.0089,101.4136
JALAN PERMAI 1D/KS9 TMN PANDAMARAN PERMAI/KOTA PENDAMAR Kelang Klang Malaysia,3.021,101.437
JLN PERMAI 1A TMN PANDAMARAN PERMAI/KOTA PENDAMAR Kelang Klang Malaysia,3.043,101.44
JLN PERMAI 1C TMN PANDAMARAN PERMAI/KOTA PENDAMAR Kelang Klang Malaysia,3.0075,101.4007
JLN PERMAI 1C/KS9 TMN PANDAMARAN PERMAI/KOTA PENDAMAR Kelang Klang Malaysia,3.0039,101.3931
LORONG PERMAI 1B/KS9 TMN PANDAMARAN PERMAI/KOTA PENDAMAR Kelang Klang Malaysia,3.0147,101.4312
LORONG PERMAI 1D/KS9 TMN PANDAMARAN PERMAI/KOTA PENDAMAR Kelang Klang Malaysia,3.001,101.399
LRG PERMAI 1A/KS9 TMN PANDAMARAN PERMAI/KOTA PENDAMAR Kelang Klang Malaysia,3.0147,101.396
LRG PERMAI 1B TMN PANDAMARAN PERMAI/KOTA PENDAMAR Kelang Klang Malaysia,3.0435,101.4469
LRG PERMAI 1B/KS9 TMN PANDAMARAN PERMAI/KOTA PENDAMAR Kelang Klang Malaysia,3.001,101.403
LRG PERMAI 1D TMN PANDAMARAN PERMAI/KOTA PENDAMAR Kelang Klang Malaysia,3.0079,101.4312
LRG PERMAI 1H/KS5 TMN PANDAMARAN PERMAI/KOTA PENDAMAR Kelang Klang Malaysia,3.0227,101.3972
LRG PERMAI 11/KS5 TMN PANDAMARAN PERMAI/KOTA PENDAMAR Kelang Klang Malaysia,3.0076,101.4025
LEBUH PENDAMAR INDAH 1 TMN PENDAMAR INDAH Kelang Klang Malaysia,3.0439,101.4521
SOLOK PENDAMAR INDAH 1 TMN PENDAMAR INDAH Kelang Klang Malaysia,3.024,101.445
JLN HJ ABDUL KARIM 29/KS02 TMN PERINDUSTRIAN SG JATIN (P/L 2557) Kelang Klang Malaysia,3.021,101.449
"JLN TEMENGGUNG 37A/KS7 TMN SEJAHTERA, KLANG Kelang Klang Malaysia",3.0399,101.4458
"JALAN TEMENGGUNG 37A/KS7 TMN SEJAHTERA, KLANG Kelang Klang Malaysia",3.0436,101.4482
"JALAN TEMENGGUNG 37B/KS7 TMN SEJAHTERA, KLANG Kelang Klang Malaysia",3.0186,101.4451
"JLN TEMENGGONG 37B/KS7 TMN SEJAHTERA, KLANG Kelang Klang Malaysia",3.0308,101.4467
"JLN TEMENGGUNG 37 TMN SEJAHTERA, KLANG Kelang Klang Malaysia",3.026,101.447
JALAN BENDAHARA 2 TMN SEJATI Kelang Klang Malaysia,3.0397,101.4483
JALAN HULUBALANG 2 TMN SEJATI Kelang Klang Malaysia,3.044,101.449
LRG BENDAHARA 4/KS7 TMN SEJATI Kelang Klang Malaysia,3.0156,101.4507
JALAN BENDAHARA 2/KS7 TMN SEJATI Kelang Klang Malaysia,3.0145,101.4472
JALAN BENDAHARA 3 TMN SEJATI Kelang Klang Malaysia,3.044,101.451
JLN BENDAHARA 2 TMN SEJATI Kelang Klang Malaysia,3.0459,101.4511
JLN BENDAHARA 3 TMN SEJATI Kelang Klang Malaysia,3.0526,101.4505
LRG BENDAHARA 4/KS7 (P/L10356) TMN SEJATI Kelang Klang Malaysia,3.0367,101.4474
JALAN BENDAHARA 2 TMN SEJATI (P/L:10369) Kelang Klang Malaysia,3.0367,101.4448
JLN BENDAHARA TMN SEJATI (P/L:10369) Kelang Klang Malaysia,3.0333,101.45
JLN BENDAHARA 2 TMN SEJATI (P/L:10369) Kelang Klang Malaysia,3.0445,101.4554
JLN BENDAHARA 3 TMN SEJATI (P/L:10369) Kelang Klang Malaysia,3.043,101.449
JALAN BENDAHARA 1 TMN SEJATI (P/L:10369) Kelang Klang Malaysia,3.0333,101.45
JALAN BENDAHARA 3/KS07 TMN SEJATI (P/L:10369) Kelang Klang Malaysia,3.029,101.445
LINTANG TAMARIND TMN SELATAN Kelang Klang Malaysia,3.0333,101.45
LTG.TAMARIND TMN SELATAN Kelang Klang Malaysia,3.045,101.45
LRG BENDAHARA 13 TMN SENTOSA JAYA Kelang Klang Malaysia,3.033,101.45
"JALAN DATO YUSUF SHAHBUDDDIN 44E/KS7 TMN SENTOSA,  SG. JATI Kelang Klang Malaysia",3.0449,101.4458
"LRG DATO YUSOF SHAHBUDIN 44F/KS07 TMN SENTOSA,  SG. JATI Kelang Klang Malaysia",3.0207,101.4492
"JALAN DATO YUSUF SHAHBUDIN 28 TMN SENTOSA,  SG. JATI Kelang Klang Malaysia",3.0179,101.4453
"JALAN HULUBALANG 27A TMN SENTOSA,  SG. JATI Kelang Klang Malaysia",3.0249,101.4513
"JLN DATO YUSOF SHAHBUDIN 28 TMN SENTOSA,  SG. JATI Kelang Klang Malaysia",3.0333,101.45
"LORONG DATO YUSOF SHAHBUDIN 44E/KS07 TMN SENTOSA,  SG. JATI Kelang Klang Malaysia",3.0185,101.4445
"LORONG DYS 44E TMN SENTOSA,  SG. JATI Kelang Klang Malaysia",3.0296,101.4488
"LORONG DYS 44E/KS7 (P/L 98319) TMN SENTOSA,  SG. JATI Kelang Klang Malaysia",3.0145,101.4425
"LORONG DYS 44E/KS07 TMN SENTOSA,  SG. JATI Kelang Klang Malaysia",3.0407,101.4519
"LRG DATO YUSOF SHAHBUDIN 44E/KS07 TMN SENTOSA,  SG. JATI Kelang Klang Malaysia",3.028,101.45
"LRG DATO YUSUF SHAHBUDIN 44E TMN SENTOSA,  SG. JATI Kelang Klang Malaysia",3.035,101.451
"LRG DATO YUSUF SHAHBUDIN 44E/KS7 TMN SENTOSA,  SG. JATI Kelang Klang Malaysia",3.0439,101.4525
"LRG DATO YUSOF SHAHBUDIN 44E/KS07 TMN SENTOSA,  SG. JATY Kelang Klang Malaysia",3.033,101.45
LORONG TEMENGGUNG 20A TMN SERI BAHAGIA Kelang Klang Malaysia,3.0449,101.4451
JLN TELOK MENEGON 6 TMN SERI MENEGUN Kelang Klang Malaysia,3.041,101.448
"LORONG SETIA 1A TMN SETIA, JOHAN SETIA Kelang Klang Malaysia",3.0199,101.4305
"LRG SETIA 1A/KS08 TMN SETIA, JOHAN SETIA Kelang Klang Malaysia",3.0039,101.4475
JLN SRI DAMAK 18 TMN SRI ANDALAS Kelang Klang Malaysia,3.0167,101.45
JALAN BAWAL TAMBAK TMN SRI GADONG Kelang Klang Malaysia,3.0316,101.4446
JLN BAWAL TAMBAK TMN SRI GADONG Kelang Klang Malaysia,3.0357,101.4453
"JALAN MAKMUR 25/64 TMN SRI MUDA, SEK. 25 SHAH ALAM Kelang Klang Malaysia",3.0239,101.5381
"JLN 25/88 TMN SRI MUDA, SEK. 25 SHAH ALAM Kelang Klang Malaysia",3.0539,101.5186
"JLN MEWAH SATU 25/63A TMN SRI MUDA, SEK. 25 SHAH ALAM Kelang Klang Malaysia",3.0415,101.534
"JALAN 25/63 HINGGA 25/66 TMN SRI MUDA, SEK. 25 SHAH ALAM Kelang Klang Malaysia",3.0556,101.5119
"JALAN 25/64 TMN SRI MUDA, SEK. 25 SHAH ALAM Kelang Klang Malaysia",3.0139,101.5343
"JALAN 25/66 TMN SRI MUDA, SEK. 25 SHAH ALAM Kelang Klang Malaysia",3.0449,101.5343
"JALAN BERSATU 25/9 TMN SRI MUDA, SEK. 25 SHAH ALAM Kelang Klang Malaysia",3.0675,101.5465
"JALAN HIDAYAT 25/85 TMN SRI MUDA, SEK. 25 SHAH ALAM Kelang Klang Malaysia",3.0226,101.5514
"JALAN MESRA  25/66 TMN SRI MUDA, SEK. 25 SHAH ALAM Kelang Klang Malaysia",3.0316,101.5338
"JALAN MESRA 25/66 TMN SRI MUDA, SEK. 25 SHAH ALAM Kelang Klang Malaysia",3.0348,101.5383
"JLN BERSATU 25/9 TMN SRI MUDA, SEK. 25 SHAH ALAM Kelang Klang Malaysia",3.0333,101.5333
"JLN JIMAT 25/87 TMN SRI MUDA, SEK. 25 SHAH ALAM Kelang Klang Malaysia",3.077,101.535
"JLN MAKMUR 25/64 TMN SRI MUDA, SEK. 25 SHAH ALAM Kelang Klang Malaysia",3.0205,101.5167
"JLN MAKMUR 25/66 TMN SRI MUDA, SEK. 25 SHAH ALAM Kelang Klang Malaysia",3.0585,101.5032
"JLN MESRA 25/66 TMN SRI MUDA, SEK. 25 SHAH ALAM Kelang Klang Malaysia",3.0378,101.5324
"JLN PEDOMAN 25/88 TMN SRI MUDA, SEK. 25 SHAH ALAM Kelang Klang Malaysia",3.055,101.488
"JLN. 25/85 TMN SRI MUDA TMN SRI MUDA, SEK. 25 SHAH ALAM Kelang Klang Malaysia",3.0187,101.5036
"K COMMERCIAL TMN SRI MUDA, SEK. 25 SHAH ALAM Kelang Klang Malaysia",3.028,101.516
JLN DATO DAGANG 39 TMN SRI SENTOSA Kelang Klang Malaysia,3.0485,101.4505
JALAN DATO DAGANG 39 TMN SRI SENTOSA FASA II Kelang Klang Malaysia,3.038,101.448
JLN TENGKU BADRI SHAH 1/KS02 TMN TEKNIK JAYA Kelang Klang Malaysia,3.032,101.445
JALAN TEPI SUNGAI TMN WANGI (TEPI SUNGAI) Kelang Klang Malaysia,3.0395,101.4476
JLN TEPI SUNGAI TMN WANGI (TEPI SUNGAI) Kelang Klang Malaysia,3.044,101.448
JLN CEMPAKASARI 16B/KU6 TMN CEMPAKASARI Pekan Batu Empat Klang Malaysia,3.0489,101.4469
JLN SUNGAI KERAMAT 9/KU6 TMN KLANG UTAMA Pekan Batu Empat Klang Malaysia,3.054,101.455
LEBUH SERI PEKAN/KU6 TMN KLANG UTAMA Pekan Batu Empat Klang Malaysia,3.0408,101.4512
LINTANG SG KERAMAT 9/KU6 TMN KLANG UTAMA Pekan Batu Empat Klang Malaysia,3.0545,101.4513
LINTANG SUNGAI KERAMAT 9/KU6 TMN KLANG UTAMA Pekan Batu Empat Klang Malaysia,3.087,101.438
LORONG SUNGAI PULOH 13D/KU5 TMN KLANG UTAMA Pekan Batu Empat Klang Malaysia,3.0306,101.4359
LRG SG PULOH 13D/KU5 TMN KLANG UTAMA Pekan Batu Empat Klang Malaysia,3.0436,101.4468
"JLN R 32/R TMN SRI MUDA, SEK. 25 SHAH ALAM Pekan Bukit Kemuning Klang Malaysia",3.0408,101.5324
JLN. RAJA MOKHTAR 1 PEKAN KAPAR Pekan Kapar Klang Malaysia,3.127,101.426
BT 10 OFF JLN KAPAR PEKAN KAPAR Pekan Kapar Klang Malaysia,3.0507,101.3486
JALAN HJ ABDUL SAMAT 2A/KU3 PEKAN KAPAR Pekan Kapar Klang Malaysia,3.0905,101.3789
JALAN RAJA MOKHTAR 4 PEKAN KAPAR Pekan Kapar Klang Malaysia,3.1006,101.4162
JALAN RAJA NALA 14 PEKAN KAPAR Pekan Kapar Klang Malaysia,3.1118,101.4288
JLN BUKIT KAPAR PEKAN KAPAR Pekan Kapar Klang Malaysia,3.125,101.416
JLN HJ ABD SAMAT 2A/KU3 PEKAN KAPAR Pekan Kapar Klang Malaysia,3.043,101.387
JLN HJ ABDUL SAMAD 2A/KU3 PEKAN KAPAR Pekan Kapar Klang Malaysia,3.0755,101.431
JLN RAJA MOKHTAR 1 PEKAN KAPAR Pekan Kapar Klang Malaysia,3.1669,101.4323
JLN RAJA MOKHTAR 2 PEKAN KAPAR Pekan Kapar Klang Malaysia,3.0764,101.4319
JLN RAJA NALA 14 PEKAN KAPAR Pekan Kapar Klang Malaysia,3.0667,101.4167
LINTANG DATO TAHIR 1 PEKAN KAPAR Pekan Kapar Klang Malaysia,3.085,101.427
"JLN RAJA NALA 7 TAMAN BUNGA RAYA,KAPAR Pekan Kapar Klang Malaysia",3.08,101.3167
LORONG KAPAR  SETIA  8 TAMAN EMAS FASA I & II Pekan Kapar Klang Malaysia,3.104,101.397
"JLN RAJA NALA 7 TMN BUNGA RAYA, KAPAR Pekan Kapar Klang Malaysia",3.1519,101.4562
"LORONG RAJA NALA 7 TMN BUNGA RAYA, KAPAR Pekan Kapar Klang Malaysia",3.1267,101.3561
JLN DATO TAHIR 5 TMN MAJU JAYA Pekan Kapar Klang Malaysia,3.1006,101.4086
JLN HAJI YAAKOB 2 TMN SAGA 3 Pekan Kapar Klang Malaysia,3.0717,101.4173
JALAN MERANTI SUTERA 1KU/10 PEKAN MERU Pekan Meru Klang Malaysia,3.0956,101.4378
JLN JELUTONG 1A/KU8 PEKAN MERU Pekan Meru Klang Malaysia,3.0757,101.4471
JLN MERANTI SUTERA 1 KU/10 PEKAN MERU Pekan Meru Klang Malaysia,3.095,101.446
JLN MERANTI SUTERA 1/KU10 PEKAN MERU Pekan Meru Klang Malaysia,3.0976,101.4516
JLN MERANTI SUTERA 1KU/10 PEKAN MERU Pekan Meru Klang Malaysia,3.0527,101.4322
JLN BATU NILAM 1 BDR BUKIT TINGGI Pekan Pendamaran Klang Malaysia,3.0146,101.4487
JLN BATU NILAM 3 BDR BUKIT TINGGI Pekan Pendamaran Klang Malaysia,3.0253,101.4464
JLN BATU NILAM 3/KS03 BDR BUKIT TINGGI Pekan Pendamaran Klang Malaysia,3.0317,101.4495
JLN BATU NILAM 3F BDR BUKIT TINGGI Pekan Pendamaran Klang Malaysia,3.0436,101.4474
JLN BATU NILAM 3F/KS06 BDR BUKIT TINGGI Pekan Pendamaran Klang Malaysia,3.043,101.447
JALAN LENGKOK PANDAMARAN JAYA Pekan Pendamaran Klang Malaysia,3.0093,101.4138
JALAN PANDAMARAN JAYA 99 PANDAMARAN JAYA Pekan Pendamaran Klang Malaysia,3.0036,101.3975
JLN PANDAMARAN JAYA 63 PANDAMARAN JAYA Pekan Pendamaran Klang Malaysia,3.0,101.4
LENGKOK PANDAMARAN JAYA 99 PANDAMARAN JAYA Pekan Pendamaran Klang Malaysia,3.0048,101.3954
LORONG SENTOSA 4A TMN BAYU TINGGI Pekan Pendamaran Klang Malaysia,3.0328,101.4567
LRG SENTOSA 4 TMN BAYU TINGGI Pekan Pendamaran Klang Malaysia,3.0139,101.4264
JLN BAYU TINGGI 8 TMN BAYU TINGGI Pekan Pendamaran Klang Malaysia,3.0095,101.4075
JLN BAYU TINGGI 8/KS6 TMN BAYU TINGGI Pekan Pendamaran Klang Malaysia,3.006,101.402
LORONG BAYU TINGGI 4C/KS6 TMN BAYU TINGGI Pekan Pendamaran Klang Malaysia,3.0258,101.4386
LORONG SENTOSA 4 TMN BAYU TINGGI Pekan Pendamaran Klang Malaysia,3.008,101.445
LRG BAYU TINGGI 4C/KS6 TMN BAYU TINGGI Pekan Pendamaran Klang Malaysia,3.0279,101.4467
LRG SENTOSA 4A TMN BAYU TINGGI Pekan Pendamaran Klang Malaysia,3.0,101.3975
"JLN EHSAN PERDANA 4 TMN EHSAN PERDANA, PANDAMARAN Pekan Pendamaran Klang Malaysia",3.0185,101.4047
"JALAN EHSAN PERDANA 3 TMN EHSAN PERDANA, PANDAMARAN Pekan Pendamaran Klang Malaysia",3.0205,101.4369
"JALAN EHSAN PERDANA 4 TMN EHSAN PERDANA, PANDAMARAN Pekan Pendamaran Klang Malaysia",3.0089,101.4098
"JLN EHSAN PERDANA 2 TMN EHSAN PERDANA, PANDAMARAN Pekan Pendamaran Klang Malaysia",3.0105,101.3939
"JLN EHSAN PERDANA 3 TMN EHSAN PERDANA, PANDAMARAN Pekan Pendamaran Klang Malaysia",3.0205,101.4198
JLN MELAKA PELABUHAN KLANG Pekan Port Swettenham Klang Malaysia,3.0,101.4
PERSIARAN RAJA MUDA MUSA PELABUHAN KLANG Pekan Port Swettenham Klang Malaysia,3.0049,101.4172
JLN KEM PELABUHAN KLANG Pekan Port Swettenham Klang Malaysia,3.0,101.4
LRG BERANGAN PELABUHAN KLANG Pekan Port Swettenham Klang Malaysia,3.0,101.4167
PER. RAJA MUDA MUSA PELABUHAN KLANG Pekan Port Swettenham Klang Malaysia,3.0014,101.4186
JLN BB 1/4 TAMAN BANTING BARU Bandar Kuala Langat Malaysia,2.8253,101.4982
JALAN BB 1/2 TAMAN BANTING BARU Bandar Kuala Langat Malaysia,2.823,101.495
JLN BB 1/5 TAMAN BANTING BARU Bandar Kuala Langat Malaysia,2.815,101.512
JLN GURU TAMAN JUGRA CEMERLANG Bandar Kuala Langat Malaysia,2.8055,101.5483
JALAN PERDANA 6/1 UPR BUSINESS CENTRE Bandar Kuala Langat Malaysia,2.8186,101.5106
JALAN PERDANA 6/3 UPR BUSINESS CENTRE Bandar Kuala Langat Malaysia,2.8167,101.5
JLN PUSARA UPR BUSINESS CENTRE Bandar Kuala Langat Malaysia,2.8333,101.5167
JALAN BUNGA PEKAN BDR. BANTING Bandar Banting Kuala Langat Malaysia,2.8228,101.4979
JALAN SERI PEKAN 2 BDR. BANTING Bandar Banting Kuala Langat Malaysia,2.8222,101.5088
JALAN SRI PEKAN 3 BDR. BANTING Bandar Banting Kuala Langat Malaysia,2.8039,101.5012
JALAN SULTAN ABDUL SAMAD (JALAN BESAR) BDR. BANTING Bandar Banting Kuala Langat Malaysia,2.8167,101.5
JALAN SULTAN SAMAD BDR. BANTING Bandar Banting Kuala Langat Malaysia,2.8106,101.5066
JLN BUNGA PEKAN 2 BDR. BANTING Bandar Banting Kuala Langat Malaysia,2.8145,101.5053
JLN SERI PEKAN BDR. BANTING Bandar Banting Kuala Langat Malaysia,2.8114,101.4957
JLN SERI PEKAN 3 BDR. BANTING Bandar Banting Kuala Langat Malaysia,2.815,101.503
JLN SERI PEKAN 4 BDR. BANTING Bandar Banting Kuala Langat Malaysia,2.812,101.508
JLN SULTAN ABD SAMAD BDR. BANTING Bandar Banting Kuala Langat Malaysia,2.8137,101.4994
JLN SULTAN ABDUL SAMAD BDR. BANTING Bandar Banting Kuala Langat Malaysia,2.8127,101.5078
JLN SULTAN ALAM SHAH BDR. BANTING Bandar Banting Kuala Langat Malaysia,2.8127,101.5014
JALAN KEMBOJA 12 TAMAN AMAN Bandar Banting Kuala Langat Malaysia,2.8136,101.5058
JALAN BAIDURI TAMAN BAIDURI Bandar Banting Kuala Langat Malaysia,2.8206,101.4986
JLN CEMPAKA HARUM 1 TAMAN CEMPAKA Bandar Banting Kuala Langat Malaysia,2.8225,101.5014
JALAN CEMPAKA HARUM 1 TAMAN CEMPAKA Bandar Banting Kuala Langat Malaysia,2.817,101.492
JALAN CEMPAKA WANGI 1 TAMAN CEMPAKA Bandar Banting Kuala Langat Malaysia,2.8109,101.5024
JLN CEMPAKA WANGI 1 TAMAN CEMPAKA Bandar Banting Kuala Langat Malaysia,2.8167,101.5
JALN TELOK BUNUT TAMAN DELIMA Bandar Banting Kuala Langat Malaysia,2.8104,101.5289
JALAN MULIA TAMAN MULIA BANTING Bandar Banting Kuala Langat Malaysia,2.8069,101.5027
JALAN SEMILANG TAMAN SRI PUTRA Bandar Banting Kuala Langat Malaysia,2.8136,101.5036
JALAN SEMILANG 1 TAMAN SRI PUTRA Bandar Banting Kuala Langat Malaysia,2.8119,101.5029
JLN SEMILANG 1 TAMAN SRI PUTRA Bandar Banting Kuala Langat Malaysia,2.8289,101.5048
JALAN BAYAM 1( DESA JARUM) TAMAN DESA JENJAROM Bandar Jenjarum/Sg Jarum Kuala Langat Malaysia,2.915,101.538
JLN LANGSAT 5 TAMAN SEJAHTERA Bandar Jenjarum/Sg Jarum Kuala Langat Malaysia,2.779,101.479
JALAN 2/2 TAMAN SERI JAROMAS Bandar Jenjarum/Sg Jarum Kuala Langat Malaysia,2.9455,101.4617
JALAN BACANG 17 TAMAN SERI JAROMAS Bandar Jenjarum/Sg Jarum Kuala Langat Malaysia,2.801,101.478
JALAN BACANG 17 TAMAN YAYASAN Bandar Jenjarum/Sg Jarum Kuala Langat Malaysia,2.8626,101.4523
"JALAN WIRA  2 TAMAN PERWIRA, TPG Bandar Sijangkang Kuala Langat Malaysia",2.8958,101.4656
JALAN DUKU 2 TAMAN SRI MEDAN Bandar Sijangkang Kuala Langat Malaysia,2.9167,101.4409
JLN PASAR KG. BARU TG. SEPAT Bandar Tanjung Sepat Kuala Langat Malaysia,2.6807,101.5596
"JALAN BAWAL 4 TAMAN MUTIARA, TG SEPAT Bandar Tanjung Sepat Kuala Langat Malaysia",2.5982,101.5716
"JALAN TENGGIRI TAMAN MUTIARA, TG SEPAT Bandar Tanjung Sepat Kuala Langat Malaysia",2.6625,101.5005
"JLN BAWAL TAMAN MUTIARA, TG SEPAT Bandar Tanjung Sepat Kuala Langat Malaysia",2.656,101.525
"JLN TENGGGIRI TAMAN MUTIARA, TG SEPAT Bandar Tanjung Sepat Kuala Langat Malaysia",2.6189,101.5477
"JLN TENGGIRI TAMAN MUTIARA, TG SEPAT Bandar Tanjung Sepat Kuala Langat Malaysia",2.681,101.551
JALAN SENANGIN 8 TMN. TANJUNG Bandar Tanjung Sepat Kuala Langat Malaysia,2.6492,101.5468
TG SEPAT KG. BARU TG. SEPAT Batu (Kuala Langat) Kuala Langat Malaysia,2.793,101.453
JALAN KUNDANG 11/1 TMN. SRI KUNDANG Batu (Kuala Langat) Kuala Langat Malaysia,3.0398,101.4212
JALAN 6A KOMPLEKS PERABOT OLAK LEMPIT Pekan Bukit Changgang Kuala Langat Malaysia,2.8475,101.4905
JALAN 6B KOMPLEKS PERABOT OLAK LEMPIT Pekan Bukit Changgang Kuala Langat Malaysia,2.8389,101.6082
JALAN BUKIT CHANGGANG TMN CHANGGANG JAYA (PERDAGANGAN) Pekan Bukit Changgang Kuala Langat Malaysia,2.8223,101.6088
JALAN CHANGANG JAYA TMN CHANGGANG JAYA (PERDAGANGAN) Pekan Bukit Changgang Kuala Langat Malaysia,2.8565,101.4945
JALAN CJ TMN CHANGGANG JAYA (PERDAGANGAN) Pekan Bukit Changgang Kuala Langat Malaysia,2.7895,101.5755
JALAN SD1 1/1 TMN SERI DAGANG Pekan Bukit Changgang Kuala Langat Malaysia,2.815,101.637
JALAN RAMBAI 2 TAMAN RAMBAI INDAH Pekan Jenjarom Kuala Langat Malaysia,2.9766,101.5152
JALAN 1/2 TAMAN SERI JAROMAS Pekan Jenjarom Kuala Langat Malaysia,2.861,101.486
JALAN 1/3 TAMAN SERI JAROMAS Pekan Jenjarom Kuala Langat Malaysia,2.8836,101.5219
JALAN 2/1 TAMAN SERI JAROMAS Pekan Jenjarom Kuala Langat Malaysia,2.8836,101.5068
JALAN 2/4 TAMAN SERI JAROMAS Pekan Jenjarom Kuala Langat Malaysia,2.909,101.512
JALAN 2/5 TAMAN SERI JAROMAS Pekan Jenjarom Kuala Langat Malaysia,2.8819,101.4775
JALAN 3/1 TAMAN SERI JAROMAS Pekan Jenjarom Kuala Langat Malaysia,2.8505,101.5277
JALAN 3/2 TAMAN SERI JAROMAS Pekan Jenjarom Kuala Langat Malaysia,2.9199,101.4999
JLN 1/3 TAMAN SERI JAROMAS Pekan Jenjarom Kuala Langat Malaysia,2.9979,101.4986
JLN 2/1 TAMAN SERI JAROMAS Pekan Jenjarom Kuala Langat Malaysia,2.845,101.513
JLN 2/4 TAMAN SERI JAROMAS Pekan Jenjarom Kuala Langat Malaysia,2.943,101.5
JLN 2/5 TAMAN SERI JAROMAS Pekan Jenjarom Kuala Langat Malaysia,2.8259,101.4886
JLN 3/1 TAMAN SERI JAROMAS Pekan Jenjarom Kuala Langat Malaysia,2.8499,101.4163
"JLN CB 2 TNM CHODOI BISTARI, PEKAN CHODOI Pekan Jenjarom Kuala Langat Malaysia",2.9269,101.4296
JALAN JI 2 TAMAN JUGRA INDAH Pekan Permatang Pasir Kuala Langat Malaysia,2.8494,101.5388
JALAN JI 2 TAMAN WIRA Pekan Permatang Pasir Kuala Langat Malaysia,2.8997,101.4974
JALAN EMAS 8 BDR SG. EMAS Pekan Sungai Manggis Kuala Langat Malaysia,2.789,101.503
JALAN EMAS 1 BDR SG. EMAS Pekan Sungai Manggis Kuala Langat Malaysia,2.8805,101.5328
JLN EMAS 2 BDR SG. EMAS Pekan Sungai Manggis Kuala Langat Malaysia,2.8167,101.517
JLN EMAS 3 BDR SG. EMAS Pekan Sungai Manggis Kuala Langat Malaysia,2.8396,101.4728
JLN EMAS 8 BDR SG. EMAS Pekan Sungai Manggis Kuala Langat Malaysia,2.9,101.5167
"JALAN INDAH 2 TAMAN LANGAT INDAH, SG SEDU Pekan Sungai Manggis Kuala Langat Malaysia",2.8169,101.4908
"JALAN PANDAN TAMAN DATO' HORMAT, TPG Pekan Teluk Kuala Langat Malaysia",2.9197,101.4757
"JLN PANDAN TAMAN DATO' HORMAT, TPG Pekan Teluk Kuala Langat Malaysia",2.8189,101.5006
JLN PERTIWI TAMAN PERTIWI Pekan Teluk Kuala Langat Malaysia,2.8189,101.4995
JALAN DENDANG 9 TAMAN TELOK Pekan Teluk Kuala Langat Malaysia,2.842,101.454
JALAN DENDANG 11 TAMAN TELOK Pekan Teluk Kuala Langat Malaysia,2.774,101.456
JALAN KLANG - BANTING VILLAGE OF TLK. P. GARANG Pekan Teluk Panglima Garang Kuala Langat Malaysia,2.8725,101.4711
JALAN SRI DESA 1 TMN. SRI DESA Pekan Tongkah Kuala Langat Malaysia,3.0036,101.4578
JALAN FLORA 1/1 BANDAR RIMBAYU Tanjung 12 Kuala Langat Malaysia,2.8263,101.5064
JALAN FLORA 1/3 BANDAR RIMBAYU Tanjung 12 Kuala Langat Malaysia,2.8447,101.5458
JALAN FLORA 1/4 BANDAR RIMBAYU Tanjung 12 Kuala Langat Malaysia,2.8129,101.5086
JALAN FLORA 2/1 BANDAR RIMBAYU Tanjung 12 Kuala Langat Malaysia,2.8577,101.4902
JALAN SPU 2 BDR SAUJANA PUTRA Tanjung 12 Kuala Langat Malaysia,2.8727,101.6286
JALAN SP 5/2 BDR SAUJANA PUTRA Tanjung 12 Kuala Langat Malaysia,2.9516,101.6053
JALAN SP 5/4 BDR SAUJANA PUTRA Tanjung 12 Kuala Langat Malaysia,2.999,101.584
JALAN SP 5/5 BDR SAUJANA PUTRA Tanjung 12 Kuala Langat Malaysia,2.9565,101.5862
JALAN SPU 1 BDR SAUJANA PUTRA Tanjung 12 Kuala Langat Malaysia,2.9945,101.5815
JLN SPU 1 BDR SAUJANA PUTRA Tanjung 12 Kuala Langat Malaysia,2.991,101.623
JLN SPU 2 BDR SAUJANA PUTRA Tanjung 12 Kuala Langat Malaysia,2.961,101.556
JALAN EMAS 2 BDR SG. EMAS Tanjung 12 Kuala Langat Malaysia,2.7787,101.571
JLN EMAS 2 BDR SG. EMAS Tanjung 12 Kuala Langat Malaysia,2.8,101.5333
JALAN ECO SANTUARI 8/2A ECO SANCTUARY Tanjung 12 Kuala Langat Malaysia,2.787,101.464
JALAN ECO SANTUARI 8/1B ECO SANCTUARY Tanjung 12 Kuala Langat Malaysia,2.9489,101.5794
JALAN ECO SANTUARI 8/1C ECO SANCTUARY Tanjung 12 Kuala Langat Malaysia,2.9697,101.5295
JALAN ECO SANTUARI 8/2B ECO SANCTUARY Tanjung 12 Kuala Langat Malaysia,2.8804,101.5726
JALAN SENTOSA KG BARU JENJAROM Tanjung 12 Kuala Langat Malaysia,2.9047,101.5186
JLN CAMAR 22 KOMPLEKS PERABOT OLAK LEMPIT Tanjung 12 Kuala Langat Malaysia,2.8264,101.5089
JALAN USAHAWAN 2 MEDAN HORIZON @ BANDAR MAHKOTA BANTING Tanjung 12 Kuala Langat Malaysia,2.815,101.515
JLN MURNI 1/1 TAMAN LANGAT MURNI Tanjung 12 Kuala Langat Malaysia,2.825,101.516
JALAN LU 2/2 TAMAN LANGAT UTAMA Tanjung 12 Kuala Langat Malaysia,2.7823,101.4918
JLN KEJORA 1 TAMAN LANGAT UTAMA Tanjung 12 Kuala Langat Malaysia,2.815,101.509
JLN KEJORA 2 TAMAN LANGAT UTAMA Tanjung 12 Kuala Langat Malaysia,2.804,101.501
JLN LU 1/26 TAMAN LANGAT UTAMA Tanjung 12 Kuala Langat Malaysia,2.8246,101.4258
JLN LU 2/2 TAMAN LANGAT UTAMA Tanjung 12 Kuala Langat Malaysia,2.8132,101.4868
JALAN NILAM TAMAN NILAM Tanjung 12 Kuala Langat Malaysia,2.8088,101.4855
JLN NILAM TAMAN NILAM Tanjung 12 Kuala Langat Malaysia,2.791,101.554
JLN NILAM (P/L 690 ) TAMAN NILAM Tanjung 12 Kuala Langat Malaysia,2.8732,101.4708
JLN TELUK BUNUT TAMAN NILAM Tanjung 12 Kuala Langat Malaysia,2.8667,101.5
JALAN PERMATA 2 TAMAN YAYASAN Tanjung 12 Kuala Langat Malaysia,2.809,101.474
JLN INTAN 2 TAMAN YAYASAN Tanjung 12 Kuala Langat Malaysia,2.8487,101.5239
JALAN AMAN SINARIA 9 TROPICANA  AMAN Tanjung 12 Kuala Langat Malaysia,3.0245,101.4189
JALAN AMAN SINARIA 1 TROPICANA  AMAN Tanjung 12 Kuala Langat Malaysia,2.8073,101.4767
JALAN AMAN SINARIA 2 TROPICANA  AMAN Tanjung 12 Kuala Langat Malaysia,2.9085,101.5605
JALAN AMAN SINARIA 4 TROPICANA  AMAN Tanjung 12 Kuala Langat Malaysia,3.05,101.5
JALAN AMAN SINARIA 5 TROPICANA  AMAN Tanjung 12 Kuala Langat Malaysia,3.0509,101.4238
JALAN AMAN SINARIA 6 TROPICANA  AMAN Tanjung 12 Kuala Langat Malaysia,2.8445,101.5435
JALAN AMAN SINARIA 7 TROPICANA  AMAN Tanjung 12 Kuala Langat Malaysia,2.796,101.452
JALAN AMAN SINARIA 8 TROPICANA  AMAN Tanjung 12 Kuala Langat Malaysia,3.127,101.517
JALAN AMAN TIARA 2 TROPICANA  AMAN Tanjung 12 Kuala Langat Malaysia,3.1234,101.5167
JALAN AMAN TIARA 3 TROPICANA  AMAN Tanjung 12 Kuala Langat Malaysia,3.0901,101.557
JALAN AMAN TIARA 4 TROPICANA  AMAN Tanjung 12 Kuala Langat Malaysia,2.8348,101.4512
JALAN AMAN TIARA 5 TROPICANA  AMAN Tanjung 12 Kuala Langat Malaysia,3.0075,101.5008
"JALAN PALAS 2 TAMAN DATO' HORMAT, TPG Telok Panglima Garang Kuala Langat Malaysia",2.8229,101.4626
JLN DESA TAMAN DESA SIJANGKANG Telok Panglima Garang Kuala Langat Malaysia,2.994,101.506
JALAN UTAMA 2 TAMAN JAYA UTAMA Telok Panglima Garang Kuala Langat Malaysia,3.003,101.479
JLN UTAMA 2 TAMAN JAYA UTAMA Telok Panglima Garang Kuala Langat Malaysia,2.872,101.516
JALAN 50 TAMAN MEDAN INDAH Telok Panglima Garang Kuala Langat Malaysia,2.861,101.517
JALAN INDAH 50 TAMAN MEDAN INDAH Telok Panglima Garang Kuala Langat Malaysia,2.86,101.518
JALAN MEDAN INDAH 50 TAMAN MEDAN INDAH Telok Panglima Garang Kuala Langat Malaysia,2.9675,101.525
JALN DENDANG 6 TAMAN TELOK Telok Panglima Garang Kuala Langat Malaysia,3.0275,101.442
JALAN SANG GUNA (JLN DRURY) JALAN BANDAR/JALAN TUN H.S LEE Kuala Lumpur Town Centre Kuala Lumpur Malaysia,3.1447,101.6991
JLN BANGSAR JALAN BANGSAR Kuala Lumpur Town Centre Kuala Lumpur Malaysia,3.1259,101.6767
JALAN DORAISAMY JALAN DANG WANGI Kuala Lumpur Town Centre Kuala Lumpur Malaysia,3.1528,101.7012
JLN HAJI SALLEH JALAN HAJI SALLEH Kuala Lumpur Town Centre Kuala Lumpur Malaysia,3.1605,101.7073
JALAN IPOH JALAN IPOH Kuala Lumpur Town Centre Kuala Lumpur Malaysia,3.1648,101.7043
JLN IPOH JALAN IPOH Kuala Lumpur Town Centre Kuala Lumpur Malaysia,3.1628,101.6935
JALAN JUGRA JALAN KELANG LAMA Kuala Lumpur Town Centre Kuala Lumpur Malaysia,3.1267,101.6869
JALAN PASAR JALAN PASAR Kuala Lumpur Town Centre Kuala Lumpur Malaysia,3.139,101.707
JLN PASAR JALAN PASAR Kuala Lumpur Town Centre Kuala Lumpur Malaysia,3.1396,101.6907
JALAN PASAR  BARU JALAN PASAR BAHRU Kuala Lumpur Town Centre Kuala Lumpur Malaysia,3.1488,101.7002
JALAN PASAR BARU JALAN PASAR BAHRU Kuala Lumpur Town Centre Kuala Lumpur Malaysia,3.1519,101.6952
JLN PUDU JALAN PUDU Kuala Lumpur Town Centre Kuala Lumpur Malaysia,3.1446,101.7113
JLN RAJA LAUT JALAN RAJA LAUT Kuala Lumpur Town Centre Kuala Lumpur Malaysia,3.1541,101.7176
JALAN KONVIL HILIR JALAN SENTUL Kuala Lumpur Town Centre Kuala Lumpur Malaysia,3.1589,101.7157
JALAN SULTAN JALAN SULTAN Kuala Lumpur Town Centre Kuala Lumpur Malaysia,3.1498,101.7032
"BT 3 1/2, JN SG BESI JALAN SUNGAI BESI Kuala Lumpur Town Centre Kuala Lumpur Malaysia",3.093,101.717
JLN SG BESI JALAN SUNGAI BESI Kuala Lumpur Town Centre Kuala Lumpur Malaysia,3.1356,101.7112
JLN SUNGAI BESI JALAN SUNGAI BESI Kuala Lumpur Town Centre Kuala Lumpur Malaysia,3.1192,101.7091
JLN SUPPIAH PILLAY OFF JLN IPOH JALAN SUPPIAH PILLAY Kuala Lumpur Town Centre Kuala Lumpur Malaysia,3.1732,101.6997
JLN TUANKU ABDUL RAHMAN JALAN TUANKU ABD RAHMAN Kuala Lumpur Town Centre Kuala Lumpur Malaysia,3.1579,101.6991
JALAN YEW JALAN YEW Kuala Lumpur Town Centre Kuala Lumpur Malaysia,3.1517,101.7104
JALAN PADANG BELIA KAW JLN TUN SAMBANTHAN (BRICKFIELDS) Kuala Lumpur Town Centre Kuala Lumpur Malaysia,3.1319,101.6869
JALAN TUN SAMBANTHAN KAW JLN TUN SAMBANTHAN (BRICKFIELDS) Kuala Lumpur Town Centre Kuala Lumpur Malaysia,3.1288,101.6869
JLN THAMBAPILLAI KAW JLN TUN SAMBANTHAN (BRICKFIELDS) Kuala Lumpur Town Centre Kuala Lumpur Malaysia,3.1327,101.6847
JALAN CHANGKAT BUKIT BINTANG KAWASAN CHANGKAT BUKIT BINTANG/HICKS Kuala Lumpur Town Centre Kuala Lumpur Malaysia,3.1478,101.7087
JALAN BERANGAN KAWASAN CHANGKAT BUKIT BINTANG/HICKS Kuala Lumpur Town Centre Kuala Lumpur Malaysia,3.1509,101.7088
JALAN BRUNEI SELATAN KAWASAN JALAN BRUNEI Kuala Lumpur Town Centre Kuala Lumpur Malaysia,3.1562,101.7106
JLN BRUNAI SELATAN KAWASAN JALAN BRUNEI Kuala Lumpur Town Centre Kuala Lumpur Malaysia,3.1547,101.7069
LRG HJ TAIB 1 KAWASAN LORONG HAJI TAIB Kuala Lumpur Town Centre Kuala Lumpur Malaysia,3.1552,101.7055
JLN KEMUJA OFF JALAN BANGSAR Kuala Lumpur Town Centre Kuala Lumpur Malaysia,3.1328,101.6893
JALAN RAJA LAUT OFF JALAN RAJA LAUT Kuala Lumpur Town Centre Kuala Lumpur Malaysia,3.1597,101.7007
JLN AMPANG JALAN AMPANG Mukim AMPang Kuala Lumpur Malaysia,3.15,101.75
JLN KG PANDAN JALAN Kampung PANDAN Mukim AMPang Kuala Lumpur Malaysia,3.1375,101.7405
JLN AMPANG OFF JALAN AMPANG Mukim AMPang Kuala Lumpur Malaysia,3.1648,101.7486
JLN 5/62A BANDAR MANJALARA Mukim Batu Kuala Lumpur Malaysia,3.1908,101.6279
JALAN 3/62B BANDAR MANJALARA Mukim Batu Kuala Lumpur Malaysia,3.1845,101.6385
JALAN 5/62A BANDAR MANJALARA Mukim Batu Kuala Lumpur Malaysia,3.1939,101.6442
JLN 3/62B BANDAR MANJALARA Mukim Batu Kuala Lumpur Malaysia,3.1995,101.6385
JLN 9/62A BANDAR MANJALARA Mukim Batu Kuala Lumpur Malaysia,3.183,101.663
JALAN METRO PERDANA BARAT 3 FORTUNE SQUARE Mukim Batu Kuala Lumpur Malaysia,3.2029,101.6836
JLN METRO PERDANA BARAT 2 FORTUNE SQUARE Mukim Batu Kuala Lumpur Malaysia,3.1979,101.6881
BATU 3 3/4 JALAN IPOH JALAN IPOH Mukim Batu Kuala Lumpur Malaysia,3.1936,101.6869
BATU 4 1/2 JALAN IPOH Mukim Batu Kuala Lumpur Malaysia,3.193,101.688
JLN IPOH JALAN IPOH Mukim Batu Kuala Lumpur Malaysia,3.1764,101.6734
JLN SEGAMBUT JALAN SEGAMBUT Mukim Batu Kuala Lumpur Malaysia,3.1829,101.6906
LORONG ARFAH 3 JALAN SEGAMBUT Mukim Batu Kuala Lumpur Malaysia,3.1808,101.6827
JLN 15/38D KB AIR PANAS Mukim Batu Kuala Lumpur Malaysia,3.1828,101.6727
JALAN JINJANG AMAN 16 KB JINJANG UTARA Mukim Batu Kuala Lumpur Malaysia,3.2117,101.6928
JALAN HELANG SEWAH KEPONG BARU Mukim Batu Kuala Lumpur Malaysia,3.195,101.65
JALAN LANG KUNING KEPONG BARU Mukim Batu Kuala Lumpur Malaysia,3.225,101.655
PSRN MERGASTUA (JLN 56) KEPONG BARU Mukim Batu Kuala Lumpur Malaysia,3.2106,101.6517
JLN AMBONG 2 KEPONG BUSINESS CENTRE Mukim Batu Kuala Lumpur Malaysia,3.2007,101.6412
JALAN 11 KEPONG GARDEN Mukim Batu Kuala Lumpur Malaysia,3.2025,101.6725
JALAN BATU MUDA TAMBAHAN 5 KG. BATU MUDA TAMBAHAN Mukim Batu Kuala Lumpur Malaysia,3.1962,101.6937
JLN BATU MUDA TAMBAHAN 5 KG. BATU MUDA TAMBAHAN Mukim Batu Kuala Lumpur Malaysia,3.2026,101.6629
JALAN UDANG HARIMAU 2 MEDAN NIAGA KEPONG Mukim Batu Kuala Lumpur Malaysia,3.1947,101.6498
K155A OFF JLN IPOH Mukim Batu Kuala Lumpur Malaysia,3.1525,101.7008
JALAN BATU KENTONMEN OFF JLN IPOH Mukim Batu Kuala Lumpur Malaysia,3.1845,101.6999
JLN IPOH PEKAN BATU Mukim Batu Kuala Lumpur Malaysia,3.158,101.681
JALAN BESAR KEPONG PEKAN KEPONG Mukim Batu Kuala Lumpur Malaysia,3.225,101.633
JALAN SILANG PEKAN KEPONG Mukim Batu Kuala Lumpur Malaysia,3.2087,101.6448
JALAN SEGAMBUT SEGAMBUT GARDEN (JALAN SEGAMBUT) Mukim Batu Kuala Lumpur Malaysia,3.1906,101.6928
JALAN DAUN INAI 21 SUNWAY SPK Mukim Batu Kuala Lumpur Malaysia,3.1789,101.6256
JALAN A TAMAN BATU Mukim Batu Kuala Lumpur Malaysia,3.2167,101.6833
JALAN MIRI TAMAN BRINGIN Mukim Batu Kuala Lumpur Malaysia,3.2075,101.6829
JLN BURUNG PUCHONG TAMAN BUKIT MALURI Mukim Batu Kuala Lumpur Malaysia,3.1939,101.6427
JALAN BURUNG JENTAYU TAMAN BUKIT MALURI Mukim Batu Kuala Lumpur Malaysia,3.2016,101.6362
JALAN BURUNG TIONG TAMAN BUKIT MALURI Mukim Batu Kuala Lumpur Malaysia,3.2008,101.6587
JLN BURUNG JENTAYU TAMAN BUKIT MALURI Mukim Batu Kuala Lumpur Malaysia,3.1979,101.6507
JLN BURUNG PUCHUNG TAMAN BUKIT MALURI Mukim Batu Kuala Lumpur Malaysia,3.205,101.666
JLN BURUNG TIONG TAMAN BUKIT MALURI Mukim Batu Kuala Lumpur Malaysia,3.2025,101.648
JLN BURUNG TIUNG TAMAN BUKIT MALURI Mukim Batu Kuala Lumpur Malaysia,3.1919,101.6602
JALAN BULLION MEWAH TAMAN BULLION MEWAH Mukim Batu Kuala Lumpur Malaysia,3.2145,101.6819
OFF TMN KOPERASI POLIS TAMAN BULLION MEWAH Mukim Batu Kuala Lumpur Malaysia,3.197,101.706
JALAN MATANG 2 TAMAN CITY Mukim Batu Kuala Lumpur Malaysia,3.205,101.686
JALAN 2/17 TAMAN FADASON Mukim Batu Kuala Lumpur Malaysia,3.2236,101.6658
JALAN 8/32 TAMAN JINJANG BARU Mukim Batu Kuala Lumpur Malaysia,3.2035,101.6932
JLN 9/32 TAMAN JINJANG BARU Mukim Batu Kuala Lumpur Malaysia,3.2007,101.6886
JALAN 2/1A TAMAN KEPONG INDAH Mukim Batu Kuala Lumpur Malaysia,3.2017,101.6527
JALAN 17/42 TAMAN KOK DOH Mukim Batu Kuala Lumpur Malaysia,3.1778,101.6982
JALAN BATU AMBAR TAMAN KOK LIAN Mukim Batu Kuala Lumpur Malaysia,3.1769,101.6674
JLN BATU AMBAR TAMAN KOK LIAN Mukim Batu Kuala Lumpur Malaysia,3.1569,101.6876
JLN MANJOI TAMAN KOK LIAN Mukim Batu Kuala Lumpur Malaysia,3.1843,101.6841
OFF JLN IPOH TAMAN KOK LIAN Mukim Batu Kuala Lumpur Malaysia,3.1737,101.6941
JALAN 12/10 TAMAN KOPERASI POLIS Mukim Batu Kuala Lumpur Malaysia,3.2012,101.6986
JALAN 59/10 TAMAN KOPERASI POLIS Mukim Batu Kuala Lumpur Malaysia,3.1975,101.7025
JLN 59/10 TAMAN KOPERASI POLIS Mukim Batu Kuala Lumpur Malaysia,3.201,101.678
JALAN 3/18D TAMAN MASTIARA JAYA Mukim Batu Kuala Lumpur Malaysia,3.2056,101.6818
JLN 1/18D TAMAN MASTIARA JAYA Mukim Batu Kuala Lumpur Malaysia,3.205,101.677
JALAN 1/60B TAMAN SEGAMBUT DAMAI Mukim Batu Kuala Lumpur Malaysia,3.1882,101.6687
JLN 1/38C TAMAN SRI KEPONG BARU Mukim Batu Kuala Lumpur Malaysia,3.2029,101.6439
JALAN UDANG RAWA TAMAN SRI SEGAMBUT Mukim Batu Kuala Lumpur Malaysia,3.1897,101.6874
JALAN UDANG SIAR TAMAN SRI SEGAMBUT Mukim Batu Kuala Lumpur Malaysia,3.1846,101.6841
JALAN UDANG SIAR 2 TAMAN SRI SEGAMBUT Mukim Batu Kuala Lumpur Malaysia,3.2039,101.6753
JLN 16/38D TAMAN SRI SINAR Mukim Batu Kuala Lumpur Malaysia,3.195,101.676
JLN 11/38D TAMAN SRI SINAR Mukim Batu Kuala Lumpur Malaysia,3.2118,101.6639
JALAN METRO PERDANA BARAT 2 TAMAN USAHAWAN KEPONG Mukim Batu Kuala Lumpur Malaysia,3.2086,101.6557
JLN METRO PERDANA BARAT 2 TAMAN USAHAWAN KEPONG Mukim Batu Kuala Lumpur Malaysia,3.2087,101.6457
JALAN SIBU TAMAN WAHYU Mukim Batu Kuala Lumpur Malaysia,3.2004,101.6823
JALAN SIBU 8 TAMAN WAHYU Mukim Batu Kuala Lumpur Malaysia,3.2058,101.6867
JLN SIBU 8 TAMAN WAHYU Mukim Batu Kuala Lumpur Malaysia,3.219,101.69
PERSIARAN SEGAMBUT TENGAH TEH WAN SANG Mukim Batu Kuala Lumpur Malaysia,3.1905,101.6468
JALAN SEGAMBUT PUSAT TEH WAN SANG Mukim Batu Kuala Lumpur Malaysia,3.1967,101.6637
JLN SEGAMBUT PUSAT TEH WAN SANG Mukim Batu Kuala Lumpur Malaysia,3.185,101.676
LORONG SEGAMBUT PUSAT 1 TEH WAN SANG Mukim Batu Kuala Lumpur Malaysia,3.1813,101.6551
JALAN 1/154 BUKIT ANGGERIK Mukim Cheras Kuala Lumpur Malaysia,3.0728,101.7338
JLN. 3/154 BUKIT ANGGERIK Mukim Cheras Kuala Lumpur Malaysia,3.0762,101.7608
JLN 34/154 TAMAN DAHLIA Mukim Cheras Kuala Lumpur Malaysia,3.1067,101.7422
JALAN 33/154 TMN BKT ANGGERIK Mukim Cheras Kuala Lumpur Malaysia,3.0789,101.7022
JALAN 3/154 TMN BKT ANGGERIK Mukim Cheras Kuala Lumpur Malaysia,3.086,101.72
JLN 1/154 TMN BKT ANGGERIK Mukim Cheras Kuala Lumpur Malaysia,3.0792,101.7445
JLN JAYA 5 BANDAR TUN ABDUL RAZAK (Kampung KONGO) Mukim Kuala Lumpur Kuala Lumpur Malaysia,3.1177,101.7052
JALAN JUJUR 2 BANDAR TUN RAZAK BUSINESS CENTRE Mukim Kuala Lumpur Kuala Lumpur Malaysia,3.075,101.719
JALAN TELAWI BANGSAR BARU Mukim Kuala Lumpur Kuala Lumpur Malaysia,3.1272,101.6718
JALAN TELAWI 5 BANGSAR BARU Mukim Kuala Lumpur Kuala Lumpur Malaysia,3.1307,101.6759
JLN TELAWI BANGSAR BARU Mukim Kuala Lumpur Kuala Lumpur Malaysia,3.1333,101.6667
JLN TELAWI 5 BANGSAR BARU Mukim Kuala Lumpur Kuala Lumpur Malaysia,3.1358,101.6775
TELAWI 5 BANGSAR BARU Mukim Kuala Lumpur Kuala Lumpur Malaysia,3.1366,101.6737
JLN MAAROF BANGSAR PARK (JALAN MAAROF) Mukim Kuala Lumpur Kuala Lumpur Malaysia,3.1216,101.6704
JALAN MEDAN SETIA 1 DAMANSARA HEIGHTS Mukim Kuala Lumpur Kuala Lumpur Malaysia,3.1429,101.6691
LORONG ARA KIRI 1 LUCKY GARDEN (JALAN BANGSAR) Mukim Kuala Lumpur Kuala Lumpur Malaysia,3.1265,101.6736
LORONG ARA KIRI 2 LUCKY GARDEN (JALAN BANGSAR) Mukim Kuala Lumpur Kuala Lumpur Malaysia,3.1247,101.6686
PERSIARAN ARA KIRI LUCKY GARDEN (JALAN BANGSAR) Mukim Kuala Lumpur Kuala Lumpur Malaysia,3.1229,101.6668
JALAN 1/95 TAMAN CHERAS (FORMERLY YULEK HEIGHTS) Mukim Kuala Lumpur Kuala Lumpur Malaysia,3.095,101.742
JALAN CENGKEH TAMAN CHERAS (FORMERLY YULEK HEIGHTS) Mukim Kuala Lumpur Kuala Lumpur Malaysia,3.0826,101.7389
JLN KASKAS 3 TAMAN CHERAS (FORMERLY YULEK HEIGHTS) Mukim Kuala Lumpur Kuala Lumpur Malaysia,3.0978,101.7333
LORONG DURIAN TAMAN CHERAS (FORMERLY YULEK HEIGHTS) Mukim Kuala Lumpur Kuala Lumpur Malaysia,3.1,101.74
LORONG LOBAK TAMAN CHERAS (FORMERLY YULEK HEIGHTS) Mukim Kuala Lumpur Kuala Lumpur Malaysia,3.0787,101.7539
LRG DURIAN TAMAN CHERAS (FORMERLY YULEK HEIGHTS) Mukim Kuala Lumpur Kuala Lumpur Malaysia,3.0878,101.7442
JLN TEMBIKAI TAMAN EVERGREEN Mukim Kuala Lumpur Kuala Lumpur Malaysia,3.0889,101.7241
JALAN 5/92B TAMAN KOBENA Mukim Kuala Lumpur Kuala Lumpur Malaysia,3.1147,101.6678
JALAN 4/92B TAMAN KOBENA Mukim Kuala Lumpur Kuala Lumpur Malaysia,3.132,101.699
JALAN MEDAN MIDAH TAMAN MIDAH Mukim Kuala Lumpur Kuala Lumpur Malaysia,3.0947,101.7448
JLN MEDAN MIDAH TAMAN MIDAH Mukim Kuala Lumpur Kuala Lumpur Malaysia,3.1019,101.7245
JLN MIDAH 1 TAMAN MIDAH Mukim Kuala Lumpur Kuala Lumpur Malaysia,3.1026,101.7427
JLN MIDAH 5 TAMAN MIDAH Mukim Kuala Lumpur Kuala Lumpur Malaysia,3.0929,101.7426
JLN MIDAH 12 TAMAN MIDAH Mukim Kuala Lumpur Kuala Lumpur Malaysia,3.1069,101.7382
JLN MIDAH BESAR TAMAN MIDAH Mukim Kuala Lumpur Kuala Lumpur Malaysia,3.1095,101.7244
JALAN BUDIMAN 25 TAMAN MULIA Mukim Kuala Lumpur Kuala Lumpur Malaysia,3.1462,101.7269
JLN 26/117A TAMAN MULIA Mukim Kuala Lumpur Kuala Lumpur Malaysia,3.1205,101.6917
JLN BUDIMAN 25 TAMAN MULIA Mukim Kuala Lumpur Kuala Lumpur Malaysia,3.1325,101.7428
JLN SERKUT TAMAN PERTAMA Mukim Kuala Lumpur Kuala Lumpur Malaysia,3.140853,101.693207
JLN 2/98 TAMAN SUPREME Mukim Kuala Lumpur Kuala Lumpur Malaysia,3.1132,101.6819
LRG JINTAN 2 TAMAN SUPREME Mukim Kuala Lumpur Kuala Lumpur Malaysia,3.0899,101.7009
LRG DATOK SULAIMAN 1 TAMAN TUN DR ISMAIL Mukim Kuala Lumpur Kuala Lumpur Malaysia,3.1507,101.6269
LORONG DATOK SULAIMAN 7 TAMAN TUN DR ISMAIL Mukim Kuala Lumpur Kuala Lumpur Malaysia,3.1305,101.6678
JALAN NADCHATIRAM TAYNTON VIEW Mukim Kuala Lumpur Kuala Lumpur Malaysia,3.1198,101.6966
JLN BEE ENG 1 TAYNTON VIEW Mukim Kuala Lumpur Kuala Lumpur Malaysia,3.1126,101.6274
JLN 30A/119 TAYNTON VIEW Mukim Kuala Lumpur Kuala Lumpur Malaysia,3.1689,101.7035
JLN NADCHATIRAM TAYNTON VIEW Mukim Kuala Lumpur Kuala Lumpur Malaysia,3.1522,101.6968
JALAN 1/96A OFF JALAN LOBAK TMN CHERAS MAKMUR Mukim Kuala Lumpur Kuala Lumpur Malaysia,3.099,101.744
JALAN 2/96A TMN CHERAS MAKMUR Mukim Kuala Lumpur Kuala Lumpur Malaysia,3.1149,101.7453
JLN 4/96A TMN CHERAS MAKMUR Mukim Kuala Lumpur Kuala Lumpur Malaysia,3.1027,101.7468
JLN 13/149L BANDAR BARU SRI PETALING Mukim Petaling Kuala Lumpur Malaysia,3.0897,101.6849
JLN 1/149D BANDAR BARU SRI PETALING Mukim Petaling Kuala Lumpur Malaysia,3.0708,101.6824
JLN 1/149J BANDAR BARU SRI PETALING Mukim Petaling Kuala Lumpur Malaysia,3.0559,101.6849
JALAN 16/155C BANDAR BUKIT JALIL Mukim Petaling Kuala Lumpur Malaysia,3.059,101.675
JALAN 17/155C BANDAR BUKIT JALIL Mukim Petaling Kuala Lumpur Malaysia,3.0679,101.6938
JLN 16/155C BANDAR BUKIT JALIL Mukim Petaling Kuala Lumpur Malaysia,3.0656,101.6728
JLN SELERA 1 BUKIT INDAH Mukim Petaling Kuala Lumpur Malaysia,3.11,101.62
JALAN ALAM SUTERA 10 BUKIT JALIL Mukim Petaling Kuala Lumpur Malaysia,3.0742,101.6628
ALAM DAMAI DAMAI 8 Mukim Petaling Kuala Lumpur Malaysia,3.0845,101.7445
JLN ALAM DAMAI 1 DAMAI 23 Mukim Petaling Kuala Lumpur Malaysia,3.0916,101.7239
JALAN DAMAI RAYA 3 DAMAI 26 (FASA 6C4) Mukim Petaling Kuala Lumpur Malaysia,3.1183,101.6789
JALAN DAMAI RAYA 1 DAMAI 32 (FASA 6C1) Mukim Petaling Kuala Lumpur Malaysia,3.0465,101.6778
JLN DAMAI RAYA 1 (FASA 6C1 ; DAMAI 32) DAMAI 32 (FASA 6C1) Mukim Petaling Kuala Lumpur Malaysia,3.1068,101.6876
JLN 10/118B DESA TUN RAZAK Mukim Petaling Kuala Lumpur Malaysia,3.1055,101.7241
JALAN RUKUN 2 HAPPY GARDEN Mukim Petaling Kuala Lumpur Malaysia,3.092,101.683
JALAN RUKUN 4 HAPPY GARDEN Mukim Petaling Kuala Lumpur Malaysia,3.0747,101.6756
JLN LAZAT 1 HAPPY GARDEN Mukim Petaling Kuala Lumpur Malaysia,3.0967,101.6885
JLN LAZAT 2 HAPPY GARDEN Mukim Petaling Kuala Lumpur Malaysia,3.0998,101.6739
JLN LAZAT SATU HAPPY GARDEN Mukim Petaling Kuala Lumpur Malaysia,3.0926,101.6638
JLN PERISA 2 HAPPY GARDEN Mukim Petaling Kuala Lumpur Malaysia,3.1069,101.6587
JLN RIANG 8 HAPPY GARDEN Mukim Petaling Kuala Lumpur Malaysia,3.0778,101.6663
JLN RIANG RIA 8 HAPPY GARDEN Mukim Petaling Kuala Lumpur Malaysia,3.086,101.66
BATU 4 1/2 JLN KLANG LAMA JALAN KELANG LAMA Mukim Petaling Kuala Lumpur Malaysia,3.0967,101.6749
JLN 18/17 JALAN KELANG LAMA Mukim Petaling Kuala Lumpur Malaysia,3.1058,101.6654
NO.9 JALAN KUCHAI LAMA Mukim Petaling Kuala Lumpur Malaysia,3.0825,101.6729
JALAN 28 KAMPUNG BARU SALAK SELATAN Mukim Petaling Kuala Lumpur Malaysia,3.0727,101.6605
JALAN KAMPONG PASIR KAMPUNG PASIR BARU Mukim Petaling Kuala Lumpur Malaysia,3.0909,101.6645
JALAN KG PASIR BARU KAMPUNG PASIR BARU Mukim Petaling Kuala Lumpur Malaysia,3.0847,101.6406
JALAN BUKIT JALIL INDAH 4 KOMPLEKS NIAGA TAMAN LTAT Mukim Petaling Kuala Lumpur Malaysia,3.057,101.657
JLN KUCHAI MAJU 9 KUCHAI ENTREPRENEURS PARK Mukim Petaling Kuala Lumpur Malaysia,3.0917,101.683
JLN KUCHAI MAJU 6 KUCHAI ENTREPRENEURS PARK Mukim Petaling Kuala Lumpur Malaysia,3.0758,101.6708
JALAN HUJAN OVERSEAS UNION GARDEN Mukim Petaling Kuala Lumpur Malaysia,3.0985,101.6356
JALAN HUJAN EMAS 4 OVERSEAS UNION GARDEN Mukim Petaling Kuala Lumpur Malaysia,3.0436,101.6621
JALAN HUJAN RAHMAT 3 OVERSEAS UNION GARDEN Mukim Petaling Kuala Lumpur Malaysia,3.078,101.652
JLN HUJAN OVERSEAS UNION GARDEN Mukim Petaling Kuala Lumpur Malaysia,3.1099,101.6626
JLN HUJAN EMAS 4 OVERSEAS UNION GARDEN Mukim Petaling Kuala Lumpur Malaysia,3.0986,101.6669
JLN HUJAN EMAS 8 OVERSEAS UNION GARDEN Mukim Petaling Kuala Lumpur Malaysia,3.0706,101.6407
JLN HUJAN RAHMAT OVERSEAS UNION GARDEN Mukim Petaling Kuala Lumpur Malaysia,3.1069,101.6703
JLN HUJAN RAHMAT 3 OVERSEAS UNION GARDEN Mukim Petaling Kuala Lumpur Malaysia,3.117,101.678
JALAN 1/152 PARKLANE OUG SERVICE APARTMENT Mukim Petaling Kuala Lumpur Malaysia,3.0863,101.6719
JALAN ALAM SUTERA 10 PUSAT KOMERSIL SOUTHGATE Mukim Petaling Kuala Lumpur Malaysia,3.0265,101.6236
JALAN HANG TUAH 3 SALAK SOUTH GARDEN Mukim Petaling Kuala Lumpur Malaysia,3.0607,101.7117
JALAN HANG TUAH 4 SALAK SOUTH GARDEN Mukim Petaling Kuala Lumpur Malaysia,3.0847,101.6802
JALAN MENTARI (TMN NAGA EMAS) SALAK SOUTH GARDEN Mukim Petaling Kuala Lumpur Malaysia,3.0319,101.6758
JALAN TUANKU 2 SALAK SOUTH GARDEN Mukim Petaling Kuala Lumpur Malaysia,3.078,101.691
JLN HANG TUAH 3 SALAK SOUTH GARDEN Mukim Petaling Kuala Lumpur Malaysia,3.0775,101.6708
JLN SG BESI SALAK SOUTH GARDEN Mukim Petaling Kuala Lumpur Malaysia,3.0658,101.7273
JLN SUNGAI BESI SALAK SOUTH GARDEN Mukim Petaling Kuala Lumpur Malaysia,3.075,101.714
JLN TUANKU 1 SALAK SOUTH GARDEN Mukim Petaling Kuala Lumpur Malaysia,3.0639,101.6692
JLN TUANKU 4 SALAK SOUTH GARDEN Mukim Petaling Kuala Lumpur Malaysia,3.0648,101.6986
JALAN CERDAS 1 TAMAN CONNAUGHT (TAMAN SRI CENDIKIA) Mukim Petaling Kuala Lumpur Malaysia,3.0789,101.7444
JALAN CERDAS TAMAN CONNAUGHT (TAMAN SRI CENDIKIA) Mukim Petaling Kuala Lumpur Malaysia,3.0869,101.7485
JALAN CERDIK TAMAN CONNAUGHT (TAMAN SRI CENDIKIA) Mukim Petaling Kuala Lumpur Malaysia,3.0858,101.7417
JALAN SERI CENDEKIA TAMAN CONNAUGHT (TAMAN SRI CENDIKIA) Mukim Petaling Kuala Lumpur Malaysia,3.0867,101.7304
JLN CERDIK TAMAN CONNAUGHT (TAMAN SRI CENDIKIA) Mukim Petaling Kuala Lumpur Malaysia,3.0819,101.7325
JALAN JALIL PERKASA 13 TAMAN ESPLANAD Mukim Petaling Kuala Lumpur Malaysia,3.0449,101.6398
JALAN JALIL PERKASA 14 TAMAN ESPLANAD Mukim Petaling Kuala Lumpur Malaysia,3.0437,101.6899
JLN 15/155B TAMAN ESPLANAD Mukim Petaling Kuala Lumpur Malaysia,3.0835,101.6039
JLN 2/115C TAMAN KUCHAI JAYA Mukim Petaling Kuala Lumpur Malaysia,3.0758,101.6672
JALAN 2 TAMAN LENSEN Mukim Petaling Kuala Lumpur Malaysia,3.1199,101.7116
JLN 2 TAMAN LENSEN Mukim Petaling Kuala Lumpur Malaysia,3.1116,101.7154
JLN KUCHAI 1 TAMAN LIAN HOE Mukim Petaling Kuala Lumpur Malaysia,3.0845,101.7065
JALAN AWAN JAWA TAMAN YARL Mukim Petaling Kuala Lumpur Malaysia,3.0786,101.6861
JLN AWAN CEMPAKA TAMAN YARL Mukim Petaling Kuala Lumpur Malaysia,3.0786,101.6868
DAMAI CIRCLE 2 TMN ALAM DAMAI (DAMAI NIAGA) Mukim Petaling Kuala Lumpur Malaysia,3.0815,101.7509
JALAN DAMAI NIAGA TMN ALAM DAMAI (DAMAI NIAGA) Mukim Petaling Kuala Lumpur Malaysia,3.0686,101.7535
JALAN DAMAI NIAGA 1 TMN ALAM DAMAI (DAMAI NIAGA) Mukim Petaling Kuala Lumpur Malaysia,3.0605,101.7358
JLN DAMAI NIAGA 1 TMN ALAM DAMAI (DAMAI NIAGA) Mukim Petaling Kuala Lumpur Malaysia,3.0739,101.7535
JALAN SEPADU UNITED GARDEN Mukim Petaling Kuala Lumpur Malaysia,3.0608,101.6682
JLN SEPADU UNITED GARDEN Mukim Petaling Kuala Lumpur Malaysia,3.0615,101.6423
JALAN 3/27B BANDAR BARU WANGSA MAJU Mukim Setapak Kuala Lumpur Malaysia,3.1993,101.7368
JLN 1A/27A BANDAR BARU WANGSA MAJU Mukim Setapak Kuala Lumpur Malaysia,3.2104,101.7444
JLN 2/27E(3/27B) BANDAR BARU WANGSA MAJU Mukim Setapak Kuala Lumpur Malaysia,3.1999,101.7448
JLN 3/27B BANDAR BARU WANGSA MAJU Mukim Setapak Kuala Lumpur Malaysia,3.204,101.731
JALAN 4/23B DANAU KOTA Mukim Setapak Kuala Lumpur Malaysia,3.1825,101.7225
JALAN 7/23E DANAU KOTA Mukim Setapak Kuala Lumpur Malaysia,3.1887,101.7213
JALAN DATARAN WANGSA 1 DATARAN WANGSA Mukim Setapak Kuala Lumpur Malaysia,3.1895,101.7228
JALAN 1/27B DESA SETAPAK Mukim Setapak Kuala Lumpur Malaysia,3.1975,101.7205
JALAN 14/27B DESA SETAPAK Mukim Setapak Kuala Lumpur Malaysia,3.1945,101.7327
JLN 1/27B DESA SETAPAK Mukim Setapak Kuala Lumpur Malaysia,3.1825,101.7133
JLN 14/27B DESA SETAPAK Mukim Setapak Kuala Lumpur Malaysia,3.1919,101.7102
JLN GENTING KELANG JALAN GENTING KELANG Mukim Setapak Kuala Lumpur Malaysia,3.1958,101.7116
JALAN SENTUL PASAR JALAN SENTUL Mukim Setapak Kuala Lumpur Malaysia,3.1861,101.6929
JALAN WANGSA DELIMA 2A KLSC Mukim Setapak Kuala Lumpur Malaysia,3.1945,101.7338
JLN WANGSA DELIMA 1A KLSC Mukim Setapak Kuala Lumpur Malaysia,3.175,101.742
JLN RAMPAI NIAGA  3 RAMPAI BUSINESS PARK Mukim Setapak Kuala Lumpur Malaysia,3.1969,101.7414
JALAN MAWAR TAMAN FORLONG(TAMAN P. RAMLEE) Mukim Setapak Kuala Lumpur Malaysia,3.2069,101.7314
JLN BUNGA KANTAN TAMAN FORLONG(TAMAN P. RAMLEE) Mukim Setapak Kuala Lumpur Malaysia,3.1968,101.7176
JLN MAWAR TAMAN FORLONG(TAMAN P. RAMLEE) Mukim Setapak Kuala Lumpur Malaysia,3.1916,101.7231
JALAN 11/5 TAMAN MELATI Mukim Setapak Kuala Lumpur Malaysia,3.1967,101.7221
JALAN CHENGAL SELATAN TAMAN SRI GOMBAK Mukim Setapak Kuala Lumpur Malaysia,3.2285,101.7075
JALAN 4/56 ( KAW E) KAW AMPANG-ULU KELANG Mukim Ulu Kelang Kuala Lumpur Malaysia,3.1469,101.7594
JLN 17/56 KAW AMPANG-ULU KELANG Mukim Ulu Kelang Kuala Lumpur Malaysia,3.1544,101.7627
JLN 27/56 KAW AMPANG-ULU KELANG Mukim Ulu Kelang Kuala Lumpur Malaysia,3.129,101.777
JALAN 1 TMN K. SEL. F1 (TMN PENGGAWA) Api-Api Kuala Selangor Malaysia,3.3379,101.2411
JALAN 1 TMN PADUKA (TMN BUKIT GEMILANG) Api-Api Kuala Selangor Malaysia,3.3498,101.2482
JALAN MEDAN NIAGA 3 BDR BARU KUALA SELANGOR Bandar Kuala Selangor Kuala Selangor Malaysia,3.3483,101.2477
JALAN  MEDAN NIAGA 8 BDR BARU KUALA SELANGOR Bandar Kuala Selangor Kuala Selangor Malaysia,3.3409,101.2486
JLN MEDAN NIAGA 2 BDR BARU KUALA SELANGOR Bandar Kuala Selangor Kuala Selangor Malaysia,3.346,101.25
JLN MEDAN NIAGA 3 BDR BARU KUALA SELANGOR Bandar Kuala Selangor Kuala Selangor Malaysia,3.332,101.247
JLN STESYEN KUALA SELANGOR Bandar Kuala Selangor Kuala Selangor Malaysia,3.3402,101.2496
"JLN STESYEN, JALAN KOTA KUALA SELANGOR Bandar Kuala Selangor Kuala Selangor Malaysia",3.3425,101.249
JALAN BENDAHARA 1/2A TAMAN BENDAHARA Bandar Kuala Selangor Kuala Selangor Malaysia,3.3509,101.2486
JLN BENDAHARA 1 TAMAN BENDAHARA Bandar Kuala Selangor Kuala Selangor Malaysia,3.3465,101.2488
JLN BENDAHARA 1/1 TAMAN BENDAHARA Bandar Kuala Selangor Kuala Selangor Malaysia,3.337,101.246
JLN BENDAHARA 1/2 TAMAN BENDAHARA Bandar Kuala Selangor Kuala Selangor Malaysia,3.338,101.245
JLN MEDAN NIAGA 2 TAMAN BENDAHARA Bandar Kuala Selangor Kuala Selangor Malaysia,3.3476,101.2495
JLN RHU 1 TAMAN RHU PERMAI Bandar Kuala Selangor Kuala Selangor Malaysia,3.3409,101.2518
JLN MELATI 3/19 TMN BANDAR MELAWATI Bandar Kuala Selangor Kuala Selangor Malaysia,3.344,101.242
JALAN MELATI 3/5 TMN BANDAR MELAWATI Bandar Kuala Selangor Kuala Selangor Malaysia,3.3432,101.2479
JLN MELATI 3/1 TMN BANDAR MELAWATI Bandar Kuala Selangor Kuala Selangor Malaysia,3.1463,101.4886
JLN MELATI 3/5 TMN BANDAR MELAWATI Bandar Kuala Selangor Kuala Selangor Malaysia,3.3405,101.2515
JLN MELATI 3/17 TMN BANDAR MELAWATI Bandar Kuala Selangor Kuala Selangor Malaysia,3.4994,101.2572
JLN MELATI 3/21 TMN BANDAR MELAWATI Bandar Kuala Selangor Kuala Selangor Malaysia,3.134,101.419
JLN BENDAHARA 1 TMN BENDAHARA Bandar Kuala Selangor Kuala Selangor Malaysia,3.3536,101.2479
JLN BENDAHARA 1/2A TMN BENDAHARA Bandar Kuala Selangor Kuala Selangor Malaysia,3.335,101.25
JALAN BENDAHARA 1/2A TMN BENDAHARA Bandar Kuala Selangor Kuala Selangor Malaysia,3.349,101.248
JLN BENDAHARA 1/2 TMN BENDAHARA Bandar Kuala Selangor Kuala Selangor Malaysia,3.3398,101.2477
JLN MEDAN NIAGA 2 TMN BENDAHARA Bandar Kuala Selangor Kuala Selangor Malaysia,3.3333,101.25
JLN PERUSAHAAN 2C TMN IKS PKNS Bandar Kuala Selangor Kuala Selangor Malaysia,3.338,101.248
JLN LAKSAMANA 1 TMN K.SEL. F3 (TMN LAKSAMANA) Bandar Kuala Selangor Kuala Selangor Malaysia,3.3425,101.2525
JALAN RHU 1 TMN RHU Bandar Kuala Selangor Kuala Selangor Malaysia,3.3427,101.2434
JLN RHU 1 TMN RHU Bandar Kuala Selangor Kuala Selangor Malaysia,3.3319,101.2486
JLN RHU 1 TMN RHU PERMAI Bandar Kuala Selangor Kuala Selangor Malaysia,3.3525,101.241
JLAN KP 2 PEKAN TANJUNG KARANG Bandar Tanjung Karang Kuala Selangor Malaysia,3.3898,101.242
LRG MENANTI PEKAN TANJUNG KARANG Bandar Tanjung Karang Kuala Selangor Malaysia,3.5542,101.1888
JLN BESAR BESTARI JAYA (BATANG BERJUNTAI) Batang Berjuntai Kuala Selangor Malaysia,3.4525,101.3908
HILLPARK AXIS BANDAR HILLPARK Ijok Kuala Selangor Malaysia,3.2886,101.3396
JALAN HILLPARK 11/3 BANDAR HILLPARK Ijok Kuala Selangor Malaysia,3.2369,101.4176
JALAN HILLPARK 11/7 BANDAR HILLPARK Ijok Kuala Selangor Malaysia,3.3999,101.4036
JALAN HILLPARK 11/10 BANDAR HILLPARK Ijok Kuala Selangor Malaysia,3.2614,101.4171
JLN HILLPARK 11/8 BANDAR HILLPARK Ijok Kuala Selangor Malaysia,3.2865,101.3475
JLN HILLPARK 11/9 BANDAR HILLPARK Ijok Kuala Selangor Malaysia,3.4217,101.4306
JLN HILLPARK 11/10 BANDAR HILLPARK Ijok Kuala Selangor Malaysia,3.3022,101.2168
JLN HILLPARK 11/12 BANDAR HILLPARK Ijok Kuala Selangor Malaysia,3.3719,101.2916
JLN HILLPARK NIAGA 9/2 BANDAR HILLPARK Ijok Kuala Selangor Malaysia,3.2806,101.3617
JALAN HILLPARK 11/2 BDR HILLPARK Ijok Kuala Selangor Malaysia,3.4314,101.2738
JALAN HILLPARK NIAGA 9/1 HILLPARK AXIS BDR HILLPARK Ijok Kuala Selangor Malaysia,3.2597,101.4368
JALAN BSC 2B/2 BDR SERI COALFIELDS Ijok Kuala Selangor Malaysia,3.3335,101.4058
JLN BSC 2B/1 BDR SERI COALFIELDS Ijok Kuala Selangor Malaysia,3.3135,101.3176
JLN BSC 2B/2 BDR SERI COALFIELDS Ijok Kuala Selangor Malaysia,3.2507,101.3096
JLN BSC 2C/1 BDR SERI COALFIELDS Ijok Kuala Selangor Malaysia,3.3333,101.2333
JLN BSC 2C/2 BDR SERI COALFIELDS Ijok Kuala Selangor Malaysia,3.321,101.267
JLN BSC 2C/3 BDR SERI COALFIELDS Ijok Kuala Selangor Malaysia,3.387,101.278
JLN BSC 2C/4 BDR SERI COALFIELDS Ijok Kuala Selangor Malaysia,3.319,101.311
PRESINT 3 BDR SERI COALFIELDS Ijok Kuala Selangor Malaysia,3.2869,101.2914
JALAN CALEDONIA 1C/1 CALEDONIA Ijok Kuala Selangor Malaysia,3.2978,101.2612
JLN CALEDONIA 1C/1 CALEDONIA Ijok Kuala Selangor Malaysia,3.229,101.348
CALEDONIA AVENUE CALEDONIA Ijok Kuala Selangor Malaysia,3.2496,101.2501
JALAN. CALEDONIA 1C/1 CALEDONIA Ijok Kuala Selangor Malaysia,3.2417,101.3278
"JLN CALEDONIA 1C/1, CALEDONIA AVENUE CALEDONIA Ijok Kuala Selangor Malaysia",3.3716,101.2679
JALAN DC 4/1 DESA COALFIELD Ijok Kuala Selangor Malaysia,3.2178,101.3798
JALAN DC 4/3 DESA COALFIELD Ijok Kuala Selangor Malaysia,3.2215,101.4891
JLN DC 1/2A DESA COALFIELD Ijok Kuala Selangor Malaysia,3.3316,101.3138
JLN DC 4/3 DESA COALFIELD Ijok Kuala Selangor Malaysia,3.25,101.25
"JLN DC 4/3, DESA COALFIELDS DESA COALFIELD Ijok Kuala Selangor Malaysia",3.2569,101.3816
ECO GRANDEUR ECO GRANDEUR Ijok Kuala Selangor Malaysia,3.251,101.344
JALAN UTOPIA ECO GRANDEUR Ijok Kuala Selangor Malaysia,3.3119,101.3828
PERSIARAN ECO GRANDEUR 1 ECO GRANDEUR Ijok Kuala Selangor Malaysia,3.2489,101.5476
UTOPIA ECO ECO GRANDEUR Ijok Kuala Selangor Malaysia,3.2725,101.3917
UTOPIA ECO GRANDEUR ECO GRANDEUR Ijok Kuala Selangor Malaysia,3.2508,101.3727
JALAN ECO GRANDEUR ECO GRANDEUR Ijok Kuala Selangor Malaysia,3.2787,101.4248
JALAN ECO GRANDEUR 1/3A ECO GRANDEUR Ijok Kuala Selangor Malaysia,3.329,101.418
JALAN ECO GRANDEUR 1/3D ECO GRANDEUR Ijok Kuala Selangor Malaysia,3.395,101.512
JALAN ECO GRANDEUR 1/8 ECO GRANDEUR Ijok Kuala Selangor Malaysia,3.2849,101.4098
JLN ECO GRANDEUR 1/3B ECO GRANDEUR Ijok Kuala Selangor Malaysia,3.2806,101.4439
JLN ECO GRANDEUR 1/8 ECO GRANDEUR Ijok Kuala Selangor Malaysia,3.277,101.387
JLN ECO GRANDEUR 1/8A ECO GRANDEUR Ijok Kuala Selangor Malaysia,3.3156,101.2863
JLN ECO GRANDEUR 1/9 ECO GRANDEUR Ijok Kuala Selangor Malaysia,3.2856,101.4036
JLN ECO GRANDEUR 1/9A ECO GRANDEUR Ijok Kuala Selangor Malaysia,3.2039,101.3962
OFF JLN ECO GRANDEUR ECO GRANDEUR Ijok Kuala Selangor Malaysia,3.2806,101.5366
JALAN ASTANA C13/C PUNCAK ALAM - PERDAGANGAN Ijok Kuala Selangor Malaysia,3.2219,101.4287
JALAN ASTANA D 13/D PUNCAK ALAM - PERDAGANGAN Ijok Kuala Selangor Malaysia,3.3156,101.4209
JALAN ASTANA D13/D PUNCAK ALAM - PERDAGANGAN Ijok Kuala Selangor Malaysia,3.2449,101.4423
JALAN PUNCAK ALAM 15 PUNCAK ALAM - PERDAGANGAN Ijok Kuala Selangor Malaysia,3.2805,101.4539
JLN PUNCAK ALAM JAYA 14 PUNCAK ALAM - PERDAGANGAN Ijok Kuala Selangor Malaysia,3.223,101.461
JALAN ASTANA ALAM E 13/E PUNCAK ALAM - PERDAGANGAN Ijok Kuala Selangor Malaysia,3.227,101.425
JALAN PUNCAK ALAM 14 PUNCAK ALAM - PERDAGANGAN Ijok Kuala Selangor Malaysia,3.2431,101.4534
JALAN PUNCAK ALAM 16 PUNCAK ALAM - PERDAGANGAN Ijok Kuala Selangor Malaysia,3.2425,101.4356
JLN ASTANA B 13/B PUNCAK ALAM - PERDAGANGAN Ijok Kuala Selangor Malaysia,3.2815,101.4463
JLN PUNCAK ALAM JAYA 10 PUNCAK ALAM - PERDAGANGAN Ijok Kuala Selangor Malaysia,3.2269,101.4716
JLN PUNCAK ALAM JAYA 13 PUNCAK ALAM - PERDAGANGAN Ijok Kuala Selangor Malaysia,3.2239,101.4756
JLN PUNCAK ALAM JAYA 15 PUNCAK ALAM - PERDAGANGAN Ijok Kuala Selangor Malaysia,3.2207,101.4594
JLN PUNCAK ALAM JAYA 16 PUNCAK ALAM - PERDAGANGAN Ijok Kuala Selangor Malaysia,3.2195,101.4265
JLN NIAGA BESTARI 3 PUNCAK BESTARI Ijok Kuala Selangor Malaysia,3.2877,101.4678
JLN NIAGA BESTARI 7 PUNCAK BESTARI Ijok Kuala Selangor Malaysia,3.284,101.339
JALAN NIAGA BESTARI 1 PUNCAK BESTARI Ijok Kuala Selangor Malaysia,3.3936,101.3298
JALAN NIAGA BESTARI 5 PUNCAK BESTARI Ijok Kuala Selangor Malaysia,3.2646,101.4486
JALAN NIAGA BESTARI 7 PUNCAK BESTARI Ijok Kuala Selangor Malaysia,3.2928,101.4137
JLN NIAGA BESTARI 1 PUNCAK BESTARI Ijok Kuala Selangor Malaysia,3.307,101.401
JLN NIAGA BESTARI 5 PUNCAK BESTARI Ijok Kuala Selangor Malaysia,3.2489,101.4597
JLN NIAGA BESTARI 6 PUNCAK BESTARI Ijok Kuala Selangor Malaysia,3.1816,101.3912
JALAN PPAJ 1/1 PUSAT PERDAGANGAN ALAM JAYA Ijok Kuala Selangor Malaysia,3.245,101.389
JALAN PPAJ 3/1 PUSAT PERDAGANGAN ALAM JAYA Ijok Kuala Selangor Malaysia,3.2806,101.5004
JLN PPAJ 2/6 PUSAT PERDAGANGAN ALAM JAYA Ijok Kuala Selangor Malaysia,3.234,101.317
JALAN PPAJ 2/3 PUSAT PERDAGANGAN ALAM JAYA Ijok Kuala Selangor Malaysia,3.2857,101.3835
JALAN PPAJ 2/7 PUSAT PERDAGANGAN ALAM JAYA Ijok Kuala Selangor Malaysia,3.2333,101.4167
JALAN PPAJ 2/8 PUSAT PERDAGANGAN ALAM JAYA Ijok Kuala Selangor Malaysia,3.2647,101.4406
JALAN PUNCAK ALAM 16 PUSAT PERDAGANGAN ALAM JAYA Ijok Kuala Selangor Malaysia,3.2833,101.3667
JALAN TIAJ 1/4 PUSAT PERDAGANGAN ALAM JAYA Ijok Kuala Selangor Malaysia,3.243,101.35
JLN PPAJ 1/1 PUSAT PERDAGANGAN ALAM JAYA Ijok Kuala Selangor Malaysia,3.3245,101.3705
JLN PPAJ 2/1 PUSAT PERDAGANGAN ALAM JAYA Ijok Kuala Selangor Malaysia,3.258,101.428
JLN PPAJ 2/2 PUSAT PERDAGANGAN ALAM JAYA Ijok Kuala Selangor Malaysia,3.2585,101.399
JLN PPAJ 2/2 (STREETMALL) PUSAT PERDAGANGAN ALAM JAYA Ijok Kuala Selangor Malaysia,3.261,101.35
JLN PPAJ 2/3 PUSAT PERDAGANGAN ALAM JAYA Ijok Kuala Selangor Malaysia,3.259,101.377
JLN PPAJ 2/3 (STREETMALL) PUSAT PERDAGANGAN ALAM JAYA Ijok Kuala Selangor Malaysia,3.2746,101.4308
JLN PPAJ 2/4 PUSAT PERDAGANGAN ALAM JAYA Ijok Kuala Selangor Malaysia,3.298,101.334
JLN PPAJ 2/5 PUSAT PERDAGANGAN ALAM JAYA Ijok Kuala Selangor Malaysia,3.3529,101.3058
JLN PPAJ 2/7 PUSAT PERDAGANGAN ALAM JAYA Ijok Kuala Selangor Malaysia,3.2448,101.4546
JLN PPAJ 2/7 (STREETMALL) PUSAT PERDAGANGAN ALAM JAYA Ijok Kuala Selangor Malaysia,3.241,101.382
"JLN TIAJ 2/10, TAMAN INDUSTRI ALAM J PUSAT PERDAGANGAN ALAM JAYA Ijok Kuala Selangor Malaysia",3.2329,101.2624
JNL PPAJ 3/1 PUSAT PERDAGANGAN ALAM JAYA Ijok Kuala Selangor Malaysia,3.286,101.354
JLN SEROJA 1/6 SG. BULOH COUNTRY RESORT Ijok Kuala Selangor Malaysia,3.2667,101.4667
JALAN TIAJ 1/4 TMN INDUSTRI ALAM JAYA Ijok Kuala Selangor Malaysia,3.2585,101.4087
JALAN TIAJ 2/10 TMN INDUSTRI ALAM JAYA Ijok Kuala Selangor Malaysia,3.281,101.39
JLN TIAJ 1/3 TMN INDUSTRI ALAM JAYA Ijok Kuala Selangor Malaysia,3.2709,101.3436
JALAN TIAJ 1/3 TMN INDUSTRI ALAM JAYA Ijok Kuala Selangor Malaysia,3.2678,101.3939
JLN PPPAJ 1/1 TMN INDUSTRI ALAM JAYA Ijok Kuala Selangor Malaysia,3.2749,101.3461
JLN TIAJ  1/4 TMN INDUSTRI ALAM JAYA Ijok Kuala Selangor Malaysia,3.2345,101.2831
JLN TIAJ 1/4 TMN INDUSTRI ALAM JAYA Ijok Kuala Selangor Malaysia,3.2996,101.4206
JLN TIAJ 2/10 TMN INDUSTRI ALAM JAYA Ijok Kuala Selangor Malaysia,3.3916,101.4226
SAUJANA PERDANA 5C TMN SAUJANA UTAMA Ijok Kuala Selangor Malaysia,3.2275,101.5259
5C-036 SAUJANA PERDANA TMN SAUJANA UTAMA Ijok Kuala Selangor Malaysia,3.3219,101.5147
JALAN BIDARA 6/2 TMN SAUJANA UTAMA Ijok Kuala Selangor Malaysia,3.2789,101.4428
JALAN BIDARA 6/3 TMN SAUJANA UTAMA Ijok Kuala Selangor Malaysia,3.2705,101.4107
JALAN SAUJANA PERDANA TMN SAUJANA UTAMA Ijok Kuala Selangor Malaysia,3.2209,101.5296
JALAN SAUJANA PERDANA 5B TMN SAUJANA UTAMA Ijok Kuala Selangor Malaysia,3.1919,101.5352
JALAN SAUJANA PERDANA 5C TMN SAUJANA UTAMA Ijok Kuala Selangor Malaysia,3.2656,101.3198
JLN BIDARA 6/1 TMN SAUJANA UTAMA Ijok Kuala Selangor Malaysia,3.195,101.333
JLN BIDARA 6/3 TMN SAUJANA UTAMA Ijok Kuala Selangor Malaysia,3.2645,101.4148
JLN BIDARA 8 TMN SAUJANA UTAMA Ijok Kuala Selangor Malaysia,3.295,101.391
JLN BIDARA 10 TMN SAUJANA UTAMA Ijok Kuala Selangor Malaysia,3.2529,101.4125
JLN SAUJANA PERDANA TMN SAUJANA UTAMA Ijok Kuala Selangor Malaysia,3.2546,101.4239
JLN SAUJANA PERDANA 10 TMN SAUJANA UTAMA Ijok Kuala Selangor Malaysia,3.2339,101.4508
JLN. SAUJANA PERDANA 5A (SG. BULOH) TMN SAUJANA UTAMA Ijok Kuala Selangor Malaysia,3.219,101.559
SAUJANA PERDANA TMN SAUJANA UTAMA Ijok Kuala Selangor Malaysia,3.1792,101.5228
SAUJANA PERDANA 5A TMN SAUJANA UTAMA Ijok Kuala Selangor Malaysia,3.1709,101.4552
SAUJANA PERDANA 5B TMN SAUJANA UTAMA Ijok Kuala Selangor Malaysia,3.2046,101.5759
JLN DATARAN SURIA 15/7 DATARAN SURIA Jeram Kuala Selangor Malaysia,3.2019,101.3375
JLN DATARAN SURIA 15/7/1 DATARAN SURIA Jeram Kuala Selangor Malaysia,3.1683,101.2669
JALAN DENDANG LAUT 1 PEKAN SUNGAI BULOH Jeram Kuala Selangor Malaysia,3.2616,101.5532
JALAN DENDANG LAUT 1 (P/L 4535) PEKAN SUNGAI BULOH Jeram Kuala Selangor Malaysia,3.2208,101.2807
DATARAN SURIA (5A8) PUNCAK ALAM - PERDAGANGAN Jeram Kuala Selangor Malaysia,3.2492,101.4426
JALAN DATARAN SURIA 15/8 PUNCAK ALAM - PERDAGANGAN Jeram Kuala Selangor Malaysia,3.2209,101.4206
JLN DATARAN SURIA 15/8/3 PUNCAK ALAM - PERDAGANGAN Jeram Kuala Selangor Malaysia,3.2504,101.4197
DATARAN SURIA (PHASE 5A8) PUNCAK ALAM - PERDAGANGAN Jeram Kuala Selangor Malaysia,3.2468,101.4092
JALAN DATARAN SURIA PUNCAK ALAM - PERDAGANGAN Jeram Kuala Selangor Malaysia,3.2347,101.4282
JALAN DATARAN SURIA 15/7 PUNCAK ALAM - PERDAGANGAN Jeram Kuala Selangor Malaysia,3.1629,101.4527
JALAN NALURI SUKMA B/8B PUNCAK ALAM - PERDAGANGAN Jeram Kuala Selangor Malaysia,3.2228,101.4356
JLN DATARAN SURIA PUNCAK ALAM - PERDAGANGAN Jeram Kuala Selangor Malaysia,3.224,101.452
JLN DATARAN SURIA 15/7 PUNCAK ALAM - PERDAGANGAN Jeram Kuala Selangor Malaysia,3.231,101.423
JLN DATARAN SURIA 15/7/1 PUNCAK ALAM - PERDAGANGAN Jeram Kuala Selangor Malaysia,3.2299,101.4432
JLN. DATARAN SURIA 15/8/3 PUNCAK ALAM - PERDAGANGAN Jeram Kuala Selangor Malaysia,3.227,101.435
LORONG AZ-ZAHARAH A10/A PUNCAK ALAM - PERDAGANGAN Jeram Kuala Selangor Malaysia,3.227,101.43
LORONG AZ-ZAHARAH B10/B PUNCAK ALAM - PERDAGANGAN Jeram Kuala Selangor Malaysia,3.2285,101.3958
LORONG NALURI SUKMA B 8/A PUNCAK ALAM - PERDAGANGAN Jeram Kuala Selangor Malaysia,3.2315,101.4198
LRG AZ-ZAHARAH A10/A PUNCAK ALAM - PERDAGANGAN Jeram Kuala Selangor Malaysia,3.2233,101.4526
JLN PASIR PENAMBANG KG PASIR PENAMBANG (VILLAGE OFF) Kuala Selangor Kuala Selangor Malaysia,3.35,101.25
JALAN 1 TMN ASSAM JAWA Pekan Asam Jawa Kuala Selangor Malaysia,3.2339,101.2239
JALAN SIAKAP 1 TMN SIAKAP Pekan Asam Jawa Kuala Selangor Malaysia,3.4,101.2
JLN RAWANG BATANG BERJUNTAI Pekan Batang Berjuntai Kuala Selangor Malaysia,3.2295,101.4119
JALAN BESAR BATANG BERJUNTAI Pekan Batang Berjuntai Kuala Selangor Malaysia,3.2606,101.3852
JALAN BESAR (JALAN BESTARI JAYA-RAWANG) BATANG BERJUNTAI Pekan Batang Berjuntai Kuala Selangor Malaysia,3.451,101.52
JLN BERJUNTAI 4 BESTARI JAYA (BATANG BERJUNTAI) Pekan Batang Berjuntai Kuala Selangor Malaysia,3.2072,101.4364
JLN BERJUNTAI 5 PUSAT PERNIAGAAN BATANG BERJUNTAI Pekan Batang Berjuntai Kuala Selangor Malaysia,3.4226,101.3508
JLN BERJUNTAI 5 PUSAT PERNIAGAAN BESTARI JAYA Pekan Batang Berjuntai Kuala Selangor Malaysia,3.4689,101.3856
JLAN AMAN SURIA 3 TAMAN AMAN SURIA (PL 303) Pekan Batang Berjuntai Kuala Selangor Malaysia,3.3905,101.4289
JLN AMAN SURIA 3 TAMAN AMAN SURIA (PL 303) Pekan Batang Berjuntai Kuala Selangor Malaysia,3.3589,101.4035
JALAN AMAN SURIA 3 TMN AMAN SURIA (P/L 303) Pekan Batang Berjuntai Kuala Selangor Malaysia,3.3649,101.2736
JLAN AMAN SURIA 3 TMN AMAN SURIA (P/L 303) Pekan Batang Berjuntai Kuala Selangor Malaysia,3.3667,101.4167
OFF JLN BUKIT BADONG TMN SRI BERJUNTAI Pekan Batang Berjuntai Kuala Selangor Malaysia,3.3875,101.5195
"JLN SURIA 4 TMN SURIA, BESTARI JAYA Pekan Batang Berjuntai Kuala Selangor Malaysia",3.564,101.258
JLN PARI 1 TAMAN PARI Pekan Kuala Sungai Buluh Kuala Selangor Malaysia,3.3781,101.2477
JLN AMAN 1 TMN AMAN(P/L 357) Pekan Kuala Sungai Buluh Kuala Selangor Malaysia,3.4977,101.2505
JLN AMAN 1 (TMN BAWAL PUTIH) TMN BAWAL PUTIH Pekan Kuala Sungai Buluh Kuala Selangor Malaysia,3.305,101.266
JLN 1 TMN SELANGAT Pekan Kuala Sungai Buluh Kuala Selangor Malaysia,3.2268,101.3114
JALAN 1/1 TMN SRI PERTAMA Pekan Kuala Sungai Buluh Kuala Selangor Malaysia,3.3908,101.3298
JLN 1/1 TMN SRI PERTAMA Pekan Kuala Sungai Buluh Kuala Selangor Malaysia,3.3284,101.2553
JLN BESAR PEKAN PASIR PENAMBANG KG PASIR PENAMBANG (VILLAGE OFF) Pekan Pasir Penambang Kuala Selangor Malaysia,3.3645,101.2479
JLN PASIR PENAMBANG KG PASIR PENAMBANG (VILLAGE OFF) Pekan Pasir Penambang Kuala Selangor Malaysia,3.368,101.236
JLN PASIR PENAMBANG(JLN BESAR SEK 3) KG PASIR PENAMBANG (VILLAGE OFF) Pekan Pasir Penambang Kuala Selangor Malaysia,3.3517,101.247
JLN SRI PENAMBANG 1 PEKAN PASIR PENAMBANG Pekan Pasir Penambang Kuala Selangor Malaysia,3.349,101.256
JLN PENINSULA UTAMA 1 PEKAN PASIR PENAMBANG Pekan Pasir Penambang Kuala Selangor Malaysia,3.4035,101.2596
JLN BESAR TAMAN PENINSULAR Pekan Pasir Penambang Kuala Selangor Malaysia,3.3228,101.2459
JALAN PENINSULA UTAMA 1 TMN PENINSULAR Pekan Pasir Penambang Kuala Selangor Malaysia,3.3397,101.2478
JLN BESAR TMN PENINSULAR Pekan Pasir Penambang Kuala Selangor Malaysia,3.3327,101.2503
JALAN SRI PENAMBANG 1 TMN SRI PENAMBANG Pekan Pasir Penambang Kuala Selangor Malaysia,3.3405,101.2475
JLN SRI PENAMBANG 1 TMN SRI PENAMBANG Pekan Pasir Penambang Kuala Selangor Malaysia,3.3419,101.2595
JLN IJOK PERMAI 1 PUSAT NIAGA IJOK PERMAI Pekan Simpang Tiga Ijok Kuala Selangor Malaysia,3.2797,101.2988
JLN IJOK UTAMA 3 TMN IJOK UTAMA Pekan Simpang Tiga Ijok Kuala Selangor Malaysia,3.3323,101.2707
JLN IJOK UTAMA 4 TMN IJOK UTAMA Pekan Simpang Tiga Ijok Kuala Selangor Malaysia,3.2569,101.3933
JALAN SAHABAT 1 PEKAN TANJUNG KARANG Pekan Tanjung Karang Kuala Selangor Malaysia,3.3336,101.1639
JLN CALEDONIA 1C/1 CALEDONIA Tanjung Karang Kuala Selangor Malaysia,3.565,101.016
TMN TANJUNG KARANG BARU TMN TG. KARANG BARU Tanjung Karang Kuala Selangor Malaysia,3.5486,101.2478
JLN 1/12 PETALING JAYA SEK 1 & 1A Bandar Petaling Jaya Petaling Malaysia,3.1025,101.6077
JLN 1/14 PETALING JAYA SEK 1 & 1A Bandar Petaling Jaya Petaling Malaysia,3.1076,101.6115
JLN OTHMAN PETALING JAYA SEKSYEN 2 Bandar Petaling Jaya Petaling Malaysia,3.104,101.64
JLN OTHMAN PETALING JAYA SEKSYEN 3 Bandar Petaling Jaya Petaling Malaysia,3.0949,101.645
JLN OTHMAN 3/14 PETALING JAYA SEKSYEN 3 Bandar Petaling Jaya Petaling Malaysia,3.0919,101.6296
JLN 6/31 PETALING JAYA SEKSYEN 6 Bandar Petaling Jaya Petaling Malaysia,3.1045,101.6387
LORONG 8/1E PETALING JAYA SEKSYEN 8 Bandar Petaling Jaya Petaling Malaysia,3.0946,101.6311
JLN 17/10 PETALING JAYA SEKSYEN 17 Bandar Petaling Jaya Petaling Malaysia,3.1144,101.6371
JALAN 17/27 PETALING JAYA SEKSYEN 17 Bandar Petaling Jaya Petaling Malaysia,3.107,101.627
JLN 17/8 PETALING JAYA SEKSYEN 17 Bandar Petaling Jaya Petaling Malaysia,3.1129,101.6326
JLN 17/12 PETALING JAYA SEKSYEN 17 Bandar Petaling Jaya Petaling Malaysia,3.1129,101.6286
JLN 17/29 PETALING JAYA SEKSYEN 17 Bandar Petaling Jaya Petaling Malaysia,3.1079,101.6269
JLN 17/38 PETALING JAYA SEKSYEN 17 Bandar Petaling Jaya Petaling Malaysia,3.1097,101.6374
JLN 17/47 PETALING JAYA SEKSYEN 17 Bandar Petaling Jaya Petaling Malaysia,3.1139,101.6414
JLN 17/56 PETALING JAYA SEKSYEN 17 Bandar Petaling Jaya Petaling Malaysia,3.1048,101.6323
JLN 18/2 PETALING JAYA SEKSYEN 18 Bandar Petaling Jaya Petaling Malaysia,3.0909,101.6469
JLN 20/7 PETALING JAYA SEKSYEN 20 Bandar Petaling Jaya Petaling Malaysia,3.1125,101.6428
JLN 20/16 PETALING JAYA SEKSYEN 20 Bandar Petaling Jaya Petaling Malaysia,3.1089,101.6374
JALAN  21/19 PETALING JAYA SEKSYEN 21 Bandar Petaling Jaya Petaling Malaysia,3.0915,101.6452
JLN 21/11A PETALING JAYA SEKSYEN 21 Bandar Petaling Jaya Petaling Malaysia,3.0975,101.628
JLN 21/11B PETALING JAYA SEKSYEN 21 Bandar Petaling Jaya Petaling Malaysia,3.0896,101.6201
JLN 21/12 PETALING JAYA SEKSYEN 21 Bandar Petaling Jaya Petaling Malaysia,3.0819,101.6373
JLN 21/17 PETALING JAYA SEKSYEN 21 Bandar Petaling Jaya Petaling Malaysia,3.0982,101.6307
JLN 21/19 PETALING JAYA SEKSYEN 21 Bandar Petaling Jaya Petaling Malaysia,3.1015,101.6437
JLN 22/49 PETALING JAYA SEKSYEN 22 Bandar Petaling Jaya Petaling Malaysia,3.1023,101.6437
JLN YONG SHOOK LIN PETALING JAYA SEKSYEN 52 Bandar Petaling Jaya Petaling Malaysia,3.1058,101.6464
JLN YONG SHOOK LIN (OFF JLN 52/18) PETALING JAYA SEKSYEN 52 Bandar Petaling Jaya Petaling Malaysia,3.107,101.622
JALAN SS 2/24 SS 2 PETALING JAYA Bandar Petaling Jaya Petaling Malaysia,3.1275,101.6268
JLN SS 2/10 SS 2 PETALING JAYA Bandar Petaling Jaya Petaling Malaysia,3.1065,101.634
JLN SS 2/24 SS 2 PETALING JAYA Bandar Petaling Jaya Petaling Malaysia,3.1047,101.6106
JLN SS 2/30 SS 2 PETALING JAYA Bandar Petaling Jaya Petaling Malaysia,3.1186,101.6194
JALAN SS2/10 SS 2 PETALING JAYA Bandar Petaling Jaya Petaling Malaysia,3.1077,101.6179
JLN SS 2/1 SS 2 PETALING JAYA Bandar Petaling Jaya Petaling Malaysia,3.1057,101.6095
JLN SS 2/3 SS 2 PETALING JAYA Bandar Petaling Jaya Petaling Malaysia,3.107,101.606
JLN SS 2/6 SS 2 PETALING JAYA Bandar Petaling Jaya Petaling Malaysia,3.107,101.612
JLN SS 3/31 SS 3 PETALING JAYA Bandar Petaling Jaya Petaling Malaysia,3.0801,101.6108
JLN SS 3/29 SS 3 PETALING JAYA Bandar Petaling Jaya Petaling Malaysia,3.0869,101.6097
JLN SS 3/35 SS 3 PETALING JAYA Bandar Petaling Jaya Petaling Malaysia,3.0982,101.6164
JLN SS 4/17 SS 4 PETALING JAYA Bandar Petaling Jaya Petaling Malaysia,3.1155,101.6537
JLN SS 5B/2 SS 5 PETALING JAYA Bandar Petaling Jaya Petaling Malaysia,3.098,101.638
JLN SS 5A/9 SS 5 PETALING JAYA Bandar Petaling Jaya Petaling Malaysia,3.1118,101.6156
JLN SS 5A/11 SS 5 PETALING JAYA Bandar Petaling Jaya Petaling Malaysia,3.0819,101.6056
JLN SS 5B/4 SS 5 PETALING JAYA Bandar Petaling Jaya Petaling Malaysia,3.1167,101.6333
JLN SS 5B/6 SS 5 PETALING JAYA Bandar Petaling Jaya Petaling Malaysia,3.1042,101.6559
JLN SS 9A/1 SS 9 PETALING JAYA Bandar Petaling Jaya Petaling Malaysia,3.0717,101.6078
JLN SS 20/11 SS 20 DAMANSARA UTAMA Bandar Petaling Jaya Petaling Malaysia,3.1326,101.6144
JLN SS 21/34 SS 21 DAMANSARA UTAMA Bandar Petaling Jaya Petaling Malaysia,3.1346,101.627
JLN SS22/11 SS 22 DAMANSARA JAYA Bandar Petaling Jaya Petaling Malaysia,3.1346,101.6327
JALAN SS 22/11 SS 22 DAMANSARA JAYA Bandar Petaling Jaya Petaling Malaysia,3.1319,101.6404
JLN SS 22/11 SS 22 DAMANSARA JAYA Bandar Petaling Jaya Petaling Malaysia,3.1249,101.6476
JLN PINANG  B 18/B PETALING JAYA SEKSYEN 52 Bandar Shah Alam Petaling Malaysia,3.1073,101.6067
"JLN BUNGA TANJUNG 2/16 SEK 2, SHAH ALAM Bandar Shah Alam Petaling Malaysia",3.0805,101.5311
"JLN UTAS 15/B SEK. 15, SHAH ALAM Bandar Shah Alam Petaling Malaysia",3.0711,101.5085
JLN 17/19 SEK. 17 SHAH ALAM Bandar Shah Alam Petaling Malaysia,3.067,101.489
JLN GELAMA 17/24 SEK. 17 SHAH ALAM Bandar Shah Alam Petaling Malaysia,3.075,101.525
JLN JENULUNG 17/21 SEK. 17 SHAH ALAM Bandar Shah Alam Petaling Malaysia,3.0796,101.5158
JLN TENGGIRI 17/23 SEK. 17 SHAH ALAM Bandar Shah Alam Petaling Malaysia,3.0678,101.531
JLN C 18/C SEK. 18 SHAH ALAM Bandar Shah Alam Petaling Malaysia,3.068,101.516
JLN PINANG C 18/C SEK. 18 SHAH ALAM Bandar Shah Alam Petaling Malaysia,3.0717,101.5248
JLN PINANG E 18/E SEK. 18 SHAH ALAM Bandar Shah Alam Petaling Malaysia,3.0683,101.5187
JALAN TIMUN 24/C SEK. 24 SHAH ALAM Bandar Shah Alam Petaling Malaysia,3.0665,101.5161
JALAN TIMUN E 24/E SEK. 24 SHAH ALAM Bandar Shah Alam Petaling Malaysia,3.0737,101.5183
JLN 24/E SEK. 24 SHAH ALAM Bandar Shah Alam Petaling Malaysia,3.095,101.523
JLN KANKUNG PUTERI 24/7 SEK. 24 SHAH ALAM Bandar Shah Alam Petaling Malaysia,3.073,101.518
JLN BUNGA TANJUNG 2/18 SEKSYEN 2 - SHAH ALAM Bandar Shah Alam Petaling Malaysia,3.0833,101.5333
JLN CENDANA 3/13B SEKSYEN 3 - SHAH ALAM Bandar Shah Alam Petaling Malaysia,3.0697,101.5182
JLN KRISTAL K 7/K SEKSYEN 7 - SHAH ALAM Bandar Shah Alam Petaling Malaysia,3.0737,101.5191
JALAN SELASIH K U12/K SEKSYEN 7 - SHAH ALAM Bandar Shah Alam Petaling Malaysia,3.0909,101.5167
JLN KRISTAL AR 7/AR SEKSYEN 7 - SHAH ALAM Bandar Shah Alam Petaling Malaysia,3.0732,101.5169
JLN KRISTAL K7/K SEKSYEN 7 - SHAH ALAM Bandar Shah Alam Petaling Malaysia,3.0736,101.5084
JLN KRISTAL L7/L SEKSYEN 7 - SHAH ALAM Bandar Shah Alam Petaling Malaysia,3.0698,101.5081
JALAN MUARA 8/9 SEKSYEN 8 - SHAH ALAM Bandar Shah Alam Petaling Malaysia,3.0676,101.5314
JALAN SEJAT 8/10 SEKSYEN 8 - SHAH ALAM Bandar Shah Alam Petaling Malaysia,3.0716,101.5037
JLN RENANG 13/26 SEKSYEN 13 - SHAH ALAM Bandar Shah Alam Petaling Malaysia,3.0804,101.5169
JLN RENANG 13/28 SEKSYEN 13 - SHAH ALAM Bandar Shah Alam Petaling Malaysia,3.0677,101.5196
JALAN BADMINTON 13/29 SEKSYEN 13 - SHAH ALAM Bandar Shah Alam Petaling Malaysia,3.0769,101.5231
JALAN RENANG 13/26 SEKSYEN 13 - SHAH ALAM Bandar Shah Alam Petaling Malaysia,3.0816,101.5328
JLN BADMINTON 13/29 SEKSYEN 13 - SHAH ALAM Bandar Shah Alam Petaling Malaysia,3.0715,101.5201
JLN BALAPAN 13/32 SEKSYEN 13 - SHAH ALAM Bandar Shah Alam Petaling Malaysia,3.0733,101.5181
JLN G U1/G SEKSYEN 13 - SHAH ALAM Bandar Shah Alam Petaling Malaysia,3.0688,101.5228
JLN RUGBI 13/30 SEKSYEN 13 - SHAH ALAM Bandar Shah Alam Petaling Malaysia,3.0815,101.5226
JLN SNUKER 13/28 SEKSYEN 13 - SHAH ALAM Bandar Shah Alam Petaling Malaysia,3.0705,101.4929
JLN PEGAGA C U12/C SHAH ALAM UTAMA (CAHAYA ALAM) Bandar Shah Alam Petaling Malaysia,3.1037,101.5347
JLN PEGAGA D U12/D SHAH ALAM UTAMA (CAHAYA ALAM) Bandar Shah Alam Petaling Malaysia,3.0992,101.5478
JLN PEGAGA F U12/F SHAH ALAM UTAMA (CAHAYA ALAM) Bandar Shah Alam Petaling Malaysia,3.104,101.502
JALAN PEGAGA E U12/E SHAH ALAM UTAMA (CAHAYA ALAM) Bandar Shah Alam Petaling Malaysia,3.1132,101.5178
JLN A U12/A SHAH ALAM UTAMA (CAHAYA ALAM) Bandar Shah Alam Petaling Malaysia,3.0863,101.5205
JLN K U12/K SHAH ALAM UTAMA (CAHAYA ALAM) Bandar Shah Alam Petaling Malaysia,3.0906,101.5046
JLN PEGAGA A U12/A SHAH ALAM UTAMA (CAHAYA ALAM) Bandar Shah Alam Petaling Malaysia,3.1287,101.5292
JLN PEGAGA B U12/B SHAH ALAM UTAMA (CAHAYA ALAM) Bandar Shah Alam Petaling Malaysia,3.094,101.512
JLN PEGAGA E U12/E SHAH ALAM UTAMA (CAHAYA ALAM) Bandar Shah Alam Petaling Malaysia,3.0995,101.5333
JLN PEGAGA G U12/G SHAH ALAM UTAMA (CAHAYA ALAM) Bandar Shah Alam Petaling Malaysia,3.094,101.505
JLN PEGAGA U12/D SHAH ALAM UTAMA (CAHAYA ALAM) Bandar Shah Alam Petaling Malaysia,3.109,101.509
JLN SELASIH K U12/K SHAH ALAM UTAMA (CAHAYA ALAM) Bandar Shah Alam Petaling Malaysia,3.0779,101.4756
"JLN SS 12/2 SS 12 , SUBANG JAYA Bandar Subang Jaya Petaling Malaysia",3.075,101.584
JALAN SS 14/1 SS 14 & SS 15 Bandar Subang Jaya Petaling Malaysia,3.0769,101.5908
JLN SS 15/8A SS 14 & SS 15 Bandar Subang Jaya Petaling Malaysia,3.0804,101.5897
JALAN SS 14/2 SS 14 & SS 15 Bandar Subang Jaya Petaling Malaysia,3.0745,101.5921
JALAN SS 15/2A SS 14 & SS 15 Bandar Subang Jaya Petaling Malaysia,3.085,101.594
JALAN SS 15/4D SS 14 & SS 15 Bandar Subang Jaya Petaling Malaysia,3.0717,101.5877
JALAN SS 15/8A SS 14 & SS 15 Bandar Subang Jaya Petaling Malaysia,3.0773,101.5817
JLN SS 14/2 SS 14 & SS 15 Bandar Subang Jaya Petaling Malaysia,3.0762,101.5858
JLN SS 15/4D SS 14 & SS 15 Bandar Subang Jaya Petaling Malaysia,3.0754,101.5918
JLN SS 15/8B SS 14 & SS 15 Bandar Subang Jaya Petaling Malaysia,3.0794,101.5889
JALAN SS 18/1B SS 18 Bandar Subang Jaya Petaling Malaysia,3.0745,101.5878
JLN SS 17/1A SS 18 Bandar Subang Jaya Petaling Malaysia,3.0748,101.5886
JLN SS 18/1B SS 18 Bandar Subang Jaya Petaling Malaysia,3.0672,101.5893
JLN SS 18/6 SS 18 Bandar Subang Jaya Petaling Malaysia,3.0765,101.5899
JLN SS 19/6 SS 19 Bandar Subang Jaya Petaling Malaysia,3.0699,101.5891
"JLN SS 19/6, SUBANG JAYA SS 19 Bandar Subang Jaya Petaling Malaysia",3.0745,101.5836
JLN SS 19/6C SS 19 Bandar Subang Jaya Petaling Malaysia,3.0689,101.5925
SUBANG JAYA SS 19 Bandar Subang Jaya Petaling Malaysia,3.0758,101.5864
JLN JURUREKA U1/40 HICOM GLENMARIE IND. PARK Bdr Glenmarie Petaling Malaysia,3.0869,101.5796
JLN JURUWANG  A U1/A HICOM GLENMARIE IND. PARK Bdr Glenmarie Petaling Malaysia,3.1046,101.5968
"JLN JURUWANG A U1/A WORLDWIDE BUS. PARK, S13 Bdr Glenmarie Petaling Malaysia",3.105,101.607
JLN PJS 2B/4 TAMAN DATO HARON Bdr Petaling Jaya Selatan Petaling Malaysia,3.0828,101.6491
JLN MJ/9 TAMAN PERINDUSTRIAN MAJU JAYA Bdr Petaling Jaya Selatan Petaling Malaysia,3.0646,101.6544
JLN PJS 3/32 TAMAN SRI MANJA Bdr Petaling Jaya Selatan Petaling Malaysia,3.0769,101.6212
JALAN PJS 3/49 (SM 11) TAMAN SRI MANJA Bdr Petaling Jaya Selatan Petaling Malaysia,3.084,101.658
JALAN SM 10 TAMAN SRI MANJA Bdr Petaling Jaya Selatan Petaling Malaysia,3.0767,101.6465
JLN PJS 3/59 (SRI MANJA SQUARE 2) TAMAN SRI MANJA Bdr Petaling Jaya Selatan Petaling Malaysia,3.0769,101.6646
JLN PJS 3/61 (SRI MANJA SQUARE 2) TAMAN SRI MANJA Bdr Petaling Jaya Selatan Petaling Malaysia,3.082,101.657
JLN PJS 3/63 TAMAN SRI MANJA Bdr Petaling Jaya Selatan Petaling Malaysia,3.0789,101.6679
JLN ANGSANA SD 2/2B BDR BARU SRI DAMANSARA Bdr Sri Damansara Petaling Malaysia,3.1827,101.5888
JLN MERANTI SD 13/5 BDR BARU SRI DAMANSARA Bdr Sri Damansara Petaling Malaysia,3.187,101.574
JLN PJS 7/18 BDR SUNWAY PJS 7 Bdr Sunway Petaling Malaysia,3.0707,101.5955
JALAN PJS 9/5 BDR SUNWAY PJS 9 Bdr Sunway Petaling Malaysia,3.0697,101.6062
JLN PULAU LUMUT Q U10/Q ALAM BUDIMAN Bukit Raja Petaling Malaysia,3.05,101.4833
JLN PULAU LUMUT P U10/P ALAM BUDIMAN Bukit Raja Petaling Malaysia,3.0667,101.4167
JLN PULAU LUMUT Q U13/Q ALAM BUDIMAN Bukit Raja Petaling Malaysia,3.072,101.453
JLN B U12/36B ARDENCE CREST Bukit Raja Petaling Malaysia,3.079,101.442
JLN C U12/36C ARDENCE CREST Bukit Raja Petaling Malaysia,3.0647,101.4259
JALAN B U12/36B ARDENCE CREST Bukit Raja Petaling Malaysia,3.1098,101.4438
JALAN C U12/36C ARDENCE CREST Bukit Raja Petaling Malaysia,3.0831,101.4339
JALAN D U12/36D ARDENCE CREST Bukit Raja Petaling Malaysia,3.0777,101.4452
JALAN U12/36C ARDENCE CREST Bukit Raja Petaling Malaysia,3.0685,101.4542
JLN D U12/36D ARDENCE CREST Bukit Raja Petaling Malaysia,3.091,101.449
JLN ECO ARDENCE B U12/36B ARDENCE CREST Bukit Raja Petaling Malaysia,3.0587,101.4398
JLN ECO ARDENCE D U12/36D ARDENCE CREST Bukit Raja Petaling Malaysia,3.0575,101.436
JLN SETIA DAGANG AK U13/AK BDR SETIA ALAM Bukit Raja Petaling Malaysia,3.1037,101.4488
JALANS SETIA INDAH AC U13/AC BDR SETIA ALAM Bukit Raja Petaling Malaysia,3.1147,101.4512
JLN AB U13/AB BDR SETIA ALAM Bukit Raja Petaling Malaysia,3.0917,101.4524
JLN AL U13/AL BDR SETIA ALAM Bukit Raja Petaling Malaysia,3.0829,101.4526
JLN SETIA ALAM AB U13/AB BDR SETIA ALAM Bukit Raja Petaling Malaysia,3.096,101.474
JLN SETIA DAGANG AJ U13/AJ BDR SETIA ALAM Bukit Raja Petaling Malaysia,3.066,101.46
JLN SETIA DAGANG U13/AJ BDR SETIA ALAM Bukit Raja Petaling Malaysia,3.085,101.434
JLN SETIA INDAH AB U13/AB BDR SETIA ALAM Bukit Raja Petaling Malaysia,3.051,101.448
JLN SETIA INDAH AC U13/AC BDR SETIA ALAM Bukit Raja Petaling Malaysia,3.1186,101.4495
JLN SETIA INDAH AD U13/AD BDR SETIA ALAM Bukit Raja Petaling Malaysia,3.074,101.469
SETIA DAGANG AL U13/AL BDR SETIA ALAM Bukit Raja Petaling Malaysia,3.1147,101.4458
JLN AU9/A CAHAYA HEIGHT Bukit Raja Petaling Malaysia,3.067,101.46
JLN U9/A CAHAYA HEIGHT Bukit Raja Petaling Malaysia,3.0833,101.4447
JALAN ELEKTRON U16/F DENAI ALAM SHAH ALAM Bukit Raja Petaling Malaysia,3.1188,101.4578
ELEKTRON G U16/G DENAI ALAM SHAH ALAM Bukit Raja Petaling Malaysia,3.0947,101.4547
JALAN ELEKTRON D U16/D DENAI ALAM SHAH ALAM Bukit Raja Petaling Malaysia,3.1572,101.5279
JALAN ELEKTRON E U16/E DENAI ALAM SHAH ALAM Bukit Raja Petaling Malaysia,3.1524,101.4839
JALAN ELEKTRON H U16/H DENAI ALAM SHAH ALAM Bukit Raja Petaling Malaysia,3.1519,101.4746
JALAN ELEKTRON NU 16/N DENAI ALAM SHAH ALAM Bukit Raja Petaling Malaysia,3.144,101.496
JALAN ELEKTRON U16/G DENAI ALAM SHAH ALAM Bukit Raja Petaling Malaysia,3.1086,101.4527
JLN ELEKTRON D U16/D DENAI ALAM SHAH ALAM Bukit Raja Petaling Malaysia,3.0905,101.4787
JLN ELEKTRON  E U16/E DENAI ALAM SHAH ALAM Bukit Raja Petaling Malaysia,3.124,101.453
JLN ELEKTRON E U16/E DENAI ALAM SHAH ALAM Bukit Raja Petaling Malaysia,3.125,101.472
JLN ELEKTRON F U16/F DENAI ALAM SHAH ALAM Bukit Raja Petaling Malaysia,3.137,101.466
JLN ELEKTRON G U16/G DENAI ALAM SHAH ALAM Bukit Raja Petaling Malaysia,3.0992,101.4378
JLN ELEKTRON H U16/H DENAI ALAM SHAH ALAM Bukit Raja Petaling Malaysia,3.1057,101.4776
JLN ELEKTRON J U16/J DENAI ALAM SHAH ALAM Bukit Raja Petaling Malaysia,3.102,101.471
JLN ELEKTRON U16/53 DENAI ALAM SHAH ALAM Bukit Raja Petaling Malaysia,3.157,101.497
JLN ELEKTRON U16/E DENAI ALAM SHAH ALAM Bukit Raja Petaling Malaysia,3.1173,101.4778
JLN ELEKTRON U16/J DENAI ALAM SHAH ALAM Bukit Raja Petaling Malaysia,3.1225,101.478
JLN ELEKTRON U16/N DENAI ALAM SHAH ALAM Bukit Raja Petaling Malaysia,3.1265,101.4435
JLN ELKTRON U16/N DENAI ALAM SHAH ALAM Bukit Raja Petaling Malaysia,3.1228,101.4557
JLN NEUTRON Q U16/Q DENAI ALAM SHAH ALAM Bukit Raja Petaling Malaysia,3.0855,101.4502
JLN U15/8 DESA TROPIKA Bukit Raja Petaling Malaysia,3.0926,101.4358
JALAN PULAU TIOMAN R U10/R GREEN HILL RESIDENCE (PERDAGANGAN) Bukit Raja Petaling Malaysia,3.0737,101.4368
JALAN ELEKTRON U16/E SKY PARK ONE CITY Bukit Raja Petaling Malaysia,3.0388,101.4275
JALAN UNGU C U9/C SUNWAY KAYANGAN Bukit Raja Petaling Malaysia,3.1149,101.4584
JLN UNGU C U9/C SUNWAY KAYANGAN Bukit Raja Petaling Malaysia,3.1186,101.4581
"JLN ARCA P U8/P BUKIT JELUTONG, SHAH ALAM Damansara Petaling Malaysia",3.114,101.539
"JLN BAZAR PU 8/P BUKIT JELUTONG, SHAH ALAM Damansara Petaling Malaysia",3.1039,101.5416
"JLN N U8/N BUKIT JELUTONG, SHAH ALAM Damansara Petaling Malaysia",3.124,101.525
"JLN P U8/P BUKIT JELUTONG, SHAH ALAM Damansara Petaling Malaysia",3.0982,101.5256
"JLN PELAPIK  B U8/B BUKIT JELUTONG, SHAH ALAM Damansara Petaling Malaysia",3.106,101.561
"JLN PELAPIK B U8/B BUKIT JELUTONG, SHAH ALAM Damansara Petaling Malaysia",3.1117,101.5412
"JLN ARCA P U8/P (LAMAN IDAMAN) BUKIT JELUTONG, SHAH ALAM Damansara Petaling Malaysia",3.1189,101.5565
"JLN B U8/B BUKIT JELUTONG, SHAH ALAM Damansara Petaling Malaysia",3.115,101.549
"JLN C U8/C BUKIT JELUTONG, SHAH ALAM Damansara Petaling Malaysia",3.113,101.54
"PLAZA JELUTUNG BUKIT JELUTONG, SHAH ALAM Damansara Petaling Malaysia",3.1176,101.5674
JALAN PINGGIRAN USJ 1/11 PINGGIRAN USJ Damansara Petaling Malaysia,3.0517,101.5837
JLN PINGGIRAN USJ 1/8 PINGGIRAN USJ Damansara Petaling Malaysia,3.0496,101.5879
JLN PJU 1A/46 PUSAT DAGANGAN DANA 1 Damansara Petaling Malaysia,3.1345,101.6198
JALAN PJU 1A/46 PUSAT DAGANGAN DANA 1 Damansara Petaling Malaysia,3.1498,101.6157
JALAN PUTRA INDAH 9/1D PUTERA HEIGHTS Damansara Petaling Malaysia,3.209,101.649
JLN PUTRA MAHKOTA 7/6C PUTERA HEIGHTS Damansara Petaling Malaysia,3.0492,101.6668
JALAN PUTRA MAHKOTA 7/6B PUTERA HEIGHTS Damansara Petaling Malaysia,3.0559,101.6028
JALAN PUTRA MAHKOTA 7/8D PUTERA HEIGHTS Damansara Petaling Malaysia,3.077,101.591
JALAN PUTRA MAHKOTA 7/8E PUTERA HEIGHTS Damansara Petaling Malaysia,3.1347,101.6739
JALAN PUTRA PERMAI 10/5 PUTERA HEIGHTS Damansara Petaling Malaysia,3.1562,101.6108
JALAN PUTRA PERMAI 10/5A PUTERA HEIGHTS Damansara Petaling Malaysia,3.2329,101.5775
JLN PUTRA MAHKOTA 7/4A PUTERA HEIGHTS Damansara Petaling Malaysia,3.0019,101.7262
JLN PUTRA MAHKOTA 7/6A PUTERA HEIGHTS Damansara Petaling Malaysia,3.1407,101.7201
JLN PUTRA MAHKOTA  7/6B PUTERA HEIGHTS Damansara Petaling Malaysia,3.1249,101.6217
JLN PUTRA MAHKOTA 7/6B PUTERA HEIGHTS Damansara Petaling Malaysia,3.019,101.557
JLN PUTRA MAHKOTA 7/8C PUTERA HEIGHTS Damansara Petaling Malaysia,3.0119,101.5929
JLN TP 7/2 SEK. 26 SHAH ALAM Damansara Petaling Malaysia,3.0835,101.5321
JALAN TP 7/1 SIME UEP IND. PARK Damansara Petaling Malaysia,3.0389,101.5829
JLN TIARA SIME UEP IND. PARK Damansara Petaling Malaysia,3.0685,101.586
JALAN PINGGIRAN USJ 1/9 SIME UEP IND. PARK Damansara Petaling Malaysia,3.0506,101.5908
JALAN TP 7/2 SIME UEP IND. PARK Damansara Petaling Malaysia,3.0395,101.5758
JALAN TP 7/5 SIME UEP IND. PARK Damansara Petaling Malaysia,3.0486,101.5831
JLN TIARA 1 SIME UEP IND. PARK Damansara Petaling Malaysia,3.1209,101.5919
"JLN TIARA, TIARA SQUARE SIME UEP IND. PARK Damansara Petaling Malaysia",3.101,101.597
JLN TP 7/1 SIME UEP IND. PARK Damansara Petaling Malaysia,3.0241,101.5635
JLN TP 7/2 SIME UEP IND. PARK Damansara Petaling Malaysia,3.048,101.605
TIARA SQUARE SIME UEP IND. PARK Damansara Petaling Malaysia,3.1457,101.6114
JLN OPERA B U2/B TTDI JAYA Damansara Petaling Malaysia,3.092,101.591
JLN B U2/B TTDI JAYA Damansara Petaling Malaysia,3.0686,101.5729
JLN OPERA A U2/A TTDI JAYA Damansara Petaling Malaysia,3.0735,101.5739
JLN OPERA K U2/K TTDI JAYA Damansara Petaling Malaysia,3.0997,101.6125
JLN OPERA L U2/L TTDI JAYA Damansara Petaling Malaysia,3.0735,101.5859
JLN USJ HEIGHS 1/1C USJ AVENUE Damansara Petaling Malaysia,3.0797,101.5905
JLN SB INDAH 1 TAMAN SUNGAI BESI INDAH Pekan Baru Sg Besi Petaling Malaysia,3.081,101.71
JLN 1A/1 BDR BARU SG. BULOH Pekan Baru Sg Buluh Petaling Malaysia,3.206,101.578
JLN 1A/3 BDR BARU SG. BULOH Pekan Baru Sg Buluh Petaling Malaysia,3.205,101.587
"BLOK I,JLN TEKNOLOGI 3/9 DAMANSARA PROMENADE Pekan Baru Sg Buluh Petaling Malaysia",3.2156,101.6132
JALAN TEKNOLOGI 3/9 DAMANSARA PROMENADE Pekan Baru Sg Buluh Petaling Malaysia,3.1934,101.6298
JLN TEKNOLOGI 3/9 DAMANSARA PROMENADE Pekan Baru Sg Buluh Petaling Malaysia,3.2053,101.5847
JALAN KENYALANG 11/3B KOTA DAMANSARA Pekan Baru Sg Buluh Petaling Malaysia,3.155,101.61
"JALAN CAMAR 4/2 SEKSYEN 4, KOTA DAMANSARA Pekan Baru Sg Buluh Petaling Malaysia",3.134,101.585
"JLN CAMAR 4/3 SEKSYEN 4, KOTA DAMANSARA Pekan Baru Sg Buluh Petaling Malaysia",3.1474,101.5806
"JLN CAMAR 4/5A SEKSYEN 4, KOTA DAMANSARA Pekan Baru Sg Buluh Petaling Malaysia",3.1489,101.6046
JLN NURI 7A (TYPE B) SEKSYEN 7 KOTA DAMANSARA Pekan Baru Sg Buluh Petaling Malaysia,3.1608,101.5916
JALAN PJU 3/38A SUNWAY DAMANSARA (PJU 3) Pekan Baru Sg Buluh Petaling Malaysia,3.1746,101.6236
JALAN PJU 10/5A SUTERA DAMANSARA Pekan Baru Sg Buluh Petaling Malaysia,3.2105,101.6195
JALAN PJU 10/5B SUTERA DAMANSARA Pekan Baru Sg Buluh Petaling Malaysia,3.1909,101.6051
JALAN BRP 1/6 TAMAN BUKIT RAHMAN PUTRA Pekan Baru Sg Buluh Petaling Malaysia,3.2333,101.5833
JALAN BRP 1/6A TAMAN BUKIT RAHMAN PUTRA Pekan Baru Sg Buluh Petaling Malaysia,3.1969,101.5608
JALAN BRP 6/13 TAMAN BUKIT RAHMAN PUTRA Pekan Baru Sg Buluh Petaling Malaysia,3.2383,101.5698
JLN BPR 1/6 TAMAN BUKIT RAHMAN PUTRA Pekan Baru Sg Buluh Petaling Malaysia,3.205,101.578
JLN BRP 6/13 TAMAN BUKIT RAHMAN PUTRA Pekan Baru Sg Buluh Petaling Malaysia,3.215,101.578
"JLN TEKNOLOGI 3/6D TMN SAINS SELANGOR, KOTA DAMANSARA Pekan Baru Sg Buluh Petaling Malaysia",3.1365,101.6068
"JLN TEKNOLOGI 3/6E TMN SAINS SELANGOR, KOTA DAMANSARA Pekan Baru Sg Buluh Petaling Malaysia",3.134,101.6
JLN BM U5/BM BANDAR PINGGIRAN SUBANG Pekan Baru Subang Petaling Malaysia,3.123,101.569
JLN BULAN BM U5/BM BANDAR PINGGIRAN SUBANG Pekan Baru Subang Petaling Malaysia,3.1409,101.5659
JLN BULAN BZ U5/BZ BANDAR PINGGIRAN SUBANG Pekan Baru Subang Petaling Malaysia,3.1303,101.5848
JLN SP 1/2 KG. BARU SUBANG Pekan Baru Subang Petaling Malaysia,3.071,101.522
JLN BULAN BZ U5/BZ SUBANG INT. LIGHT IND. PARK Pekan Baru Subang Petaling Malaysia,3.1319,101.5632
JALAN BX U5/BX SUBANG INT. LIGHT IND. PARK Pekan Baru Subang Petaling Malaysia,3.1739,101.5595
JLN BM  U5/BM SUBANG INT. LIGHT IND. PARK Pekan Baru Subang Petaling Malaysia,3.146,101.534
JLN BULAN BV U5/BV SUBANG INT. LIGHT IND. PARK Pekan Baru Subang Petaling Malaysia,3.1296,101.5847
JLN BULAN BZ SUBANG INT. LIGHT IND. PARK Pekan Baru Subang Petaling Malaysia,3.0398,101.5877
JLN BULAN N U5/N SUBANG INT. LIGHT IND. PARK Pekan Baru Subang Petaling Malaysia,3.1123,101.5485
JLN BULAN U5/CA SUBANG INT. LIGHT IND. PARK Pekan Baru Subang Petaling Malaysia,3.1525,101.6505
JLN BV U5/BV SUBANG INT. LIGHT IND. PARK Pekan Baru Subang Petaling Malaysia,3.0125,101.559
JLN BZ U5/BZ SUBANG INT. LIGHT IND. PARK Pekan Baru Subang Petaling Malaysia,3.1527,101.5313
JALAN PJU 1/45 AMAN SURIA DAMANSARA Pekan Chempaka Petaling Malaysia,3.1328,101.6236
JLN PJU 1/45 AMAN SURIA DAMANSARA Pekan Chempaka Petaling Malaysia,3.1259,101.6298
JLN PJU 1/3D MASALAM COM. CENTRE Pekan Chempaka Petaling Malaysia,3.1059,101.6823
JLN PJU 1/3G MASALAM COM. CENTRE Pekan Chempaka Petaling Malaysia,3.1089,101.6546
JALAN SP 6A TMN SRI PUCHONG Pekan Desa Puchong Petaling Malaysia,3.0256,101.6225
JALAN 26/9 SEK. 26 SHAH ALAM Pekan Hicom Petaling Malaysia,3.0369,101.525
JLN PERBAHAN SATU 26/2A SEK. 26 SHAH ALAM Pekan Hicom Petaling Malaysia,3.0339,101.5308
JLN SEKINCAN 26/9 SEK. 26 SHAH ALAM Pekan Hicom Petaling Malaysia,3.0411,101.5518
"JLN BALAKUNG 27/7 SEK. 27, SHAH ALAM Pekan Hicom Petaling Malaysia",3.027,101.533
"JLN SG GARING 27/61 SEK. 27, SHAH ALAM Pekan Hicom Petaling Malaysia",3.0497,101.5323
"JLN UNYANG 27/60 SEK. 27, SHAH ALAM Pekan Hicom Petaling Malaysia",3.045,101.522
"JALAN LABU 28/23 SEK. 28, SHAH ALAM Pekan Hicom Petaling Malaysia",3.0028,101.5379
"JALAN BATU LAUT 28/5 SEK. 28, SHAH ALAM Pekan Hicom Petaling Malaysia",3.0275,101.513
"JALAN BUKIT CEDING 28/4 SEK. 28, SHAH ALAM Pekan Hicom Petaling Malaysia",3.0166,101.5236
"JALAN PULAU KEMPAS 28/3 SEK. 28, SHAH ALAM Pekan Hicom Petaling Malaysia",3.0228,101.5352
"JLN MORIB 28/6 SEK. 28, SHAH ALAM Pekan Hicom Petaling Malaysia",3.064,101.518
"JLN PULAU KEMPAS 28/3 SEK. 28, SHAH ALAM Pekan Hicom Petaling Malaysia",3.0725,101.5208
JLN TELUK KAPAS N 27/N SENTRAL 27 Pekan Hicom Petaling Malaysia,3.0339,101.5183
JLN TELOK KAPAS  N27/N SENTRAL 27 Pekan Hicom Petaling Malaysia,3.0246,101.6164
JLN TELUK KAPAS N27/N SENTRAL 27 Pekan Hicom Petaling Malaysia,3.0658,101.5358
JLN KENARI 18 BDR PUCHONG JAYA Pekan Kinrara Petaling Malaysia,3.0397,101.6483
JLN KENARI 18A BDR PUCHONG JAYA Pekan Kinrara Petaling Malaysia,3.0289,101.6259
JLN KENARI 19A BDR PUCHONG JAYA Pekan Kinrara Petaling Malaysia,3.0367,101.624
JALAN BK 6F/3 PERUMAHAN KINRARA Pekan Kinrara Petaling Malaysia,3.035,101.649
JLN BK 6F/3A PERUMAHAN KINRARA Pekan Kinrara Petaling Malaysia,3.047,101.655
BK 6F/3 PERUMAHAN KINRARA Pekan Kinrara Petaling Malaysia,3.048,101.64
JLN BK 3/2 PERUMAHAN KINRARA Pekan Kinrara Petaling Malaysia,3.0607,101.6648
JLN BK 5B/3 PERUMAHAN KINRARA Pekan Kinrara Petaling Malaysia,3.0538,101.6496
JLN TPK 1/5 TMN PERINDUSTRIAN KINRARA Pekan Kinrara Petaling Malaysia,3.0629,101.6485
JLN TKK 2/2 TMN PUNCAK KINRARA Pekan Kinrara Petaling Malaysia,3.0483,101.6482
JLN PJS 9/1 UNION SUITES Pekan Penaga Petaling Malaysia,3.1066,101.6116
JLN MERAK 4A BDR PUCHONG JAYA Pekan Puchong Jaya Petaling Malaysia,3.034,101.618
JLN PIPIT 1 BDR PUCHONG JAYA Pekan Puchong Jaya Petaling Malaysia,3.0319,101.6209
JLN PU 5/1 BDR PUCHONG UTAMA Pekan Puchong Perdana Petaling Malaysia,3.0225,101.641
JLN INTAN 2/7 TMN PUCHONG INTAN Pekan Puchong Perdana Petaling Malaysia,2.9885,101.6294
JLN PRIMA 1 TMN PUCHONG PRIMA Pekan Puchong Perdana Petaling Malaysia,3.0325,101.6139
JLN PRIMA UTAMA 1 TMN PUCHONG PRIMA Pekan Puchong Perdana Petaling Malaysia,3.0198,101.6133
JLN PASAR KG BARU SRI KEMBANGAN Pekan Serdang Petaling Malaysia,3.0075,101.6861
JLN SK 7/12 KG BARU SRI KEMBANGAN Pekan Serdang Petaling Malaysia,3.0477,101.7084
JLN BS 3/6 TAMAN BUKIT SERDANG - SEK. 4 & 5 Pekan Serdang Petaling Malaysia,3.0109,101.6666
JLN SR 1/4 TAMAN CAHAYA MANIS Pekan Serdang Petaling Malaysia,3.0206,101.6583
"JLN BS 9/7B TAMAN PERINDUSTRIAN BUKIT SERDANG,SEK.9 Pekan Serdang Petaling Malaysia",3.0035,101.6545
JALAN BS 5/26 TAMAN SERDANG PERMATA Pekan Serdang Petaling Malaysia,3.0167,101.7064
JLN BS 5/26 TAMAN SERDANG PERMATA Pekan Serdang Petaling Malaysia,3.0176,101.6898
JLN BS 14/3 TAMAN SERDANG PERMATA Pekan Serdang Petaling Malaysia,3.0108,101.7151
JLN 18/46 TAMAN SRI SERDANG Pekan Serdang Petaling Malaysia,3.0932,101.6274
JLN 18/62 TAMAN SRI SERDANG Pekan Serdang Petaling Malaysia,3.025,101.711
JLN INDAH 2/2 TAMAN UNIVERSITI INDAH Pekan Serdang Petaling Malaysia,2.999,101.707
JLN INDAH 2/4 TAMAN UNIVERSITI INDAH Pekan Serdang Petaling Malaysia,3.0087,101.6995
JLN SR 2/3 TMN SERDANG RAYA SEK. 2 Pekan Serdang Petaling Malaysia,3.0264,101.7167
JLN TMN SUBANG JASA 2 KG. BARU SUBANG Pekan Subang Petaling Malaysia,3.1495,101.5406
JLN USJ 4/9G USJ 4 Pekan Subang Jaya Petaling Malaysia,3.073,101.582
JLN PUTERI 1/8 BANDAR PUTERI Petaling Petaling Malaysia,3.0379,101.4582
JLN BP 7/9 BDR BUKIT PUCHONG Petaling Petaling Malaysia,3.0183,101.6317
JLN BP 7/10 BDR BUKIT PUCHONG Petaling Petaling Malaysia,3.0305,101.6208
JLN BS 6/2 BDR BUKIT PUCHONG Petaling Petaling Malaysia,3.0079,101.6214
JLN HELANG 13 BDR PUCHONG JAYA Petaling Petaling Malaysia,3.0258,101.6169
JLN ESERINA Y U16/Y ELMINA EAST Petaling Petaling Malaysia,3.106,101.605
JLN PASAR KG BARU SRI KEMBANGAN Petaling Petaling Malaysia,3.0399,101.7184
JLN BK 5/12A PERUMAHAN KINRARA Petaling Petaling Malaysia,3.0469,101.6704
JLN SURIA PUCHONG 2 PUCHONG GATEWAY Petaling Petaling Malaysia,3.0209,101.6065
JLN SURIA PUCHONG 4 PUCHONG GATEWAY Petaling Petaling Malaysia,3.0368,101.6139
JLN 22 TAMAN BUKIT KUCHAI Petaling Petaling Malaysia,3.0444,101.6567
JLN 23 TAMAN BUKIT KUCHAI Petaling Petaling Malaysia,3.049,101.641
JALAN DD 3A/1 TAMAN DATO DEMANG Petaling Petaling Malaysia,3.0633,101.7537
JLN DD 3A/1 TAMAN DATO DEMANG Petaling Petaling Malaysia,3.039,101.775
JLN EQUINE 9B TAMAN EQUINE Petaling Petaling Malaysia,3.0387,101.6086
JLN EQUINE 1H TAMAN EQUINE Petaling Petaling Malaysia,3.0044,101.5903
JLN EQUINE 9 TAMAN EQUINE Petaling Petaling Malaysia,3.0256,101.6728
JLN EQUINE 9A TAMAN EQUINE Petaling Petaling Malaysia,3.002,101.648
JLN EQUINE 9D TAMAN EQUINE Petaling Petaling Malaysia,3.0149,101.5941
JLN EQUINE 9F TAMAN EQUINE Petaling Petaling Malaysia,3.0269,101.7009
JLN EQUINE 10B TAMAN EQUINE Petaling Petaling Malaysia,3.005,101.603
JLN EQUINE 10D TAMAN EQUINE Petaling Petaling Malaysia,3.0059,101.5854
JLN EQUINE 10F TAMAN EQUINE Petaling Petaling Malaysia,3.004,101.624
JLN TK 2/1A TAMAN KINRARA SEKSYEN 2 Petaling Petaling Malaysia,2.982,101.642
JLN TK 2/1C TAMAN KINRARA SEKSYEN 2 Petaling Petaling Malaysia,3.0621,101.6375
JLN LEP 1/1C TAMAN LESTARI PUCHONG Petaling Petaling Malaysia,3.0167,101.6167
JLN MEDAN 10 TAMAN MEDAN Petaling Petaling Malaysia,3.1119,101.6526
JLN KEKWA 3 TAMAN PUCHONG PERDANA Petaling Petaling Malaysia,3.0215,101.6139
JLN PERDANA 3/4 TAMAN PUCHONG PERDANA Petaling Petaling Malaysia,3.0329,101.6229
JLN EQUINE 9C TAMAN PUTRA PERMAI Petaling Petaling Malaysia,3.0704,101.7421
JLN EQUINE 10D TAMAN PUTRA PERMAI Petaling Petaling Malaysia,3.1368,101.756
JALAN EQUINE 1G TAMAN PUTRA PERMAI Petaling Petaling Malaysia,3.0347,101.6186
JLN BPP 5/3 TAMAN PUTRA PERMAI Petaling Petaling Malaysia,3.098,101.677
JLN BPP 5/8 (PERMAI SQUARE 2) TAMAN PUTRA PERMAI Petaling Petaling Malaysia,3.1646,101.7186
JLN BPP 8/1 TAMAN PUTRA PERMAI Petaling Petaling Malaysia,3.1125,101.707
JLN EQUINE 9 TAMAN PUTRA PERMAI Petaling Petaling Malaysia,3.0439,101.6306
JLN EQUINE 9A TAMAN PUTRA PERMAI Petaling Petaling Malaysia,3.111,101.727
JLN EQUINE 9B TAMAN PUTRA PERMAI Petaling Petaling Malaysia,3.0477,101.7686
JLN EQUINE 9D TAMAN PUTRA PERMAI Petaling Petaling Malaysia,3.047,101.769
JLN EQUINE 9E TAMAN PUTRA PERMAI Petaling Petaling Malaysia,3.183,101.719
JLN LESTARI PERDANA 7/4 TAMAN PUTRA PERMAI Petaling Petaling Malaysia,3.1185,101.7158
JLN LP 7/4 TAMAN PUTRA PERMAI Petaling Petaling Malaysia,3.105,101.669
JLN SP 3/2 TAMAN SAUJANA PUCHONG Petaling Petaling Malaysia,3.0108,101.6178
JLN SP 3/4 TAMAN SAUJANA PUCHONG Petaling Petaling Malaysia,3.035,101.621
JLN SP 3/5 TAMAN SAUJANA PUCHONG Petaling Petaling Malaysia,3.025,101.63
PERSIARAN SAUJANA PUCHONG TAMAN SAUJANA PUCHONG Petaling Petaling Malaysia,3.0077,101.6072
JALAN BS 5/26 TAMAN SERDANG PERMATA Petaling Petaling Malaysia,3.0036,101.7233
JALAN DU 1/2 TMN DAMAI UTAMA Petaling Petaling Malaysia,3.1103,101.6247
JALAN DU 2/1 TMN DAMAI UTAMA Petaling Petaling Malaysia,3.0569,101.6113
JLN LP 1A/5 TMN LESTARI PERDANA Petaling Petaling Malaysia,3.0767,101.6309
JLN LP 1A/6 TMN LESTARI PERDANA Petaling Petaling Malaysia,3.0577,101.6203
JLN LP 7/2 TMN LESTARI PERDANA Petaling Petaling Malaysia,3.0865,101.641
JALAN LESTARI PERDANA 7/2 TMN LESTARI PERDANA Petaling Petaling Malaysia,2.3096,101.6649
Jln LEP 1/1C TMN LESTARI PERDANA Petaling Petaling Malaysia,3.004,101.607
JLN LESTARI PERDANA 7/4 TMN LESTARI PERDANA Petaling Petaling Malaysia,3.0099,101.7167
JLN LP 1A/1 TMN LESTARI PERDANA Petaling Petaling Malaysia,3.0998,101.5928
JLN  LP 1A/2 TMN LESTARI PERDANA Petaling Petaling Malaysia,3.086,101.616
JLN LP 1A/2 TMN LESTARI PERDANA Petaling Petaling Malaysia,3.089,101.611
JLN LP 1A/3 TMN LESTARI PERDANA Petaling Petaling Malaysia,3.1027,101.6026
JLN LP 1A/4 TMN LESTARI PERDANA Petaling Petaling Malaysia,3.1325,101.644
JLN LP 2A/3 TMN LESTARI PERDANA Petaling Petaling Malaysia,3.1079,101.6067
JLN LP 7/4 TMN LESTARI PERDANA Petaling Petaling Malaysia,3.0856,101.6207
JLN LP 7/5 TMN LESTARI PERDANA Petaling Petaling Malaysia,3.1148,101.6167
JLN LP 7/5B TMN LESTARI PERDANA Petaling Petaling Malaysia,3.071,101.615
MUTIARA 1/1 TMN MUTIARA INDAH Petaling Petaling Malaysia,3.0865,101.6725
JLN MUTIARA 1/1 TMN MUTIARA INDAH Petaling Petaling Malaysia,3.163,101.63
JLN MUTIARA 1/1G TMN MUTIARA INDAH Petaling Petaling Malaysia,3.067,101.645
MUTIARA 1/1A TMN MUTIARA INDAH Petaling Petaling Malaysia,3.0803,101.6105
JALAN PUCHONG TMN PAIK SIONG Petaling Petaling Malaysia,3.0487,101.6276
JLN TPK 1/5 TMN PERINDUSTRIAN KINRARA Petaling Petaling Malaysia,3.053,101.643
JLN TPK 1/6 TMN PERINDUSTRIAN KINRARA Petaling Petaling Malaysia,3.0505,101.633
JLN TPK 1/7 TMN PERINDUSTRIAN KINRARA Petaling Petaling Malaysia,3.0479,101.6594
JLN PUJ 3/2 TMN PINGGIRAN PUTRA SEK. 2 Petaling Petaling Malaysia,2.9663,101.7039
JLN INDAH 2/2 TMN PUCHONG INDAH Petaling Petaling Malaysia,2.9947,101.6163
JLN INTAN 2/7 TMN PUCHONG INTAN Petaling Petaling Malaysia,3.0504,101.6159
JLN PUJ 3/1 TMN PUNCAK JALIL Petaling Petaling Malaysia,3.0542,101.6903
JLN PUJ 3/2 TMN PUNCAK JALIL Petaling Petaling Malaysia,3.0545,101.6846
JLN PUJ 3/3 TMN PUNCAK JALIL Petaling Petaling Malaysia,3.036,101.69
JLN PUJ 3/7 TMN PUNCAK JALIL Petaling Petaling Malaysia,3.0229,101.7026
JLN PUJ 3/8 TMN PUNCAK JALIL Petaling Petaling Malaysia,3.0475,101.7229
JLN PUJ 3/9 TMN PUNCAK JALIL Petaling Petaling Malaysia,3.036,101.735
JLN PUJ 3/12 TMN PUNCAK JALIL Petaling Petaling Malaysia,3.054,101.688
JLN PUJ 8/6 TMN PUNCAK JALIL Petaling Petaling Malaysia,3.0056,101.6489
JLN PUJ 8/7 TMN PUNCAK JALIL Petaling Petaling Malaysia,3.0475,101.6694
JLN PUJ 8/8 TMN PUNCAK JALIL Petaling Petaling Malaysia,3.0549,101.7198
JALAN PUJ 3/2 TMN PUNCAK JALIL Petaling Petaling Malaysia,3.034,101.689
JALAN PUJ 3/8 TMN PUNCAK JALIL Petaling Petaling Malaysia,3.047,101.697
JALAN PUJ 3/9 TMN PUNCAK JALIL Petaling Petaling Malaysia,3.0015,101.6645
JLN PUJ 1/17 TMN PUNCAK JALIL Petaling Petaling Malaysia,3.0529,101.6915
JLN PUJ 3 TMN PUNCAK JALIL Petaling Petaling Malaysia,3.0507,101.7182
JLN PUJ 3/4 TMN PUNCAK JALIL Petaling Petaling Malaysia,3.0022,101.6848
JLN PUJ 3/5 TMN PUNCAK JALIL Petaling Petaling Malaysia,3.0449,101.7184
JLN PUJ 3/6 TMN PUNCAK JALIL Petaling Petaling Malaysia,3.0517,101.7179
JLN PUJ 3/10 TMN PUNCAK JALIL Petaling Petaling Malaysia,3.0508,101.7067
JLN PUJ 3/11 TMN PUNCAK JALIL Petaling Petaling Malaysia,3.0299,101.6957
JLN PUJ 3/13 TMN PUNCAK JALIL Petaling Petaling Malaysia,3.0446,101.6991
PUJ 3/2 TMN PUNCAK JALIL Petaling Petaling Malaysia,3.0456,101.6914
TMN PUNCAK JALIL TMN PUNCAK JALIL Petaling Petaling Malaysia,3.049,101.742
JLN BUMI AW U5/AW BANDAR PINGGIRAN SUBANG Sungai Buluh Petaling Malaysia,3.2069,101.5862
JLN MATAHARI AA U5/AA BANDAR PINGGIRAN SUBANG Sungai Buluh Petaling Malaysia,3.106,101.559
JLN MUSYTARI AN U5 /A N BANDAR PINGGIRAN SUBANG Sungai Buluh Petaling Malaysia,3.1999,101.5792
JLN MUSYTARI AP U5/AP BANDAR PINGGIRAN SUBANG Sungai Buluh Petaling Malaysia,3.2028,101.6256
JLN MUSYTARI  U5 /A N BANDAR PINGGIRAN SUBANG Sungai Buluh Petaling Malaysia,3.1959,101.5749
JLN MUSYTARI U5 /A N BANDAR PINGGIRAN SUBANG Sungai Buluh Petaling Malaysia,3.167,101.557
JLN SURIA V U5/V BANDAR PINGGIRAN SUBANG Sungai Buluh Petaling Malaysia,3.1439,101.5867
JLN SURIA X U5/X BANDAR PINGGIRAN SUBANG Sungai Buluh Petaling Malaysia,3.1635,101.5702
JLN ESERINA  AA U16/AA ELMINA EAST Sungai Buluh Petaling Malaysia,3.2043,101.5454
JLN FREKUENSI R U16/R ELMINA EAST Sungai Buluh Petaling Malaysia,3.223,101.579
JLN ESERINA AA U16/AA ELMINA EAST Sungai Buluh Petaling Malaysia,3.2047,101.6026
JLN ESERINA  Y U16/Y ELMINA EAST Sungai Buluh Petaling Malaysia,3.217,101.585
JLN ESERINA Y U16/Y ELMINA EAST Sungai Buluh Petaling Malaysia,3.207,101.581
JLN ESERINA Y U/Y ELMINA EAST Sungai Buluh Petaling Malaysia,3.205,101.551
JALAN CASUARINA U17/56 ELMINA WEST Sungai Buluh Petaling Malaysia,3.2169,101.5556
JALAN SUBANG JASA 3 KG. BARU SUBANG Sungai Buluh Petaling Malaysia,3.1772,101.5856
JLN TMN SUBANG JASA 3 KG. BARU SUBANG Sungai Buluh Petaling Malaysia,3.1536,101.5347
JLN TSJ 2(T. SUBANG JASA) KG. BARU SUBANG Sungai Buluh Petaling Malaysia,3.1447,101.5355
JLN D U5/D MAHSING INTEGRETED IND PARK Sungai Buluh Petaling Malaysia,3.213,101.576
JALAN PJU 7/16 MUTIARA DAMANSARA Sungai Buluh Petaling Malaysia,3.1488,101.6119
JLN PJU 7/7A MUTIARA DAMANSARA Sungai Buluh Petaling Malaysia,3.157,101.599
JLN PJU 7/16 MUTIARA DAMANSARA Sungai Buluh Petaling Malaysia,3.1516,101.6023
JLN PJU 7/16A MUTIARA DAMANSARA Sungai Buluh Petaling Malaysia,3.1539,101.5948
JALAN CEMPEDAK PERUMAHAN KOS RENDAH PAYA JARAS Sungai Buluh Petaling Malaysia,3.2086,101.5952
JLN PJU 10/10E SAUJANA DAMANSARA Sungai Buluh Petaling Malaysia,3.1797,101.5872
JALAN PJU 10/10C SAUJANA DAMANSARA Sungai Buluh Petaling Malaysia,3.1805,101.6048
JALAN PJU 10/10D SAUJANA DAMANSARA Sungai Buluh Petaling Malaysia,3.1883,101.5787
JALAN PJU 10/10E SAUJANA DAMANSARA Sungai Buluh Petaling Malaysia,3.1945,101.5948
JLN PJU 10/10D SAUJANA DAMANSARA Sungai Buluh Petaling Malaysia,3.2017,101.5736
JLN AMAN DAMAI H U17/H TAMAN AMAN PUTRI Sungai Buluh Petaling Malaysia,3.173,101.613
JLN AMAN DAMAI J U17/J TAMAN AMAN PUTRI Sungai Buluh Petaling Malaysia,3.2498,101.6537
JALAN BRP 1/3 TAMAN BUKIT RAHMAN PUTRA Sungai Buluh Petaling Malaysia,3.2155,101.5848
JLN BRP 1/3 TAMAN BUKIT RAHMAN PUTRA Sungai Buluh Petaling Malaysia,3.2227,101.5966
JALAN U19/A TAMAN SRI BULOH Sungai Buluh Petaling Malaysia,3.214,101.546
JALAN WARUNA AR U5/AR TMN DESA SUBANG Sungai Buluh Petaling Malaysia,3.1368,101.5928
JLN WARUNA  AR U5/AR TMN DESA SUBANG Sungai Buluh Petaling Malaysia,3.076,101.554
JALAN MENTERI PEKAN SUNGAI BESAR Pancang Bedena Sabak Bernam Malaysia,3.6779,100.9864
JLN ANGGERIK PEKAN SUNGAI BESAR Pancang Bedena Sabak Bernam Malaysia,3.6722,101.1206
JLN MENTERI PEKAN SUNGAI BESAR Pancang Bedena Sabak Bernam Malaysia,3.6739,101.1016
JLN PANCANG BEDENA PEKAN SUNGAI BESAR Pancang Bedena Sabak Bernam Malaysia,3.6389,101.1039
JLN RIA 1/2 PEKAN SUNGAI BESAR Pancang Bedena Sabak Bernam Malaysia,3.6667,100.9833
SG. BESAR BUSINESS CENTRE P/L 716 PEKAN SUNGAI BESAR Pancang Bedena Sabak Bernam Malaysia,3.6757,100.9833
TAMAN DESA PEKAN SUNGAI BESAR Pancang Bedena Sabak Bernam Malaysia,3.7,101.0
"JALAN AROWANA PERDANA (SG. BURONG) TMN AROWANA PERDANA, SG. BESAR Pancang Bedena Sabak Bernam Malaysia",3.682,101.113
"JLN AROWANA PERDANA 1 TMN AROWANA PERDANA, SG. BESAR Pancang Bedena Sabak Bernam Malaysia",3.67,101.08
"JLN AMAN UTAMA TMN AMAN JAYA, SEKINCHAN Pasir Panjang Sabak Bernam Malaysia",3.664,101.124
"JLN INDAH SATU TMN INDAH, SEKINCHAN Pasir Panjang Sabak Bernam Malaysia",3.663,101.117
JALAN TAM 1 TMN AIR MANIS Pekan Air Manis Sabak Bernam Malaysia,3.661,101.037
JALAN MENTERI PEKAN SABAK Pekan Sabak Sabak Bernam Malaysia,3.7377,100.9885
JALAN MELUR 1 PEKAN SABAK Pekan Sabak Sabak Bernam Malaysia,3.7749,100.9933
JLN ALAMANDA PEKAN SABAK Pekan Sabak Sabak Bernam Malaysia,3.6833,100.9833
JLN RAJA CHULAN PEKAN SABAK Pekan Sabak Sabak Bernam Malaysia,3.6572,101.1068
JALAN MENTERI PEKAN SABAK BERNAM Pekan Sabak Sabak Bernam Malaysia,3.6854,101.0981
JLN MENTERI TMN SABAK JAYA Pekan Sabak Sabak Bernam Malaysia,3.715,100.992
JALAN MENTERI 1 PEKAN SEKINCHAN Pekan Sekinchan Sabak Bernam Malaysia,3.8945,101.078
JLN BUNGA TANJUNG PEKAN SUNGAI BESAR Pekan Sungai Besar Sabak Bernam Malaysia,3.6848,101.0708
JALAN BUNGA ORKID PEKAN SUNGAI BESAR Pekan Sungai Besar Sabak Bernam Malaysia,3.679,101.036
JLN BUNGA KENANGA PEKAN SUNGAI BESAR Pekan Sungai Besar Sabak Bernam Malaysia,3.6789,101.0956
JLN PPP 3 PUSAT PERNIAGAAN PERDANA Pekan Sungai Besar Sabak Bernam Malaysia,3.6825,100.9836
PUSAT PERNIAGAAN SG LIAS 3 PUSAT PERNIAGAAN SG. LIAS Pekan Sungai Besar Sabak Bernam Malaysia,3.6507,101.1065
JALAN SBBC 6 SUNGAI BESAR BUSINESS CENTRE (SBBC) Pekan Sungai Besar Sabak Bernam Malaysia,3.6773,101.1008
JALAN SBBC 7 SUNGAI BESAR BUSINESS CENTRE (SBBC) Pekan Sungai Besar Sabak Bernam Malaysia,3.6739,100.9863
JLN BELIDA 1 TMN BELIDA Pekan Sungai Besar Sabak Bernam Malaysia,3.6905,101.0932
JALAN PP 1/2 TMN PADU PERMAI Pekan Sungai Besar Sabak Bernam Malaysia,3.6716,101.0704
JLN BEDENA 1 TMN SRI BEDENA (P/L 9233 & 9234) Pekan Sungai Besar Sabak Bernam Malaysia,3.6785,101.1045
JALAN SYED HASHIM PEKAN SABAK Sabak Sabak Bernam Malaysia,3.7708,100.9862
JALAN MENTARI S.B. PEKAN SABAK BERNAM Sabak Sabak Bernam Malaysia,3.6768,100.9856
JALAN TEKNORAT 6 CYBERSQUARE SOHO @ CYBERJAYA Bandar Cyberjaya Sepang Malaysia,2.9215,101.6551
"JLN 19/1 MASRECA 19, CYBERJAYA Bandar Cyberjaya Sepang Malaysia",2.9272,101.6568
JLN MURNI 10 TMN MURNI (SEPANG) Bandar Sepang Sepang Malaysia,2.803,101.705
JLN ST 1C/7 BDR BARU SALAK (MEDAN 88) Baru Baru Salak Tinggi Sepang Malaysia,2.7926,101.6958
JLN ST 1C/6 BDR BARU SALAK (MEDAN 88) Baru Baru Salak Tinggi Sepang Malaysia,2.8362,101.7058
JLN DAHLIA 4/5 TMN DAHLIA Baru Baru Salak Tinggi Sepang Malaysia,2.8433,101.7006
JLN SEROJA 5 TMN SEROJA (KSB) Baru Baru Salak Tinggi Sepang Malaysia,2.8267,101.6894
JLN SEROJA 6 TMN SEROJA (KSB) Baru Baru Salak Tinggi Sepang Malaysia,2.8153,101.7078
JLN SEROJA 4 TMN SEROJA (KSB) Baru Baru Salak Tinggi Sepang Malaysia,2.8167,101.7
JLN SEROJA 7 TMN SEROJA (KSB) Baru Baru Salak Tinggi Sepang Malaysia,2.8127,101.7007
JALAN AP 8 BDR BUKIT PUCHONG(ANDIRA PLACE) Dengkil Sepang Malaysia,2.9727,101.6385
JALAN ANDIRA PARK 7 BDR BUKIT PUCHONG(ANDIRA PLACE) Dengkil Sepang Malaysia,2.9729,101.6258
JALAN AP 7 BDR BUKIT PUCHONG(ANDIRA PLACE) Dengkil Sepang Malaysia,2.977,101.634
JLN  AP 8 BDR BUKIT PUCHONG(ANDIRA PLACE) Dengkil Sepang Malaysia,2.977,101.615
OFFJALAN PUCHONG BDR BUKIT PUCHONG(ANDIRA PLACE) Dengkil Sepang Malaysia,2.9965,101.6427
SEPANG BDR BUKIT PUCHONG(ANDIRA PLACE) Dengkil Sepang Malaysia,2.9097,101.6375
JLN CYBER VALLEY 1A/3 CYBER VALLEY COMMERCIAL CENTRE Dengkil Sepang Malaysia,2.8556,101.7058
JLN CYBER VALLEY 1B/1 CYBER VALLEY COMMERCIAL CENTRE Dengkil Sepang Malaysia,2.8853,101.6905
COTTAGE WALK @CYBERJAYA FLAGSHIP ZONE CYBERJAYA Dengkil Sepang Malaysia,2.9241,101.6544
CYBERJAYA FLAGSHIP ZONE CYBERJAYA Dengkil Sepang Malaysia,2.9214,101.6555
OFF PERSIARAN APEC CYBERJAYA Dengkil Sepang Malaysia,2.9785,101.6886
PERSIARAN APEC CYBERJAYA Dengkil Sepang Malaysia,2.9262,101.6543
JLN 10 D'ALPINIA Dengkil Sepang Malaysia,2.8227,101.6458
JLN D'ALPINIA 10 D'ALPINIA Dengkil Sepang Malaysia,2.8899,101.6068
JLN PINGGIRAN PUTRA 4A DESA PINGGIRAN PUTRA Dengkil Sepang Malaysia,2.9119,101.6646
"JALAN BELIAN 1 GREENWOODS BELIAN, SALAK PERDANA Dengkil Sepang Malaysia",2.8708,101.6986
"JALAN BELIAN 3 GREENWOODS BELIAN, SALAK PERDANA Dengkil Sepang Malaysia",2.779,101.606
"JLN BELIAN 1 GREENWOODS BELIAN, SALAK PERDANA Dengkil Sepang Malaysia",2.738,101.64
"JLN BELIAN 3 GREENWOODS BELIAN, SALAK PERDANA Dengkil Sepang Malaysia",2.8267,101.6104
JLN WARISAN SENTRAL 2 KIP SENTRAL KOTA WARISAN Dengkil Sepang Malaysia,2.838,101.688
JLN WARISAN SENTRAL 4 KIP SENTRAL KOTA WARISAN Dengkil Sepang Malaysia,2.8319,101.6767
JALAN PERSIARAN CYBERSOUTH PARK PLACE 1 @ CYBERSOUTH Dengkil Sepang Malaysia,2.8177,101.6703
JLN PP 1 PARK PLACE 1 @ CYBERSOUTH Dengkil Sepang Malaysia,2.8783,101.6505
PERSIARAN CYBERSOUTH 1 PARK PLACE 1 @ CYBERSOUTH Dengkil Sepang Malaysia,2.9097,101.6639
JALAN PP16/2 PERDANA INDUSTRIAL PARK @ PUTRA PERDANA Dengkil Sepang Malaysia,2.9187,101.6778
JLN PP 16/2 PERDANA INDUSTRIAL PARK @ PUTRA PERDANA Dengkil Sepang Malaysia,2.9136,101.6993
JALAN VITA 1 PLAZA CRYSTALVILLE @VITA CYBERJAYA Dengkil Sepang Malaysia,2.9009,101.6596
JLN VITA 1 PLAZA CRYSTALVILLE @VITA CYBERJAYA Dengkil Sepang Malaysia,2.9228,101.643
PLAZA CRYSTALVILLE PLAZA CRYSTALVILLE @VITA CYBERJAYA Dengkil Sepang Malaysia,2.9226,101.6519
JLN GEMILANG 2 PUSAT PERNIAGAAN GEMILANG Dengkil Sepang Malaysia,2.8736,101.6388
JLN GEMILANG 1 PUSAT PERNIAGAAN GEMILANG Dengkil Sepang Malaysia,2.835,101.697
JALAN SAUJANA KLIA 1/A SAUJANA KLIA Dengkil Sepang Malaysia,2.8127,101.6972
JLN KLIA 1/A SAUJANA KLIA Dengkil Sepang Malaysia,2.7608,101.6936
JLN PHASE 5A (CLOVER) SAUJANA KLIA Dengkil Sepang Malaysia,2.8216,101.7239
JLN SAUJANA KLIA 1/A SAUJANA KLIA Dengkil Sepang Malaysia,2.7926,101.7016
JLN SAUJANA KLIA 1/B SAUJANA KLIA Dengkil Sepang Malaysia,2.8889,101.6816
JLN SAUJANA KLIA FASA 5B SAUJANA KLIA Dengkil Sepang Malaysia,2.8475,101.7075
JLN AMAN SERENIA 1/1 SERENIA AMALIA SQUARE Dengkil Sepang Malaysia,2.8306,101.6812
"JALAN CITRA 3/1 SERENIA LAKESIDE SQUARE, SERENIA CITY Dengkil Sepang Malaysia",2.8441,101.589
"JLN AMAN SERENIA 1/1 SERENIA LAKESIDE SQUARE, SERENIA CITY Dengkil Sepang Malaysia",2.8389,101.6586
"BANDAR SERENIA SERENIA LAKESIDE SQUARE, SERENIA CITY Dengkil Sepang Malaysia",2.8314,101.6638
"JALAN CITRA SERENIA 3/2 SERENIA LAKESIDE SQUARE, SERENIA CITY Dengkil Sepang Malaysia",2.8339,101.6619
"JALAN CITRA SERENIA 3/3 SERENIA LAKESIDE SQUARE, SERENIA CITY Dengkil Sepang Malaysia",2.8319,101.6024
"JALAN CITRA SERENIA 3/5 SERENIA LAKESIDE SQUARE, SERENIA CITY Dengkil Sepang Malaysia",2.875,101.654
"JLN AMAN SERENIA 6 SERENIA LAKESIDE SQUARE, SERENIA CITY Dengkil Sepang Malaysia",2.8596,101.6398
JALAN SUNSURIA 1B/2 SUNSURIA CITY Dengkil Sepang Malaysia,2.8654,101.6638
"R-G-22 & R-1-22, BELL AVENUE, JALAN SUNSURIA SUNSURIA CITY Dengkil Sepang Malaysia",2.8236,101.6368
JALAN AMBAR 1 TAMAN AMBAR Dengkil Sepang Malaysia,2.8276,101.674
JLN AMBAR 1 TAMAN AMBAR Dengkil Sepang Malaysia,2.8106,101.6469
JLN JD 1 TAMAN JENDERAM DAMAI (DENGKIL) Dengkil Sepang Malaysia,2.845,101.666
JALAN CITRA SERENIA 3/2 THE CORAK @ SERENIA CITY Dengkil Sepang Malaysia,2.8639,101.6579
JALAN CITRA SERENIA 3/3 THE CORAK @ SERENIA CITY Dengkil Sepang Malaysia,2.8777,101.6256
JALAN CITRA SERENIA 3/5 THE CORAK @ SERENIA CITY Dengkil Sepang Malaysia,2.837,101.695
JLN CITRA SERENIA 3/1 THE CORAK @ SERENIA CITY Dengkil Sepang Malaysia,2.8625,101.606
JLN CITRA SERENIA 3/5 THE CORAK @ SERENIA CITY Dengkil Sepang Malaysia,2.8675,101.673
JLN ORKID 4/1 TMN ORKID (JLN SALAK - NILAI)-SEPANG Dengkil Sepang Malaysia,2.8375,101.689
JALAN PP 2/2 TMN PUTRA PERDANA Dengkil Sepang Malaysia,2.9719,101.6947
JALAN PP 3/2 TMN PUTRA PERDANA Dengkil Sepang Malaysia,2.8997,101.6633
JALAN PUTRA PERDANA 2/1 TMN PUTRA PERDANA Dengkil Sepang Malaysia,2.9069,101.6766
JALAN PUTRA PERDANA 2/2 TMN PUTRA PERDANA Dengkil Sepang Malaysia,2.9687,101.6508
JLN PP 2/2 TMN PUTRA PERDANA Dengkil Sepang Malaysia,2.9047,101.6508
JLN PUTRA PERDANA 5C/1 TMN PUTRA PERDANA Dengkil Sepang Malaysia,2.8631,101.6527
JLN PUTRA PERDANA 5C/2 TMN PUTRA PERDANA Dengkil Sepang Malaysia,2.8687,101.6586
PUTRA PERDANA 2/1 TMN PUTRA PERDANA Dengkil Sepang Malaysia,2.8769,101.6624
PUTRA PERDANA 2/3 TMN PUTRA PERDANA Dengkil Sepang Malaysia,2.8449,101.6397
JLN PP 2/1 TMN PUTRA PRIMA Dengkil Sepang Malaysia,2.9036,101.6448
JALAN PRIMA 2/3 TMN PUTRA PRIMA Dengkil Sepang Malaysia,2.876,101.689
JLN PP 2/3 TMN PUTRA PRIMA Dengkil Sepang Malaysia,2.9068,101.6404
JLN PP 2/4 TMN PUTRA PRIMA Dengkil Sepang Malaysia,2.8526,101.6638
JLN PP 2/5 TMN PUTRA PRIMA Dengkil Sepang Malaysia,2.9818,101.6366
JLN  PUTRA PRIMA  2/2 TMN PUTRA PRIMA Dengkil Sepang Malaysia,2.8406,101.6556
TMN PUTRA PRIMA 9A TMN PUTRA PRIMA Dengkil Sepang Malaysia,2.8639,101.6469
JALAN WP 1 TMN WARISAN PUTRA Dengkil Sepang Malaysia,2.9275,101.6598
JLN WARISAN PUTRA 1 TMN WARISAN PUTRA Dengkil Sepang Malaysia,2.9275,101.7069
JLN SS 1 TAMAN SALAK SURIA Labu Sepang Malaysia,2.8312,101.8058
JLN BAIDURI 1 TMN SALAK BAIDURI (LABU) Labu Sepang Malaysia,2.8306,101.7368
JALAN AIRPORT CITY 1 KOTA  WARISAN Pekan Baru Salak Tinggi Sepang Malaysia,2.7376,101.7063
JLN AIRPORT CITY 2 KOTA  WARISAN Pekan Baru Salak Tinggi Sepang Malaysia,2.817,101.709
TIADA(BERHAMPIRAN JLN DELUXE 3) DELUXE BUSINESS PARK Pekan Dengkil Sepang Malaysia,2.9119,101.6856
JALAN DELUXE DELUXE BUSINESS PARK Pekan Dengkil Sepang Malaysia,2.8546,101.6459
JALAN DELUXE 3 DELUXE BUSINESS PARK Pekan Dengkil Sepang Malaysia,2.8699,101.6646
JALAN DENGKIL CENTRE POINT DENGKIL CENTRE POINT Pekan Dengkil Sepang Malaysia,2.865,101.679
JLN BESAR PEKAN DENGKIL Pekan Dengkil Sepang Malaysia,2.8189,101.6351
JLN 3 TMN DENGKIL Pekan Dengkil Sepang Malaysia,2.8333,101.65
JLN MERPATI 2 DESA MERPATI Pekan Salak Sepang Malaysia,2.662,101.682
JLN PPS 1 PEKAN SALAK Pekan Salak Sepang Malaysia,2.7729,101.6998
JALAN PPS 2/2 PUSAT PERNIAGAAN SALAK 2 Pekan Salak Sepang Malaysia,2.8035,101.6919
JALAN GEMBIRA 3 TMN DESA GEMBIRA Pekan Salak Sepang Malaysia,2.7407,101.7017
JLN GEMBIRA 3 TMN DESA GEMBIRA Pekan Salak Sepang Malaysia,2.748,101.706
JALAN BESARSG.PELEK PEKAN SG PELEK Pekan Sungai Pelik Sepang Malaysia,2.6506,101.6934
JALAN  1 TMN SRI SG PELEK Pekan Sungai Pelik Sepang Malaysia,2.6707,101.5008
JALAN 3 TMN SRI SG PELEK Pekan Sungai Pelik Sepang Malaysia,2.6438,101.6049
JLN  1 TMN SRI SG PELEK Pekan Sungai Pelik Sepang Malaysia,2.669,101.544
JLN 4 TMN SRI SG PELEK Pekan Sungai Pelik Sepang Malaysia,2.6569,101.6941
JLN TENTERAM 1 TMN TENTERAM (PEKAN SG PELIK) Pekan Sungai Pelik Sepang Malaysia,2.6186,101.6858
JALAN BESAR TAMAN  SEPANG PEKAN SG PELEK Sepang Sepang Malaysia,2.6926,101.7106
JLN PASAR PEKAN SG PELEK Sepang Sepang Malaysia,2.6847,101.7087
JALAN PPH 1/1 PUSAT PERDAGANGAN HARMONI Sepang Sepang Malaysia,2.8273,101.6886
JALAN PPH 1/2 PUSAT PERDAGANGAN HARMONI Sepang Sepang Malaysia,2.7325,101.7067
JLN HARMONI INDAH 1/1 TMN HARMONI INDAH (SG. PELEK) Sepang Sepang Malaysia,2.655,101.656
JLN MURNI 8 TMN MURNI (SEPANG) Sepang Sepang Malaysia,2.7543,101.6809
JLN MURNI 10 TMN MURNI (SEPANG) Sepang Sepang Malaysia,2.815,101.711
JLN PERLING 2 TMN PANTAI SEPANG PUTRA Sepang Sepang Malaysia,2.7,101.65
JLN PERLING 1 TMN PANTAI SEPANG PUTRA Sepang Sepang Malaysia,2.684,101.693
JALAN TC 2A/1 TAMAN CEMERLANG Bandar Gombak Setia Gombak Malaysia,3.2369,101.7348
JALAN CANGKAT PERMATA TAMAN PERMATA Bandar Hulu Kelang Gombak Malaysia,3.2242,101.7279
JALAN CHANGKAT PERMATA TAMAN PERMATA Bandar Hulu Kelang Gombak Malaysia,3.1939,101.7608
JALAN PERMATA 6 TAMAN PERMATA Bandar Hulu Kelang Gombak Malaysia,3.1975,101.7505
OFF PERSIARAN PERMATA TAMAN PERMATA Bandar Hulu Kelang Gombak Malaysia,3.183,101.753
PERSIARAN PERMATA TAMAN PERMATA Bandar Hulu Kelang Gombak Malaysia,3.2006,101.7458
JALAN E 3/7A ASC13 @EHSAN BUSINESS CENTRE Bandar Kepong Gombak Malaysia,3.2139,101.6647
JALAN DESA 2/3 DESA AMAN PURI Bandar Kepong Gombak Malaysia,3.2185,101.6468
JALAN BCH 1C BANDAR COUNTRY HOMES Bandar Kundang Gombak Malaysia,3.2799,101.5308
JALAN DESA 1/1 BANDAR COUNTRY HOMES Bandar Kundang Gombak Malaysia,3.217,101.575
JALAN PUSAT BCH 1/1 BANDAR COUNTRY HOMES Bandar Kundang Gombak Malaysia,3.2367,101.5767
JALAN PUSAT BCH 1/2 BANDAR COUNTRY HOMES Bandar Kundang Gombak Malaysia,3.2576,101.5713
JALAN PUSAT BCH 1/3 BANDAR COUNTRY HOMES Bandar Kundang Gombak Malaysia,3.2325,101.5775
JALAN PUSAT BCH 1C BANDAR COUNTRY HOMES Bandar Kundang Gombak Malaysia,3.2675,101.525
JALAN KEMARIS AVENUE KEMARIS AVENUE Bandar Kundang Gombak Malaysia,3.263,101.631
JALAN MR 1/4 M AVENUE Bandar Kundang Gombak Malaysia,3.249,101.622
JALAN ANGGUN CITY 1 PUSAT KOMERSIAL ANGGUN CITY Bandar Kundang Gombak Malaysia,3.267,101.579
JALAN RAWANG - KUALA SELANGOR PUSAT PERDAGANGAN MAISON Bandar Kundang Gombak Malaysia,3.2475,101.5217
JALAN MAISONS 2 PUSAT PERDAGANGAN MAISONS 2 Bandar Kundang Gombak Malaysia,3.2605,101.6402
JALAN BG 2 B & G KOMERSIAL SENTRAL Bandar Rawang Gombak Malaysia,3.3167,101.5775
JALAN BANDAR RAWANG 1 BANDAR BARU RAWANG Bandar Rawang Gombak Malaysia,3.3218,101.5706
JALAN BANDAR RAWANG 4 BANDAR BARU RAWANG Bandar Rawang Gombak Malaysia,3.321,101.575
JALAN BANDAR RAWANG 8 BANDAR BARU RAWANG Bandar Rawang Gombak Malaysia,3.3219,101.5739
JALAN BANDAR RAWANG 10 BANDAR BARU RAWANG Bandar Rawang Gombak Malaysia,3.3212,101.5779
JALAN BANDAR RAWANG 11 BANDAR BARU RAWANG Bandar Rawang Gombak Malaysia,3.321,101.576
JALAN BANDAR RAWANG 12 BANDAR BARU RAWANG Bandar Rawang Gombak Malaysia,3.3205,101.5746
JALAN BANDAR RAWANG 9 PEKAN RAWANG Bandar Rawang Gombak Malaysia,3.3216,101.5765
JALAN SILANG PEKAN RAWANG Bandar Rawang Gombak Malaysia,3.3226,101.5772
JALAN RAWANG MILLENIUM PUSAT PERNIAGAAN RAWANG MILLENIUM Bandar Rawang Gombak Malaysia,3.3219,101.5777
JALAN RAWANG RAWANG COMMERCIAL CENTRE (THE REEF 2) Bandar Rawang Gombak Malaysia,3.3189,101.5736
JALAN REEF 1/1 RAWANG COMMERCIAL CENTRE(THE REEF) Bandar Rawang Gombak Malaysia,3.3214,101.5766
JALAN REEF 1/2 RAWANG COMMERCIAL CENTRE(THE REEF) Bandar Rawang Gombak Malaysia,3.321,101.576
THE REEF RAWANG COMMERCIAL CENTRE(THE REEF) Bandar Rawang Gombak Malaysia,3.3214,101.5768
JALAN 1/3 RAWANG INTERGRATED INDUSTRIAL PARK Bandar Rawang Gombak Malaysia,3.3216,101.5744
JALAN R 1/2 RAWANG INTERGRATED INDUSTRIAL PARK Bandar Rawang Gombak Malaysia,3.3214,101.5766
JALAN R 1/3 RAWANG INTERGRATED INDUSTRIAL PARK Bandar Rawang Gombak Malaysia,3.3218,101.5726
JALAN R 1/4 RAWANG INTERGRATED INDUSTRIAL PARK Bandar Rawang Gombak Malaysia,3.3225,101.575
JALAN SERI HIJAU 5/8 TAMAN PERINDUSTRIAN HIJAU RAWANG Bandar Rawang Gombak Malaysia,3.321,101.572
JALAN RP 4/3 TAMAN RAWANG PERDANA Bandar Rawang Gombak Malaysia,3.3204,101.5766
JALAN RP 4/4 TAMAN RAWANG PERDANA Bandar Rawang Gombak Malaysia,3.3239,101.5833
JALAN SJ 1 TAMAN SETIA JAYA Bandar Rawang Gombak Malaysia,3.3216,101.5796
JALAN SETIA RAWANG 1 TAMAN SETIA RAWANG Bandar Rawang Gombak Malaysia,3.3167,101.6
JALAN DATARAN SELAYANG 1 DATARAN SELAYANG Bandar Selayang Gombak Malaysia,3.2406,101.6548
JALAN DATARAN SELAYANG 2 DATARAN SELAYANG Bandar Selayang Gombak Malaysia,3.2508,101.6539
JALAN BATU CAVES DOLOMITE PARK AVENUE Bandar Selayang Gombak Malaysia,3.2439,101.7046
JALAN PPS 1 PUSAT PERDAGANGAN SELASEH Bandar Selayang Gombak Malaysia,3.2503,101.6538
JLN PGN 1A/1 SAUJANA GOMBAK Bandar Selayang Gombak Malaysia,3.2211,101.6469
JLN PINGGIRAN 1A/1 SAUJANA GOMBAK Bandar Selayang Gombak Malaysia,3.2519,101.6766
JALAN JASA 3 TAMAN JASA Bandar Selayang Gombak Malaysia,3.272,101.649
JALAN SAMUDRA UTARA 2 TAMAN SAMUDRA Bandar Selayang Gombak Malaysia,3.2406,101.6868
JALAN SELAYANG SEGAR 1 TAMAN SELAYANG SEGAR Bandar Selayang Gombak Malaysia,3.2449,101.6508
PINGGIRAN MUTIARA UTAMA TAMAN MUTIARA GOMBAK Bandar Sungai Pusu Gombak Malaysia,3.2229,101.7058
JALAN 2/6 BANDAR BARU SELAYANG Batu Gombak Malaysia,3.228,101.655
JALAN 2/8 BANDAR BARU SELAYANG Batu Gombak Malaysia,3.239,101.661
JALAN 2/14 BANDAR BARU SELAYANG Batu Gombak Malaysia,3.2406,101.6501
JLN  2/6 BANDAR BARU SELAYANG Batu Gombak Malaysia,3.2435,101.6578
JLN 2/8 BANDAR BARU SELAYANG Batu Gombak Malaysia,3.2546,101.6519
JLN 2/14 BANDAR BARU SELAYANG Batu Gombak Malaysia,3.236,101.653
JLN 2/16 BANDAR BARU SELAYANG Batu Gombak Malaysia,3.2531,101.6567
JALAN 11A KAMPONG SELAYANG BARU Batu Gombak Malaysia,3.2379,101.6827
JLN 11A KAMPONG SELAYANG BARU Batu Gombak Malaysia,3.2308,101.6537
JALAN PRIMA SG 1 PRIMA SRI GOMBAK Batu Gombak Malaysia,3.2549,101.7068
JALAN PRIMA SG 3 PRIMA SRI GOMBAK Batu Gombak Malaysia,3.2521,101.7092
JALAN PRIMA SG 3/1 PRIMA SRI GOMBAK Batu Gombak Malaysia,3.2514,101.7078
JALAN PRIMA SG 3/2 PRIMA SRI GOMBAK Batu Gombak Malaysia,3.2439,101.7094
JALAN PRIMA SG1 PRIMA SRI GOMBAK Batu Gombak Malaysia,3.249,101.7
JALAN SH 1/1A SELAYANG HEIGHTS Batu Gombak Malaysia,3.2402,101.6547
JALAN 1O TAMAN BATU Batu Gombak Malaysia,3.2288,101.7157
JALAN 10 TAMAN BATU Batu Gombak Malaysia,3.2148,101.7267
JLN 10 TAMAN BATU Batu Gombak Malaysia,3.2633,101.7206
JALAN SJ 3 TAMAN SELAYANG JAYA Batu Gombak Malaysia,3.2465,101.6536
JALAN SJ 17 TAMAN SELAYANG JAYA Batu Gombak Malaysia,3.2526,101.6459
JALAN SBC 3 TAMAN SRI BATU CAVES Batu Gombak Malaysia,3.245,101.707
JALAN SG 1/2 TAMAN SRI GOMBAK Batu Gombak Malaysia,3.2306,101.6878
JALAN SG 1/3 TAMAN SRI GOMBAK Batu Gombak Malaysia,3.2445,101.7078
JALAN SG 1/6 TAMAN SRI GOMBAK Batu Gombak Malaysia,3.2379,101.7094
JALAN SG 1/8 TAMAN SRI GOMBAK Batu Gombak Malaysia,3.2399,101.6957
JALAN SG 1/9 TAMAN SRI GOMBAK Batu Gombak Malaysia,3.2667,101.7222
JALAN SG 3/4 TAMAN SRI GOMBAK Batu Gombak Malaysia,3.2433,101.7056
JALAN WANGSA 5A ATHENAEUM (BUKIT ANTARABANGSA) Hulu Klang Gombak Malaysia,3.1746,101.7579
JALAN PINGGIRAN UKAY 1 PINGGIRAN UKAY Hulu Klang Gombak Malaysia,3.2507,101.7758
JLN PINGGIRAN UKAY 2 PINGGIRAN UKAY Hulu Klang Gombak Malaysia,3.2089,101.7666
JALAN MEDAN BUKIT INDAH 2 TAMAN BUKIT INDAH Hulu Klang Gombak Malaysia,3.185,101.755
MEDAN BUKIT INDAH 4 TAMAN BUKIT INDAH Hulu Klang Gombak Malaysia,3.218,101.754
JALAN RASMI 7 TAMAN RASMI JAYA Hulu Klang Gombak Malaysia,3.1416,101.7619
JLN RASMI 7 TAMAN RASMI JAYA Hulu Klang Gombak Malaysia,3.1367,101.7615
JLN 1 TAMAN SRI UKAY Hulu Klang Gombak Malaysia,3.1759,101.7675
JALAN SET 3/1 SETIA ECO TEMPLER Pekan Templer Gombak Malaysia,3.2785,101.6378
JALAN 7A/2 BANDAR TASIK PUTERI Rawang Gombak Malaysia,3.335,101.532
JALAN 7A/3 BANDAR TASIK PUTERI Rawang Gombak Malaysia,3.325,101.548
JALAN SJ 6 SUNGAI BAKAU Rawang Gombak Malaysia,3.3167,101.5597
JALAN INDAH 1 TAMAN INDUSTRI RAWANG INDAH BT 17 Rawang Gombak Malaysia,3.3137,101.5758
JALAN SR 4 TAMAN SAUJANA RAWANG Rawang Gombak Malaysia,3.301,101.566
JALAN SJ 1 TAMAN SETIA JAYA Rawang Gombak Malaysia,3.3225,101.5778
LORONG SARAWAK TAMAN MELAWATI Setapak Gombak Malaysia,3.2378,101.7463
JALAN BANDAR 4 TAMAN MELAWATI Setapak Gombak Malaysia,3.2346,101.7632
JALAN SELANGOR TAMAN MELAWATI Setapak Gombak Malaysia,3.2406,101.7342
JLN BANDAR 4 TAMAN MELAWATI Setapak Gombak Malaysia,3.242,101.755
LORONG KEDAH TAMAN MELAWATI Setapak Gombak Malaysia,3.242,101.754
LORONG KEDAH MELAWATI URBAN 1/BK TM12 TAMAN MELAWATI Setapak Gombak Malaysia,3.2415,101.7448
JALAN CANGKAT PERMATA TAMAN PERMATA Setapak Gombak Malaysia,3.1937,101.7238
JALAN PERMATA 4 TAMAN PERMATA Setapak Gombak Malaysia,3.2266,101.7359
CEMPAKA  16 TMN CEMPAKA Ampang Hulu Langat Malaysia,3.1596,101.7581
JLN  DAGANG 1/1A TMN DAGANG Ampang Hulu Langat Malaysia,3.1229,101.7576
JLN DAGANG 1/1A TMN DAGANG Ampang Hulu Langat Malaysia,3.1439,101.7608
JALAN HALAMAN 5A TMN HALAMAN Ampang Hulu Langat Malaysia,3.117,101.7605
JLN KENCANA 15 TMN KENCANA Ampang Hulu Langat Malaysia,3.1417,101.7881
JLN MEGA 7 TMN MEGA JAYA Ampang Hulu Langat Malaysia,3.1598,101.7678
JLN MEGA 9 TMN MEGA JAYA Ampang Hulu Langat Malaysia,3.112,101.763
BUNGA TANJUNG 8A TMN MUDA Ampang Hulu Langat Malaysia,3.145,101.762
JLN BUNGA TANJUNG 7 TMN MUDA Ampang Hulu Langat Malaysia,3.1347,101.7563
JLN BUNGA TANJUNG 8 TMN MUDA Ampang Hulu Langat Malaysia,3.1383,101.7608
JLN BUNGA TANJUNG 9 TMN MUDA Ampang Hulu Langat Malaysia,3.1319,101.7603
JALAN NIRWANA 35 TMN NIRWANA Ampang Hulu Langat Malaysia,3.133,101.756
JLN NIRWANA 1 TMN NIRWANA Ampang Hulu Langat Malaysia,3.1628,101.7572
BUNGA TANJUNG 9B TMN PUTRA Ampang Hulu Langat Malaysia,3.1425,101.7605
BUNGA TANJUNG 6A TMN PUTRA Ampang Hulu Langat Malaysia,3.1345,101.7563
BUNGA TANJUNG 9C TMN PUTRA Ampang Hulu Langat Malaysia,3.1403,101.7621
JLN B.TANJUNG 8B TMN PUTRA Ampang Hulu Langat Malaysia,3.124,101.76
JLN BUNGA TANJUNG 8 TMN PUTRA Ampang Hulu Langat Malaysia,3.123,101.773
JLN BUNGA TANJUNG 9B TMN PUTRA Ampang Hulu Langat Malaysia,3.121,101.766
JLN BUNGA TANJUNG 9C TMN PUTRA Ampang Hulu Langat Malaysia,3.1347,101.7614
TANJUNG 9C TMN PUTRA Ampang Hulu Langat Malaysia,3.1328,101.7656
JALAN BUNGA TANJUNG 8B TMN SARAYA Ampang Hulu Langat Malaysia,3.1426,101.7605
JALAN BUNGA TANJUNG 10 TMN SARAYA Ampang Hulu Langat Malaysia,3.1565,101.7702
JALAN BUNGA TANJUNG 18 TMN SARAYA Ampang Hulu Langat Malaysia,3.1366,101.7578
JLN PANDAN INDAH 1/23 TMN SRI JELOK Ampang Hulu Langat Malaysia,3.1449,101.7658
JLN DRAVIDAN BDR BARU AMPANG Bandar Ampang Hulu Langat Malaysia,3.1275,101.7574
JLN WAWASAN 4/6 BDR BARU AMPANG Bandar Ampang Hulu Langat Malaysia,3.139,101.766
JALAN PANDAN PRIMA 2 DATARAN PANDAN PRIMA Bandar Ampang Hulu Langat Malaysia,3.1295,101.7517
JLN AMPANG PEKAN AMPANG Bandar Ampang Hulu Langat Malaysia,3.1588,101.7623
JLN MAWAR 3 TMN MAWAR (AMPANG) Bandar Ampang Hulu Langat Malaysia,3.139,101.768
JLN MAWAR 15 TMN MAWAR (AMPANG) Bandar Ampang Hulu Langat Malaysia,3.1215,101.766
JALAN PANDAH INDAH 4/6A TMN PANDAN INDAH Bandar Ampang Hulu Langat Malaysia,3.1336,101.7506
JALAN PANDAN INDAH 1/23/A TMN PANDAN INDAH Bandar Ampang Hulu Langat Malaysia,3.121,101.744
JALAN PANDAN INDAH 4/6 TMN PANDAN INDAH Bandar Ampang Hulu Langat Malaysia,3.1139,101.7442
JALAN PANDAN INDAH 4/6A TMN PANDAN INDAH Bandar Ampang Hulu Langat Malaysia,3.1239,101.7432
JLN PANDAN INDAH 4/6A TMN PANDAN INDAH Bandar Ampang Hulu Langat Malaysia,3.1112,101.7509
JLN PANDAN INDAH 4/33 TMN PANDAN INDAH Bandar Ampang Hulu Langat Malaysia,3.1205,101.7496
JALAN SULAIMAN 1 TMN PUTRA SULAIMAN Bandar Ampang Hulu Langat Malaysia,3.139,101.753
JLN PERSIARAN DESA AMPANG 1 TMN SRI AMPANG Bandar Ampang Hulu Langat Malaysia,3.1299,101.7636
BANGI GATEWAY BANGI GATEWAY Bandar Baru Bangi Hulu Langat Malaysia,2.9591,101.7591
JALAN BG 3B/1 BANGI GATEWAY Bandar Baru Bangi Hulu Langat Malaysia,3.0179,101.7542
JLN GERBANG WAWASAN 1 BANGI GATEWAY Bandar Baru Bangi Hulu Langat Malaysia,2.9207,101.7897
PERSIARAN PERKELILING BANGI GATEWAY Bandar Baru Bangi Hulu Langat Malaysia,2.9436,101.7808
JALAN MEDAN PUSAT BDR 3 PUSAT BDR BARU BANGI Bandar Baru Bangi Hulu Langat Malaysia,3.0723,101.7352
JLN MEDAN PUSAT 2 D PUSAT BDR BARU BANGI Bandar Baru Bangi Hulu Langat Malaysia,2.9253,101.7578
JLN  MEDAN PUSAT 2D PUSAT BDR BARU BANGI Bandar Baru Bangi Hulu Langat Malaysia,2.9433,101.7506
JLN MEDAN PUSAT 2D PUSAT BDR BARU BANGI Bandar Baru Bangi Hulu Langat Malaysia,3.0738,101.5183
JLN MEDAN PUSAT BANDAR 4 PUSAT BDR BARU BANGI Bandar Baru Bangi Hulu Langat Malaysia,3.0476,101.7072
JLN MEDAN PUSAT BDR 3 PUSAT BDR BARU BANGI Bandar Baru Bangi Hulu Langat Malaysia,3.0566,101.7327
SEK 9 PUSAT BDR BARU BANGI Bandar Baru Bangi Hulu Langat Malaysia,3.139,101.743
JALAN 6/7B SEK 6 BDR BARU BANGI Bandar Baru Bangi Hulu Langat Malaysia,3.1039,101.7363
JLN 6/7B SEK 6 BDR BARU BANGI Bandar Baru Bangi Hulu Langat Malaysia,2.9583,101.7608
JALAN 9/9C SEK  9 BDR BARU BANGI Bandar Baru Bangi Hulu Langat Malaysia,2.9366,101.7472
JALAN MEDAN PB4A SEK  9 BDR BARU BANGI Bandar Baru Bangi Hulu Langat Malaysia,3.0185,101.7608
JLN 9/9C SEK  9 BDR BARU BANGI Bandar Baru Bangi Hulu Langat Malaysia,2.9189,101.7804
JLN MEDAN PUSAT BANDAR 4 SEK  9 BDR BARU BANGI Bandar Baru Bangi Hulu Langat Malaysia,2.9439,101.7622
JLN BERJAYA 11 TMN BERJAYA Bandar Baru Bangi Hulu Langat Malaysia,3.0733,101.7836
JALAN BERJAYA BARU 1 TMN BERJAYA BARU Bandar Baru Bangi Hulu Langat Malaysia,3.0019,101.7605
JALAN KAJANG INDAH 1 TMN KAJANG INDAH Bandar Baru Bangi Hulu Langat Malaysia,3.0079,101.7827
JLN KAJANG INDAH TMN KAJANG INDAH Bandar Baru Bangi Hulu Langat Malaysia,3.0536,101.7894
JALAN 1/3 BDR TEKNOLOGI Bandar Batu 18 Semenyih Hulu Langat Malaysia,2.9709,101.8652
JALAN HILLPARK HILL PARK HOME Bandar Batu 18 Semenyih Hulu Langat Malaysia,2.981,101.836
EMERALD EVENUE BDR SG LONG Bandar Cheras Hulu Langat Malaysia,3.089,101.748
JLN SL 1/10 BDR SG LONG Bandar Cheras Hulu Langat Malaysia,3.0814,101.7601
JLN SL 1/11 BDR SG LONG Bandar Cheras Hulu Langat Malaysia,3.0583,101.7361
JLN SL 1/12 BDR SG LONG Bandar Cheras Hulu Langat Malaysia,3.0479,101.7487
JALAN SUARARASA 8/7 BDR TUN HUSSEIN ONN Bandar Cheras Hulu Langat Malaysia,3.107,101.778
JLN SUARAS 8/4 TOWN PARK 3 BDR TUN HUSSEIN ONN Bandar Cheras Hulu Langat Malaysia,3.1025,101.7604
JLN SUARAS 8/5 BDR TUN HUSSEIN ONN Bandar Cheras Hulu Langat Malaysia,3.1,101.8
JLN SUARASA 8/3 BDR TUN HUSSEIN ONN Bandar Cheras Hulu Langat Malaysia,3.086,101.754
JLN SUARASA 8/4 BDR TUN HUSSEIN ONN Bandar Cheras Hulu Langat Malaysia,3.083,101.762
JLN CHERAS MAJU PEKAN BT 11 Bandar Cheras Hulu Langat Malaysia,3.0265,101.7625
JLN 2/6 TMN INDAH 2 (CHERAS) Bandar Cheras Hulu Langat Malaysia,3.077,101.754
JLN METRO AVENUE 2 BDR KAJANG Bandar Kajang Hulu Langat Malaysia,3.014,101.787
JALAN RAJA HAROUN BDR KAJANG Bandar Kajang Hulu Langat Malaysia,3.0363,101.7878
JALAN SEMENYIH BDR KAJANG Bandar Kajang Hulu Langat Malaysia,3.0367,101.7859
JALAN TUN ABDUL AZIZ BDR KAJANG Bandar Kajang Hulu Langat Malaysia,3.0027,101.7878
JLN DATO' SERI P.ALAGENDRA  1 BDR KAJANG Bandar Kajang Hulu Langat Malaysia,2.9931,101.7897
JLN RAJA HAROUN BDR KAJANG Bandar Kajang Hulu Langat Malaysia,3.0379,101.7868
JLN RAJA HARUN BDR KAJANG Bandar Kajang Hulu Langat Malaysia,3.0019,101.7937
JLN S 10/2 BDR KAJANG Bandar Kajang Hulu Langat Malaysia,2.9937,101.787
JLN S10/3 BDR KAJANG Bandar Kajang Hulu Langat Malaysia,3.0177,101.7907
JLN TUN ABD AZIZ BDR KAJANG Bandar Kajang Hulu Langat Malaysia,3.0223,101.7903
JLN TUN ABDUL AZIZ BDR KAJANG Bandar Kajang Hulu Langat Malaysia,2.9933,101.7896
JLN NILAM 1 KAWASAN PERNIAGAAN NILAM Bandar Kajang Hulu Langat Malaysia,3.0033,101.7949
JLN REKO SENTRAL 4 REKO SENTRAL Bandar Kajang Hulu Langat Malaysia,3.0058,101.7925
JLN REKO SENTRAL 8 REKO SENTRAL Bandar Kajang Hulu Langat Malaysia,2.9889,101.7907
JLN DAMAI MEWAH TAMAN DAMAI MEWAH Bandar Kajang Hulu Langat Malaysia,2.9949,101.789
JLN DAMAI MEWAH 1 TMN DAMAI MEWAH Bandar Kajang Hulu Langat Malaysia,3.0039,101.7886
JLN DAMAI MEWAH 2 TMN DAMAI MEWAH Bandar Kajang Hulu Langat Malaysia,3.0167,101.785
JLN SG CHUA TMN HIJAU FASA 2 Bandar Kajang Hulu Langat Malaysia,3.0133,101.7833
JLN IMPIAN MAHKOTA 1 TMN SAUJANA IMPIAN Bandar Kajang Hulu Langat Malaysia,3.0029,101.7845
JLN LANGAT 1 TMN SRI LANGAT 2 Bandar Kajang Hulu Langat Malaysia,2.9945,101.795
JLN LANGAT 3 TMN SRI LANGAT 2 Bandar Kajang Hulu Langat Malaysia,3.0266,101.7878
JLN REKO TMN SRI REKO Bandar Kajang Hulu Langat Malaysia,2.9865,101.7718
JALAN TTDI GROVE 1/1 TMN TTDI GROVE KAJANG Bandar Kajang Hulu Langat Malaysia,3.0225,101.7915
JLN TTDI GROVE 1/1 TMN TTDI GROVE KAJANG Bandar Kajang Hulu Langat Malaysia,3.0217,101.7936
JLN PASAR BARU PEKAN SEMENYIH Bandar Semenyih Hulu Langat Malaysia,2.955,101.847
JLN SEMENYIH SENTRAL 1 TMN SEMENYIH SENTRAL Bandar Semenyih Hulu Langat Malaysia,2.9445,101.8405
JLN SEMENYIH SENTRAL 3 TMN SEMENYIH SENTRAL Bandar Semenyih Hulu Langat Malaysia,3.0326,101.8421
JLN SEMENYIH SENTRAL 6 TMN SEMENYIH SENTRAL Bandar Semenyih Hulu Langat Malaysia,3.0027,101.8419
JLN SEMENYIH SENTRAL 8 TMN SEMENYIH SENTRAL Bandar Semenyih Hulu Langat Malaysia,2.9839,101.8468
JLN KESUMA 3/3 BANDAR TASIK KESUMA Beranang Hulu Langat Malaysia,2.8899,101.8842
JALAN PUTERI 2A/1 BDR PUTERI BANGI Beranang Hulu Langat Malaysia,2.9029,101.8766
JALAN PUTERI 2A/3 BDR PUTERI BANGI Beranang Hulu Langat Malaysia,2.8972,101.7628
JALAN PUTERI 2A/6 BDR PUTERI BANGI Beranang Hulu Langat Malaysia,2.9067,101.7764
JALAN PUTERI 2A/8 BDR PUTERI BANGI Beranang Hulu Langat Malaysia,2.9506,101.8702
JLN PUTERI 2A/1 BDR PUTERI BANGI Beranang Hulu Langat Malaysia,2.9199,101.8453
JLN PUTERI 2A/6 BDR PUTERI BANGI Beranang Hulu Langat Malaysia,2.9445,101.7668
JLN PUTERI 2A/7 BDR PUTERI BANGI Beranang Hulu Langat Malaysia,2.9196,101.7828
JLN PUTERI 2A/8 BDR PUTERI BANGI Beranang Hulu Langat Malaysia,2.9235,101.8926
PHASE CP 7A1 BDR PUTERI BANGI Beranang Hulu Langat Malaysia,2.9393,101.8844
JALAN KESUMA 3/3 BDR TASIK KESUMA Beranang Hulu Langat Malaysia,2.939,101.875
JALAN KESUMA 3/4 BDR TASIK KESUMA Beranang Hulu Langat Malaysia,2.9027,101.8993
JALAN KESUMA 3/5 BDR TASIK KESUMA Beranang Hulu Langat Malaysia,2.8695,101.8745
JALAN  KESUMA 3/7 BDR TASIK KESUMA Beranang Hulu Langat Malaysia,3.0833,101.8833
JALAN KESUMA 3/11 BDR TASIK KESUMA Beranang Hulu Langat Malaysia,2.917,101.869
JLN 3/3 BDR TASIK KESUMA Beranang Hulu Langat Malaysia,2.9656,101.9208
JLN 3/13 BDR TASIK KESUMA Beranang Hulu Langat Malaysia,2.9606,101.8378
JLN KESUMA 3/2 BDR TASIK KESUMA Beranang Hulu Langat Malaysia,2.8967,101.9033
JLN KESUMA 3/3 BDR TASIK KESUMA Beranang Hulu Langat Malaysia,2.8947,101.9289
JLN KESUMA 3/4 BDR TASIK KESUMA Beranang Hulu Langat Malaysia,2.9085,101.8972
JLN KESUMA 3/5 BDR TASIK KESUMA Beranang Hulu Langat Malaysia,2.9507,101.8784
JLN KESUMA 3/7 BDR TASIK KESUMA Beranang Hulu Langat Malaysia,2.9115,101.8625
JLN KESUMA 3/13 BDR TASIK KESUMA Beranang Hulu Langat Malaysia,2.9437,101.8458
JLN KESUMAM3/3 BDR TASIK KESUMA Beranang Hulu Langat Malaysia,2.9094,101.9402
"6-1, 6-2, JLN DAMAI PERDANA 1/8B BDR DAMAI PERDANA Cheras Hulu Langat Malaysia",3.0636,101.7632
JLN DAMAI PERDANA 1/8C BDR DAMAI PERDANA Cheras Hulu Langat Malaysia,3.0897,101.7824
JLN DAMAI PERDANA 1/88 BDR DAMAI PERDANA Cheras Hulu Langat Malaysia,3.0465,101.7678
JLN MAHKOTA RESIDENCE 2 BDR MAHKOTA CHERAS Cheras Hulu Langat Malaysia,3.0822,101.7466
JALAN PANGLIMA BDR MAHKOTA CHERAS Cheras Hulu Langat Malaysia,3.0955,101.7748
JALAN TEMENGGUNG 21/9 BDR MAHKOTA CHERAS Cheras Hulu Langat Malaysia,3.054,101.756
JLN MAHKOTA RESIDENCE 1 BDR MAHKOTA CHERAS Cheras Hulu Langat Malaysia,3.0636,101.7605
JLN PANGLIMA BDR MAHKOTA CHERAS Cheras Hulu Langat Malaysia,3.0576,101.7641
JLN TEMENGGONG 13/9 BDR MAHKOTA CHERAS Cheras Hulu Langat Malaysia,3.0835,101.7615
JLN TEMENGGONG 19/9 BDR MAHKOTA CHERAS Cheras Hulu Langat Malaysia,3.0487,101.7591
JLN TEMENGGUNG 3/9 BDR MAHKOTA CHERAS Cheras Hulu Langat Malaysia,3.071,101.773
JLN TEMENGGUNG 9/9 BDR MAHKOTA CHERAS Cheras Hulu Langat Malaysia,3.087,101.757
JLN TEMENGGUNG 15/9 BDR MAHKOTA CHERAS Cheras Hulu Langat Malaysia,3.047,101.794
JLN TEMENGGUNG 17/9 BDR MAHKOTA CHERAS Cheras Hulu Langat Malaysia,3.0697,101.7603
JLN TEMENGGUNG 21/9 BDR MAHKOTA CHERAS Cheras Hulu Langat Malaysia,3.0506,101.7711
JLN TEMENGGUNG 25/9 BDR MAHKOTA CHERAS Cheras Hulu Langat Malaysia,3.073,101.798
JLN TEMENGUNG 19/9 BDR MAHKOTA CHERAS Cheras Hulu Langat Malaysia,3.042,101.789
JLN SL 1/2 BDR SG LONG Cheras Hulu Langat Malaysia,3.0819,101.7878
JLN SL 1/3 BDR SG LONG Cheras Hulu Langat Malaysia,3.063,101.782
JLN SL 1/4 BDR SG LONG Cheras Hulu Langat Malaysia,3.0886,101.7675
JLN SL 11/7 BDR SG LONG Cheras Hulu Langat Malaysia,3.0667,101.7667
JLN SUTERA 4 BDR TUN HUSSEIN ONN Cheras Hulu Langat Malaysia,3.072,101.781
JLN TENGAH CHERAS SELATAN 118 Cheras Hulu Langat Malaysia,3.0765,101.7558
JLN C 180/2 DATARAN C Cheras Hulu Langat Malaysia,3.1007,101.7183
JLN C 180/2 DATARAN C180 Cheras Hulu Langat Malaysia,3.0556,101.7558
JLN TAMING PERMAI 1 KAW PERNIAGAAN TAMING PERMAI Cheras Hulu Langat Malaysia,3.0783,101.7668
JLN TEMENGGUNG 25/9 MAHKOTA SQUARE Cheras Hulu Langat Malaysia,3.0645,101.7549
JLN TEMENGGUNG 27/9 MAHKOTA SQUARE Cheras Hulu Langat Malaysia,3.085,101.747
JLN TEMENGGUNG 29/9 MAHKOTA SQUARE Cheras Hulu Langat Malaysia,3.0516,101.7625
JLN SERI SG LONG 17 SERI SG LONG Cheras Hulu Langat Malaysia,3.0465,101.7538
JLN ANGSANA 1 TMN BKT ANGSANA Cheras Hulu Langat Malaysia,3.0619,101.7616
JLN CJ4/15-2F TMN CHERAS JAYA Cheras Hulu Langat Malaysia,3.0717,101.7728
JLN EMAS 3 TMN EMAS Cheras Hulu Langat Malaysia,3.0897,101.7426
JLN 12 TMN MURNI (CHERAS) Cheras Hulu Langat Malaysia,3.0927,101.7444
JLN SP 2 TMN SEGAR PERDANA Cheras Hulu Langat Malaysia,3.049,101.797
JALAN SERI PUTRA BDR SRI PUTRA Kajang Hulu Langat Malaysia,2.9389,101.6986
JALAN SERI PUTRA 1/2 BDR SRI PUTRA Kajang Hulu Langat Malaysia,2.9869,101.7106
JALAN SERI PUTRA 1/4 BDR SRI PUTRA Kajang Hulu Langat Malaysia,3.0412,101.6879
JALAN SERI PUTRA 1/5 BDR SRI PUTRA Kajang Hulu Langat Malaysia,2.9983,101.6338
JALAN SERI PUTRA 1/10 BDR SRI PUTRA Kajang Hulu Langat Malaysia,2.9876,101.7407
JALAN SERI PUTRA 1/11 BDR SRI PUTRA Kajang Hulu Langat Malaysia,2.9985,101.707
JALAN SERI PUTRA 1/12 BDR SRI PUTRA Kajang Hulu Langat Malaysia,3.0109,101.6964
JALAN SERI PUTRA 1/13 BDR SRI PUTRA Kajang Hulu Langat Malaysia,3.0005,101.7227
JALAN SRI PUTRA 1/4 BDR SRI PUTRA Kajang Hulu Langat Malaysia,2.965,101.766
JLN 1/5 BDR SRI PUTRA Kajang Hulu Langat Malaysia,3.039,101.789
JLN BANGI LAMA BDR SRI PUTRA Kajang Hulu Langat Malaysia,3.0409,101.7476
JLN PUTRA 1/2 BDR SRI PUTRA Kajang Hulu Langat Malaysia,3.0186,101.7826
JLN SERI PUTRA BDR SRI PUTRA Kajang Hulu Langat Malaysia,3.0088,101.6256
JLN SERI PUTRA 1/1 BDR SRI PUTRA Kajang Hulu Langat Malaysia,2.9705,101.7102
JLN SERI PUTRA 1/2 BDR SRI PUTRA Kajang Hulu Langat Malaysia,2.9457,101.7025
JLN SERI PUTRA 1/4 BDR SRI PUTRA Kajang Hulu Langat Malaysia,2.9476,101.7078
JLN SERI PUTRA 1/5A BDR SRI PUTRA Kajang Hulu Langat Malaysia,3.0131,101.6526
JLN SERI PUTRA 1/8 BDR SRI PUTRA Kajang Hulu Langat Malaysia,3.0135,101.6927
JLN SERI PUTRA 1/10 BDR SRI PUTRA Kajang Hulu Langat Malaysia,3.0106,101.6411
JLN SRI PUTRA 1/4 BDR SRI PUTRA Kajang Hulu Langat Malaysia,3.0109,101.7837
JLN SG JELOK PUSAT PERNIAGAAN SG JELOK Kajang Hulu Langat Malaysia,3.0095,101.7889
JALAN CENDANA 1 TMN CENDANA(KAJANG) Kajang Hulu Langat Malaysia,3.0333,101.7906
JLN DAMAI MEWAH 1 TMN DAMAI MEWAH Kajang Hulu Langat Malaysia,3.0439,101.7893
JLN DAMAI MEWAH 1A TMN DAMAI MEWAH Kajang Hulu Langat Malaysia,3.0026,101.7876
JALAN MESRA NIAGA TMN MESRA Kajang Hulu Langat Malaysia,3.0109,101.7875
JALAN PUTRA 6 TMN PUTRA KAJANG Kajang Hulu Langat Malaysia,3.0275,101.7925
JLN PUTRA 2 TMN PUTRA KAJANG Kajang Hulu Langat Malaysia,3.0109,101.7606
JLN PUTRA 3 TMN PUTRA KAJANG Kajang Hulu Langat Malaysia,2.995,101.791
JLN PUTRA 5 TMN PUTRA KAJANG Kajang Hulu Langat Malaysia,3.0123,101.7896
IMPIAN MAHKOTA 1 TMN SAUJANA IMPIAN Kajang Hulu Langat Malaysia,3.0497,101.7955
JLN SENTOSA 2 TMN SENTOSA Kajang Hulu Langat Malaysia,2.9899,101.7877
JALAN AWANI 1/1 TMN AWANI BANGI Pekan Bangi Lama Hulu Langat Malaysia,2.9088,101.7844
JLN TANMING PERMAI 1 KAW PERNIAGAAN TAMING PERMAI Pekan Cheras Hulu Langat Malaysia,3.091,101.748
JLN BKT ANGSANA  1 TMN BKT ANGSANA Pekan Cheras Hulu Langat Malaysia,3.056,101.743
JLN EMAS 5 TMN EMAS Pekan Cheras Hulu Langat Malaysia,3.0477,101.7412
JLN PERNIAGAAN MASRIA 1 TMN MASRIA Pekan Cheras Hulu Langat Malaysia,3.0782,101.7376
JLN PUTRI JAYA 8 TMN PUTRI JAYA Pekan Cheras Hulu Langat Malaysia,3.084,101.768
JLN PDR 4 BALAKONG BUSINESS CENTRE Pekan Kajang Hulu Langat Malaysia,3.0076,101.7479
JLN PDR 5 BALAKONG BUSINESS CENTRE Pekan Kajang Hulu Langat Malaysia,3.0029,101.7826
JLN PDR 6 BALAKONG BUSINESS CENTRE Pekan Kajang Hulu Langat Malaysia,3.009,101.769
PUSAT PRDGN DESA RIA BALAKONG BUSINESS CENTRE Pekan Kajang Hulu Langat Malaysia,3.0015,101.7876
JLN DATARAN JADE 6 JADE HILLS Pekan Kajang Hulu Langat Malaysia,3.0133,101.7699
JLN JADE HILL UTAMA 1/1 JADE HILLS Pekan Kajang Hulu Langat Malaysia,3.0039,101.8006
JLN SG CHUA KG BARU SG CHUA Pekan Kajang Hulu Langat Malaysia,2.9934,101.7912
JLN SIMFONI 1 SYMPHONY TOWER Pekan Kajang Hulu Langat Malaysia,3.0348,101.7882
JALAN KIARA 2 KAWASAN PERNIAGAAN KIARA (SEMENYIH) Pekan Semenyih Hulu Langat Malaysia,3.0179,101.8508
JALAN KIARA 1 KAWASAN PERNIAGAAN KIARA (SEMENYIH) Pekan Semenyih Hulu Langat Malaysia,3.0333,101.85
BANDAR RINCHING BANDAR RINCING Semenyih Hulu Langat Malaysia,3.055,101.869
BANDAR RINCHING BDR RINCING Semenyih Hulu Langat Malaysia,3.033,101.88
JALAN 5/8 BDR RINCING Semenyih Hulu Langat Malaysia,3.0316,101.8519
JALAN 5/9 BDR RINCING Semenyih Hulu Langat Malaysia,3.0167,101.85
JALAN 5/10 BDR RINCING Semenyih Hulu Langat Malaysia,3.0525,101.8704
JALAN 5/12 BDR RINCING Semenyih Hulu Langat Malaysia,3.024,101.873
JLN 5/9 BDR RINCING Semenyih Hulu Langat Malaysia,3.034,101.87
JLN 5/10 BDR RINCING Semenyih Hulu Langat Malaysia,2.9725,101.8305
JALAN 1/2 BDR TEKNOLOGI Semenyih Hulu Langat Malaysia,2.944,101.839
JALAN 1/3 BDR TEKNOLOGI Semenyih Hulu Langat Malaysia,3.0249,101.8302
JLN 1/2 BDR TEKNOLOGI Semenyih Hulu Langat Malaysia,2.9833,101.85
JALAN 1/2 KAJANG PRIMA Semenyih Hulu Langat Malaysia,3.0436,101.8217
JALAN KP 1/1 KAJANG PRIMA Semenyih Hulu Langat Malaysia,2.9965,101.7925
JALAN KP 1/5 KAJANG PRIMA Semenyih Hulu Langat Malaysia,3.0445,101.7961
JALAN KP 1/8 KAJANG PRIMA Semenyih Hulu Langat Malaysia,3.0119,101.7916
JLN 1/2 KAJANG PRIMA Semenyih Hulu Langat Malaysia,2.9586,101.8229
JLN KP 1/1 KAJANG PRIMA Semenyih Hulu Langat Malaysia,2.992,101.785
JLN KP 1/2 KAJANG PRIMA Semenyih Hulu Langat Malaysia,2.9906,101.7892
JLN KP 1/3 KAJANG PRIMA Semenyih Hulu Langat Malaysia,3.025,101.785
JALAN KIARA 1 KAWASAN PERNIAGAAN KIARA (SEMENYIH) Semenyih Hulu Langat Malaysia,2.9599,101.8407
JALAN VISTA VALLEY 3 SEMENYIH VISTA VALLEY Semenyih Hulu Langat Malaysia,2.9356,101.8353
BLOK C SETIA ECOHILL Semenyih Hulu Langat Malaysia,3.0009,101.8676
JALAN ECOHILL 1/5B SETIA ECOHILL Semenyih Hulu Langat Malaysia,2.9602,101.8424
JLN ECOHILL 1/5A SETIA ECOHILL Semenyih Hulu Langat Malaysia,2.9638,101.8728
JLN ECOHILL 1/5B SETIA ECOHILL Semenyih Hulu Langat Malaysia,2.957,101.864
JLN VILLA 3 TMN ANGGERIK VILLA Semenyih Hulu Langat Malaysia,2.9489,101.8434
JALAN SERI BAIDURI 1 TMN SERI BAIDURI Semenyih Hulu Langat Malaysia,2.9383,101.8457
JALAN SERI BAIDURI 5 TMN SERI BAIDURI Semenyih Hulu Langat Malaysia,2.9285,101.8495
JLN SERI BAIDURI 1 TMN SERI BAIDURI Semenyih Hulu Langat Malaysia,3.022,101.863
JLN SRI BAIDURI 3 TMN SERI BAIDURI Semenyih Hulu Langat Malaysia,3.019,101.833
JALAN BUNGA PAKMA 1 88 CORPORATE INDUSTRIAL PARK Bandar Serendah Hulu Selangor Malaysia,3.3616,101.5978
JLN BUNGA PAKMA 1 88 CORPORATE INDUSTRIAL PARK Bandar Serendah Hulu Selangor Malaysia,3.5444,101.5979
"JLN MAHOGANI 5/KS07 BDR BOTANIC, KLANG Bandar Kelang Klang Malaysia",3.037,101.449
JALAN DATO HAMZAH BDR KLANG SELATAN Bandar Kelang Klang Malaysia,3.0364,101.4498
JLN KOTA RAJA BDR KLANG SELATAN Bandar Kelang Klang Malaysia,3.038,101.449
JLN BATU TIGA LAMA BERKERLEY TOWN CENTRE Bandar Kelang Klang Malaysia,3.0428,101.4526
JLN DENDENG 1 BERKERLEY TOWN CENTRE Bandar Kelang Klang Malaysia,3.0448,101.4458
JLN MAHOGANI 5 (FASA 19A2) BOTANIC AVENUE 1 & 2 Bandar Kelang Klang Malaysia,3.0483,101.4507
JLN MAHOGANI 5/KS7 BOTANIC AVENUE 1 & 2 Bandar Kelang Klang Malaysia,3.0385,101.4459
JLN MAHOGANI 5/KS7 (FASA 19A2) BOTANIC AVENUE 1 & 2 Bandar Kelang Klang Malaysia,3.039,101.446
JLN MAHOGANI 5/KS07 BOTANIC AVENUE 1 & 2 Bandar Kelang Klang Malaysia,3.0319,101.4514
BT 1 JLN MERU DATARAN MARVELANE DATARAN MARVELANE Bandar Kelang Klang Malaysia,3.0333,101.45
JLN DATARAN MARVELANE DATARAN MARVELANE Bandar Kelang Klang Malaysia,3.05,101.45
JALAN KAMPAR 1/KU1 OFF JALAN BATU 3 LAMA Bandar Kelang Klang Malaysia,3.0365,101.4472
JLN KAMPAR 1/KU OFF JALAN BATU 3 LAMA Bandar Kelang Klang Malaysia,3.0304,101.4486
JALAN SUNGAI BERTIK OFF JLN TELUK PULAI Bandar Kelang Klang Malaysia,3.0442,101.4464
OFF JLN TELUK GADONG PEL. KLANG(PERSIARAN R.M.MUSA) Bandar Kelang Klang Malaysia,3.0107,101.3985
PSN RAJA MUDA MUSA PEL. KLANG(PERSIARAN R.M.MUSA) Bandar Kelang Klang Malaysia,3.0333,101.45
JLN BARAT 1/KS1 PUSAT PERNIAGAAN RAYA BARAT Bandar Kelang Klang Malaysia,3.0376,101.4497
JLN BARAT 2/KS1 PUSAT PERNIAGAAN RAYA BARAT Bandar Kelang Klang Malaysia,3.0359,101.4464
JALAN BATU TIGA LAMA SEK. 21-28 BDR KLANG Bandar Kelang Klang Malaysia,3.0115,101.4257
JALAN KAPAR SEK. 21-28 BDR KLANG Bandar Kelang Klang Malaysia,3.0505,101.4548
LEBUH TAPAH SEK. 21-28 BDR KLANG Bandar Kelang Klang Malaysia,3.0385,101.4467
LINTANG GELUGOR SEK. 21-28 BDR KLANG Bandar Kelang Klang Malaysia,3.047,101.449
LRG SELAMPIT 21A TAMAN KLANG JAYA Bandar Kelang Klang Malaysia,3.043,101.444
JLN SG BERTEK TELOK PULAI COMMERCIAL CENTRE Bandar Kelang Klang Malaysia,3.023,101.451
JLN SG. BERTIK TELOK PULAI COMMERCIAL CENTRE Bandar Kelang Klang Malaysia,3.0356,101.4497
JLN SUNGAI BERTEK TELOK PULAI COMMERCIAL CENTRE Bandar Kelang Klang Malaysia,3.0333,101.45
JLN TELOK GADONG 1/KS1 TELUK GEDONG BESAR Bandar Kelang Klang Malaysia,3.0306,101.4491
JLN TELOK GADONG/KS 1 TELUK GEDONG BESAR Bandar Kelang Klang Malaysia,3.0054,101.4146
LEBOH TURI TMN CHI LIUNG Bandar Kelang Klang Malaysia,3.0167,101.45
LEBUH TURI TMN CHI LIUNG Bandar Kelang Klang Malaysia,3.0348,101.4456
LORONG KASAWARI 4B TMN ENG ANN Bandar Kelang Klang Malaysia,3.0137,101.4448
JLN SELAMPIT 21 TMN KLANG JAYA Bandar Kelang Klang Malaysia,3.066,101.448
JALAN SEPADU A/25A AXIS PREMIER INDUSTRIAL PARK Bandar Shah Alam Klang Malaysia,3.0184,101.5416
JLN SEPADU A25/A AXIS PREMIER INDUSTRIAL PARK Bandar Shah Alam Klang Malaysia,3.0504,101.5189
JLN SEPADU C 25/C AXIS PREMIER INDUSTRIAL PARK Bandar Shah Alam Klang Malaysia,3.0369,101.5018
LINTANG SULTAN MOHAMED 1B BDR SULTAN SULEIMAN Bandar Shah Alam Klang Malaysia,3.0457,101.4819
LORONG SULTAN MOHAMED 25 BDR SULTAN SULEIMAN Bandar Shah Alam Klang Malaysia,3.0466,101.4452
LRG SULTAN MOHAMED 25 BDR SULTAN SULEIMAN Bandar Shah Alam Klang Malaysia,3.0925,101.5183
JLN SERAI WANGI L 16/L ALAM AVENUE 2 Kapar Klang Malaysia,3.132,101.403
JLN SERAI WANGI M 16/M ALAM AVENUE 2 Kapar Klang Malaysia,3.103,101.416
JLN SERAI WANGI N 16/N ALAM AVENUE 2 Kapar Klang Malaysia,3.109,101.425
JLN TIARA  2C/KU1 BDR BARU KLANG Kapar Klang Malaysia,3.0364,101.4088
JALAN RODAT 2 BDR BUKIT RAJA Kapar Klang Malaysia,3.081,101.426
JALAN RODAT 4 BDR BUKIT RAJA Kapar Klang Malaysia,3.109,101.425
JLN MAKYONG 5B/KU5 BDR BUKIT RAJA Kapar Klang Malaysia,3.102,101.423
JLN MAKYONG 5F/KU5 BDR BUKIT RAJA Kapar Klang Malaysia,3.0865,101.414
JLN RODAT 2 BDR BUKIT RAJA Kapar Klang Malaysia,3.0596,101.3796
JALAN KELULI AL/ 7/AL BUKIT RAJA COMMERCIAL CENTRE (SEK.7) Kapar Klang Malaysia,3.0489,101.4332
JLN KELULI AM7/AM BUKIT RAJA COMMERCIAL CENTRE(SEK.7) Kapar Klang Malaysia,3.0706,101.4413
JLN KELULI AN7/AN BUKIT RAJA COMMERCIAL CENTRE(SEK.7) Kapar Klang Malaysia,3.0506,101.4276
JALAN KLANG CENTRAL 2/KU 5 KLANG SENTRAL Kapar Klang Malaysia,3.063,101.454
JALAN KLANG CENTRAL 3/KU 5 KLANG SENTRAL Kapar Klang Malaysia,3.0467,101.4184
JALAN KLANG CENTRAL 6/KU 5 KLANG SENTRAL Kapar Klang Malaysia,3.089,101.417
JALAN KLANG SENTRAL 2/KU 5 KLANG SENTRAL Kapar Klang Malaysia,3.0756,101.4242
JALAN KLANG SENTRAL 2/KU5 KLANG SENTRAL Kapar Klang Malaysia,3.062,101.444
JALAN KLANG SENTRAL 10/KU5 KLANG SENTRAL Kapar Klang Malaysia,3.084,101.447
JLN KLANG SENTRAL 2/KU5 KLANG SENTRAL Kapar Klang Malaysia,3.0456,101.4148
JLN KLANG SENTRAL 10/KU5 KLANG SENTRAL Kapar Klang Malaysia,3.1008,101.4558
JLN KLANG SENTRAL 11/KU5 KLANG SENTRAL Kapar Klang Malaysia,3.0883,101.4518
JALAN HARMONI 1A/KU3 KRISTAL KLANG COMMERCIAL CENTRE Kapar Klang Malaysia,3.056,101.441
JALAN MUIHIBBAH/KU3 OFF JLN KAPAR Kapar Klang Malaysia,3.0387,101.4179
JLN SG AGAS 6A/KU3 OFF JLN KAPAR Kapar Klang Malaysia,3.1167,101.3333
JLN SUNGAI BILAH 1 OFF JLN KAPAR Kapar Klang Malaysia,3.105,101.377
JALAN PAUH KIJANG 3/KU3 OFF JLN SG. PUTUS Kapar Klang Malaysia,3.1285,101.3898
JALAN SUNGAI PUTUS DI JALAN BATU BELAH OFF JLN SG. PUTUS Kapar Klang Malaysia,3.0989,101.3976
JLN PAUH KIJANG 3/KU3 OFF JLN SG. PUTUS Kapar Klang Malaysia,3.041,101.404
LORONG SENTOSA 45 OFF JLN SG. PUTUS Kapar Klang Malaysia,3.1276,101.3568
JALAN BESAR KU/13 PEKAN KAPAR Kapar Klang Malaysia,3.1475,101.4478
JLN BESAR PEKAN KAPAR Kapar Klang Malaysia,3.1237,101.4113
JLN DATO KAYA KECIL 6/KU13 PEKAN KAPAR Kapar Klang Malaysia,3.099,101.424
JLN SUNGAI PUTUS TAMAN BATU BELAH Kapar Klang Malaysia,3.1437,101.4424
LORONG KASAWARI 4 TAMAN ENG ANN Kapar Klang Malaysia,3.0569,101.4063
"JLN BATAI LAUT 3 TAMAN INTAN,BATU 3 Kapar Klang Malaysia",3.104,101.38
OFF JLN BATU BELAH/LBHRAYA SHAHPADU TMN BATU BELAH Kapar Klang Malaysia,3.1385,101.4365
JALAN MERU TMN BUNGA MELOR Kapar Klang Malaysia,3.189,101.427
"JALAN BATAI LAUT 5 TMN INTAN, BATU 3 Kapar Klang Malaysia",3.1267,101.3891
"JLN BATAI LAUT 3 TMN INTAN, BATU 3 Kapar Klang Malaysia",3.0825,101.3808
"JLN BATAI LAUT 5 TMN INTAN, BATU 3 Kapar Klang Malaysia",3.1209,101.3724
JALAN SUNGAI NIBONG 14A/KU4 TMN RANTAU PANJANG Kapar Klang Malaysia,3.1365,101.3707
BATAI LAUT 7 TMN RASHNA Kapar Klang Malaysia,3.045,101.368
JALAN BATAI LAUT 4 TMN RASHNA Kapar Klang Malaysia,3.0819,101.4098
JLN BATAI LAUT TMN RASHNA Kapar Klang Malaysia,3.1048,101.3915
JLN BATAI LAUT 3 TMN RASHNA Kapar Klang Malaysia,3.1328,101.3977
JLN BATAI LAUT 5 TMN RASHNA Kapar Klang Malaysia,3.1397,101.4504
LORONG DENDANG TMN RASHNA Kapar Klang Malaysia,3.078,101.39
JLN INDAH 1 TMN SRI AWANA Kapar Klang Malaysia,3.1119,101.3938
JLN SG KAPAR INDAH 2A TMN SUNGAI KAPAR INDAH Kapar Klang Malaysia,3.1265,101.3719
JLN SG KAPAR INDAH 2A/KU7 TMN SUNGAI KAPAR INDAH Kapar Klang Malaysia,3.1005,101.3737
JLN SUNGAI KAPAR INDAH 2/KU7 TMN SUNGAI KAPAR INDAH Kapar Klang Malaysia,3.0566,101.3275
JLN SUNGAI KAPAR INDAH 2A/KU7 TMN SUNGAI KAPAR INDAH Kapar Klang Malaysia,3.089,101.346
JLN SUNGAI KAPAR INDAH 3/KU7 TMN SUNGAI KAPAR INDAH Kapar Klang Malaysia,3.116,101.383
JLN SG AGAS 6A/KU3 TMN SUNGAI PINANG Kapar Klang Malaysia,3.072,101.455
JALAN PERMATA 1/KS9 BANDAR BESTARI @ CANARY GARDEN Kelang Klang Malaysia,3.025,101.447
JLN BESTARI 6B/KS9 BANDAR BESTARI @ CANARY GARDEN Kelang Klang Malaysia,3.0173,101.4548
JLN BESTARI 6C/KS9 BANDAR BESTARI @ CANARY GARDEN Kelang Klang Malaysia,3.0596,101.4516
JLN BESTARI 6D/KS9 BANDAR BESTARI @ CANARY GARDEN Kelang Klang Malaysia,3.0,101.45
JLN BESTARI 66/KS9 BANDAR BESTARI @ CANARY GARDEN Kelang Klang Malaysia,3.0166,101.4464
LORONG SANGGUL 1F BANDAR PUTERI Kelang Klang Malaysia,3.0166,101.4497
LRG SANGGUL 1 F BANDAR PUTERI Kelang Klang Malaysia,3.0385,101.4497
LRG SANGGUL 1D BANDAR PUTERI Kelang Klang Malaysia,3.0427,101.4468
LRG SANGGUL 1E BANDAR PUTERI Kelang Klang Malaysia,3.0128,101.4507
LRG SANGGUL 1F BANDAR PUTERI Kelang Klang Malaysia,3.0282,101.4454
JLN BESTARI 6B/KS9 BDR BESTARI@CANARY GARDEN Kelang Klang Malaysia,3.0215,101.4456
JALAN BESTARI 6B/KS9 BDR BESTARI/CANARY GARDEN Kelang Klang Malaysia,3.0207,101.4458
JALAN BESTARI 6D/KS9 BDR BESTARI/CANARY GARDEN Kelang Klang Malaysia,3.0297,101.4462
JLN BESTARI 6A/KS9 BDR BESTARI/CANARY GARDEN Kelang Klang Malaysia,3.0209,101.4336
JLN BESTARI 6B/KS9 BDR BESTARI/CANARY GARDEN Kelang Klang Malaysia,3.0034,101.4418
"JLN JASMIN 6/KS6 BDR BOTANIC, KLANG Kelang Klang Malaysia",3.037,101.448
"JLN JASMIN 8/KS6 BDR BOTANIC, KLANG Kelang Klang Malaysia",3.0553,101.449
"LORONG SANGGUL 1F BDR PUTERI, KLANG Kelang Klang Malaysia",3.0445,101.4478
"LRG SANGGUL 1F BDR PUTERI, KLANG Kelang Klang Malaysia",3.0424,101.4471
"LORONG SANGGUL 1E BDR PUTERI, KLANG Kelang Klang Malaysia",3.036,101.448
"LRG SANGGUL 1E BDR PUTERI, KLANG Kelang Klang Malaysia",3.0562,101.4452
"LRG. SANGGUL 1E BDR PUTERI, KLANG Kelang Klang Malaysia",3.042,101.446
JLN SG RASAU F 32/F (TRADE POINT) BERJAYA INDUSTRIAL PARK Kelang Klang Malaysia,3.0177,101.4398
JLN SUNGAI RASAU F 32/F BERJAYA INDUSTRIAL PARK Kelang Klang Malaysia,3.034,101.377
JALAN RAMIN 3/KS7 BOTANIC BUSINESS GATEWAY Kelang Klang Malaysia,3.0567,101.4494
JALAN KASUARINA 6/KS07 BOTANIC CAPITAL @ BANDAR BOTANIC Kelang Klang Malaysia,3.0175,101.433
JLN KASUARINA 2/KS7 BOTANIC CAPITAL @ BANDAR BOTANIC Kelang Klang Malaysia,3.0205,101.4478
JLN KASUARINA 2/KS07 BOTANIC CAPITAL @ BANDAR BOTANIC Kelang Klang Malaysia,3.0249,101.3894
JLN KASUARINA 3/KS 07 BOTANIC CAPITAL @ BANDAR BOTANIC Kelang Klang Malaysia,3.0168,101.4485
JLN KASUARINA 5/KS07 BOTANIC CAPITAL @ BANDAR BOTANIC Kelang Klang Malaysia,3.0109,101.4386
JLN KASUARINA 6 BOTANIC CAPITAL @ BANDAR BOTANIC Kelang Klang Malaysia,3.0119,101.4486
JLN KASUARINA 6/KS7 BOTANIC CAPITAL @ BANDAR BOTANIC Kelang Klang Malaysia,3.0027,101.4374
JLN KASUARINA 7/KS7 BOTANIC CAPITAL @ BANDAR BOTANIC Kelang Klang Malaysia,3.0419,101.4471
JLN KASUARINA 11/KS 7 BOTANIC CAPITAL @ BANDAR BOTANIC Kelang Klang Malaysia,3.0234,101.4454
JLN SG BURUNG W 32/W BUKIT RIMAU Kelang Klang Malaysia,3.0218,101.4841
JLN SUNGAI BURUNG Y32/Y BUKIT RIMAU Kelang Klang Malaysia,3.0064,101.5103
JALAN NAGASARI E 36/E DESA LATANIA Kelang Klang Malaysia,3.0333,101.4494
JLN NAGASARI E 36/E DESA LATANIA Kelang Klang Malaysia,3.0179,101.4515
JLN BIOLA 33/1 ELITE 33 SIGNATURE BUSINESS PARK Kelang Klang Malaysia,3.0283,101.4456
"3-1,3-2, JLN BAYU LAUT 4A/KS09 GRAVIT8 Kelang Klang Malaysia",3.0686,101.4258
JLN BAYU LAUT 1/KS09 GRAVIT8 Kelang Klang Malaysia,3.0464,101.4549
JLN BAYU LAUT 4A/KS09 GRAVIT8 Kelang Klang Malaysia,3.0197,101.4453
OFF JLN PENDAMAR GRAVIT8 Kelang Klang Malaysia,3.0215,101.444
JALAN KEMUNING PRIMA A33/A KEMUNING UTAMA COMMERCIAL CENTRE Kelang Klang Malaysia,3.0319,101.4482
JALAN KMUNING PRIMA A33A KEMUNING UTAMA COMMERCIAL CENTRE Kelang Klang Malaysia,3.005,101.449
JLN KE MUNING PRIMA E33/E KEMUNING UTAMA COMMERCIAL CENTRE Kelang Klang Malaysia,3.0447,101.4518
JLN KEMUNING PRIMA B33/B KEMUNING UTAMA COMMERCIAL CENTRE Kelang Klang Malaysia,3.0338,101.4469
JLN HAJI ZAINAL ABIDIN KG PENDAMAR Kelang Klang Malaysia,3.033,101.45
JALAN AANGGERIK ARANDA AF31/AF KOTA KEMUNING Kelang Klang Malaysia,3.0077,101.5444
ANGGERIK VANILLA AD 31/AD KOTA KEMUNING Kelang Klang Malaysia,3.006,101.538
JALAN AANGGERIK ARANDA D31/D KOTA KEMUNING Kelang Klang Malaysia,3.0135,101.5239
JALAN ANGGERIK ARANDA 3 1/B KOTA KEMUNING Kelang Klang Malaysia,3.0038,101.5104
JALAN ANGGERIK ARANDA  BG 31/BG KOTA KEMUNING Kelang Klang Malaysia,3.0082,101.5316
JALAN ANGGERIK VANILLA  AD 31/AD KOTA KEMUNING Kelang Klang Malaysia,3.0189,101.5596
JALAN ANGGERIK VANILLA  BF 31/BF KOTA KEMUNING Kelang Klang Malaysia,3.0033,101.5267
JALAN ANGGERIK VANILLA BF 31/BF KOTA KEMUNING Kelang Klang Malaysia,3.0097,101.5502
JALAN ANGGERIK VANILLA T31/T KOTA KEMUNING Kelang Klang Malaysia,3.0249,101.5202
JALAN ANGGERIK VANILLA Z31/Z KOTA KEMUNING Kelang Klang Malaysia,3.0079,101.5211
JALAN ARANDA D31/D KOTA KEMUNING Kelang Klang Malaysia,3.0167,101.45
JLN ANGGERIK VANILLA 31/94 KOTA KEMUNING Kelang Klang Malaysia,3.0061,101.545
JLN ANGGERIK VANILLA  AB 31/AB KOTA KEMUNING Kelang Klang Malaysia,3.043,101.431
JLN ANGGERIK VANILLA AB 31/AB KOTA KEMUNING Kelang Klang Malaysia,3.0197,101.5005
JLN ANGGERIK VANILLA AF 31/AF KOTA KEMUNING Kelang Klang Malaysia,3.0017,101.535
JLN ANGGERIK VANILLA BF 31/BF KOTA KEMUNING Kelang Klang Malaysia,3.0056,101.5388
JLN ANGGERIK VANILLA T 31/T KOTA KEMUNING Kelang Klang Malaysia,3.0037,101.5701
JLN ANGGERIK VANILLA T31/T KOTA KEMUNING Kelang Klang Malaysia,3.0123,101.5338
JLN ANGGERIK VANILLA  U 31/U KOTA KEMUNING Kelang Klang Malaysia,3.0245,101.5498
JLN ANGGERIK VANILLA V 31/V KOTA KEMUNING Kelang Klang Malaysia,3.001,101.513
JLN ANGGERIK VANILLA  Z 31/Z KOTA KEMUNING Kelang Klang Malaysia,3.0432,101.5167
JLN ANGGERIK VANILLA Z 31/Z KOTA KEMUNING Kelang Klang Malaysia,3.0,101.0
JLN ANGGERIK VANILLA Z31/Z KOTA KEMUNING Kelang Klang Malaysia,3.0145,101.5279
JLN T31/T KOTA KEMUNING Kelang Klang Malaysia,3.018,101.497
JLN. C31 KOTA KEMUNING Kelang Klang Malaysia,3.0,101.4
PERSIARAN ANGGERIK VANILL KOTA KEMUNING Kelang Klang Malaysia,3.0089,101.5326
JLN PERMATA 1/KS9 PUSAT PERDAGANGAN BESTARI Kelang Klang Malaysia,3.0686,101.4587
JLN PERMATA 1/KS09 (AIR HITAM) PUSAT PERDAGANGAN BESTARI Kelang Klang Malaysia,3.0408,101.4519
JLN MERU SEK. 21-28 BDR KLANG Kelang Klang Malaysia,3.073,101.452
JLN BENDAHARA 1 SRI SENTOSA COMMERCIAL CENTRE(P/L 10370) Kelang Klang Malaysia,3.0256,101.4465
JLN DATO YUSOF SHAHBUDIN 29B SRI SENTOSA COMMERCIAL CENTRE(P/L 10370) Kelang Klang Malaysia,3.0448,101.4463
JLN RAJA NONG SYIT 99B Kelang Klang Malaysia,3.038,101.447
JLN RAJA NONG 1/KS2 SYIT 99B Kelang Klang Malaysia,3.0333,101.45
"JLN CONGKAK TMN ALAM NYATA, SG. KANDIS Kelang Klang Malaysia",3.1167,101.3833
JALAN BATU UNJUR 8 TMN BAYU PERDANA Kelang Klang Malaysia,3.0319,101.4434
JLN BATU UNJUR 8 TMN BAYU PERDANA Kelang Klang Malaysia,3.0249,101.4482
PESIARAN PEGAGA TMN BAYU PERDANA Kelang Klang Malaysia,3.0068,101.4481
JLN LAKSAMANA 6 TMN DESA IDAMAN (P/L 10380) Kelang Klang Malaysia,3.038,101.449
JALAN LAKSAMANA 6 TMN DESA IDAMAN SUB LOT 10380 Kelang Klang Malaysia,3.045,101.45
LRG TEMENGGUNG 15A TMN EVERGREEN Kelang Klang Malaysia,3.0477,101.4495
"JALAN DATO YUSOF SHAHBUDIN 29 TMN SENTOSA,  SG. JATI Kelang Klang Malaysia",3.0263,101.4558
"JALAN DATOK YUSOF SHAHBUDIN 29 TMN SENTOSA,  SG. JATI Kelang Klang Malaysia",3.0437,101.4542
"JLN DATO YUSOF SHAHBUDIN 20 TMN SENTOSA,  SG. JATI Kelang Klang Malaysia",3.0449,101.4484
"JLN DATO YUSOF SHAHBUDIN 29 TMN SENTOSA,  SG. JATI Kelang Klang Malaysia",3.0207,101.4493
"JLN DATO YUSUF SHAHBUDIN 28 TMN SENTOSA,  SG. JATI Kelang Klang Malaysia",3.0319,101.4518
"JALAN DATOK YUSOF SHAHBUDIN 29 TMN SENTOSA,  SG. JATY Kelang Klang Malaysia",3.0147,101.4489
"JLN DATO YUSOF SHAHBUDIN 29 TMN SENTOSA,  SG. JATY Kelang Klang Malaysia",3.0316,101.4487
"LRG DATO YUSOF SHAHBUDIN 29B TMN SENTOSA,  SG. JATY Kelang Klang Malaysia",3.0438,101.4453
"LRG DATO YUSOF SHAHBUDIN 44G TMN SENTOSA,  SG. JATY Kelang Klang Malaysia",3.032,101.447
LORONG BENDAHARA 37 TMN SRI INDAH Kelang Klang Malaysia,3.0286,101.4501
"JALAN SERULING 59 TMN SRI JAYA, JLN SG JATI Kelang Klang Malaysia",3.0284,101.4492
LORONG PENGHULU KASSIM 1 TMN SRI MEWAH OFF JLN. KG. JAWA Kelang Klang Malaysia,3.0276,101.4462
"JALAN ADIL 25/10 TMN SRI MUDA, SEK. 25 SHAH ALAM Kelang Klang Malaysia",3.0179,101.5483
JLN TENGKU BADRI SHAH 1 TMN TEKNIK JAYA Kelang Klang Malaysia,3.0333,101.45
JLN TENGKU BADRI SHAH 1 (TEKNIK JAYA) TMN TEKNIK JAYA Kelang Klang Malaysia,3.0333,101.45
JLN HJ ABDUL SAMAD 1A/KU3 PEKAN KAPAR Pekan Kapar Klang Malaysia,3.098,101.385
JLN MERANTI PEKAN MERU Pekan Meru Klang Malaysia,3.102,101.437
LORONG BATU NILAM 1B BDR BUKIT TINGGI Pekan Pendamaran Klang Malaysia,3.0,101.45
JLN BAYU TINGGI 6 TMN BAYU TINGGI Pekan Pendamaran Klang Malaysia,3.0217,101.4463
LRG BAYU TINGGI 6/KS6 TMN BAYU TINGGI Pekan Pendamaran Klang Malaysia,3.0125,101.4527
JALAN BAYU TINGGI 6 TMN BAYU TINGGI Pekan Pendamaran Klang Malaysia,3.0447,101.4517
JALAN BAYU TINGGI 6/KS06 TMN BAYU TINGGI Pekan Pendamaran Klang Malaysia,3.0215,101.4498
JLN BAYU TINGGI 1A/KS6 TMN BAYU TINGGI Pekan Pendamaran Klang Malaysia,3.002,101.409
JLN BAYU TINGGI 1B TMN BAYU TINGGI Pekan Pendamaran Klang Malaysia,3.0167,101.45
JLN BAYU TINGGI 1B/KS6 TMN BAYU TINGGI Pekan Pendamaran Klang Malaysia,3.0125,101.3939
JLN BAYU TINGGI 2 TMN BAYU TINGGI Pekan Pendamaran Klang Malaysia,3.0062,101.4275
JLN BAYU TINGGI 2/KS6 TMN BAYU TINGGI Pekan Pendamaran Klang Malaysia,3.0009,101.4425
JLN BAYU TINGGI 2A/KS6 TMN BAYU TINGGI Pekan Pendamaran Klang Malaysia,3.0005,101.4167
JLN BAYU TINGGI 2B/KS6 TMN BAYU TINGGI Pekan Pendamaran Klang Malaysia,3.0188,101.4314
JLN BAYU TINGGI 5 TMN BAYU TINGGI Pekan Pendamaran Klang Malaysia,3.0175,101.3875
JLN BAYU TINGGI 5/KS6 TMN BAYU TINGGI Pekan Pendamaran Klang Malaysia,3.0247,101.4105
JLN BAYU TINGGI 6/KS6 TMN BAYU TINGGI Pekan Pendamaran Klang Malaysia,3.0001,101.451
JLN BAYU TINGGI 7 TMN BAYU TINGGI Pekan Pendamaran Klang Malaysia,3.037,101.438
JLN SENTOSA 5 TMN BAYU TINGGI Pekan Pendamaran Klang Malaysia,3.0167,101.45
LORONG SENTOSA 4/KS06 TMN BAYU TINGGI Pekan Pendamaran Klang Malaysia,3.0375,101.458
LRG BAYU TINGGI 1B TMN BAYU TINGGI Pekan Pendamaran Klang Malaysia,3.0316,101.4089
LRG BAYU TINGGI 1C TMN BAYU TINGGI Pekan Pendamaran Klang Malaysia,3.003,101.405
LRG BAYU TINGGI 5/KS6 TMN BAYU TINGGI Pekan Pendamaran Klang Malaysia,3.0127,101.3994
LRG SENTOSA 5 TMN BAYU TINGGI Pekan Pendamaran Klang Malaysia,3.0103,101.3937
"JLN EHSAN PERDANA 7/KS5 TMN EHSAN PERDANA, PANDAMARAN Pekan Pendamaran Klang Malaysia",3.0345,101.3935
LRG CEMPENING PELABUHAN KLANG Pekan Port Swettenham Klang Malaysia,3.0033,101.3997
JLN BERANGAN PELABUHAN KLANG Pekan Port Swettenham Klang Malaysia,3.001,101.4
JLN TENGKU BADAR PELABUHAN KLANG Pekan Port Swettenham Klang Malaysia,3.0,101.4
JLN. BERANGAN PELABUHAN KLANG Pekan Port Swettenham Klang Malaysia,3.0015,101.3998
LBH BERANGAN PELABUHAN KLANG Pekan Port Swettenham Klang Malaysia,3.0,101.3833
LEBUH BERANGAN PELABUHAN KLANG Pekan Port Swettenham Klang Malaysia,3.0,101.4
LRG CHEMPENING PELABUHAN KLANG Pekan Port Swettenham Klang Malaysia,3.0317,101.3847
LRG. CEMPENING PELABUHAN KLANG Pekan Port Swettenham Klang Malaysia,3.0005,101.4005
LORONG CHEMPENING PELABUHAN KLANG (PRSN RAJA MUDA MUSA) Pekan Port Swettenham Klang Malaysia,3.0004,101.395
JALAN BUNGA PEKAN 4 BDR. BANTING Bandar Banting Kuala Langat Malaysia,2.8115,101.5017
JALAN BUNGA PEKAN 5 BDR. BANTING Bandar Banting Kuala Langat Malaysia,2.8179,101.5038
JALAN CEMERLANG 4 BDR. BANTING Bandar Banting Kuala Langat Malaysia,2.8069,101.5012
JLN BUNGA PEKAN BDR. BANTING Bandar Banting Kuala Langat Malaysia,2.8132,101.4958
JLN CEMERLANG 1( BANTING BUSINESS CENTRE BDR. BANTING Bandar Banting Kuala Langat Malaysia,2.8198,101.4986
JLN CEMERLANG 1A( BANTING B'NESS CENTRE BDR. BANTING Bandar Banting Kuala Langat Malaysia,2.8136,101.5015
JLN CEMERLANG 2( BANTING BUSINESS CENTRE BDR. BANTING Bandar Banting Kuala Langat Malaysia,2.8112,101.5019
JLN SERI PEKAN 2 BDR. BANTING Bandar Banting Kuala Langat Malaysia,2.8107,101.5061
JLN. BUNGA PEKAN 5 BDR. BANTING Bandar Banting Kuala Langat Malaysia,2.8088,101.5017
JALAN 2/3 TAMAN SERI JAROMAS Bandar Jenjarum/Sg Jarum Kuala Langat Malaysia,2.8267,101.5418
JALAN SAUJANA PUTRA 1/2 BDR SAUJANA PUTRA Tanjung 12 Kuala Langat Malaysia,2.956,101.592
JALAN SP 1/2 BDR SAUJANA PUTRA Tanjung 12 Kuala Langat Malaysia,2.9367,101.5825
SAUJANA AVENUE BDR SAUJANA PUTRA Tanjung 12 Kuala Langat Malaysia,2.9947,101.5858
JLN PAHLAWAN 1 TMN PAHLAWAN Telok Panglima Garang Kuala Langat Malaysia,2.877,101.493
JALAN CHERAS BATU 3 1/4 JALAN CHERAS Kuala Lumpur Town Centre Kuala Lumpur Malaysia,3.1347,101.7159
JALAN AMPANG JALAN AMPANG Kuala Lumpur Town Centre Kuala Lumpur Malaysia,3.1598,101.7123
JLN HANG KASTURI JALAN BANDAR/JALAN TUN H.S LEE Kuala Lumpur Town Centre Kuala Lumpur Malaysia,3.1456,101.6965
JLN TUN H S LEE JALAN BANDAR/JALAN TUN H.S LEE Kuala Lumpur Town Centre Kuala Lumpur Malaysia,3.1456,101.6991
JLN TUN H.S LEE(JALAN BANDAR) JALAN BANDAR/JALAN TUN H.S LEE Kuala Lumpur Town Centre Kuala Lumpur Malaysia,3.1489,101.6981
JLN CHENG LOCK JALAN CHENG LOCK Kuala Lumpur Town Centre Kuala Lumpur Malaysia,3.1595,101.7115
JLN EMAS JALAN EMAS Kuala Lumpur Town Centre Kuala Lumpur Malaysia,3.1631,101.7075
JLN IMBI JALAN IMBI Kuala Lumpur Town Centre Kuala Lumpur Malaysia,3.1439,101.7092
JALAN IPOH BT 3 JALAN IPOH Kuala Lumpur Town Centre Kuala Lumpur Malaysia,3.1727,101.6669
JALAN KOVIL HILIR JALAN IPOH Kuala Lumpur Town Centre Kuala Lumpur Malaysia,3.1639,101.6984
JLN IPOH 2 1/2 MILES JALAN IPOH Kuala Lumpur Town Centre Kuala Lumpur Malaysia,3.1673,101.6916
JALAN BUKIT RAJA JALAN KELANG LAMA Kuala Lumpur Town Centre Kuala Lumpur Malaysia,3.0956,101.6781
JLN PASAR BARU JALAN PASAR BAHRU Kuala Lumpur Town Centre Kuala Lumpur Malaysia,3.1596,101.6998
JLN HAJI SALLEH JALAN PERHENTIAN Kuala Lumpur Town Centre Kuala Lumpur Malaysia,3.1562,101.7003
JALAN RAJA BOT JALAN RAJA BOT Kuala Lumpur Town Centre Kuala Lumpur Malaysia,3.1576,101.7044
JLN RAJA BOT JALAN RAJA BOT Kuala Lumpur Town Centre Kuala Lumpur Malaysia,3.1512,101.7016
JALAN GURNEY JALAN SEMARAK Kuala Lumpur Town Centre Kuala Lumpur Malaysia,3.1626,101.7081
JLN SENTUL JALAN SENTUL Kuala Lumpur Town Centre Kuala Lumpur Malaysia,3.1667,101.7
JALAN TUANKU ABDUL RAHMAN JALAN TUANKU ABD RAHMAN Kuala Lumpur Town Centre Kuala Lumpur Malaysia,3.1579,101.6932
JALAN VIVEKANANDA KAW JLN TUN SAMBANTHAN (BRICKFIELDS) Kuala Lumpur Town Centre Kuala Lumpur Malaysia,3.1319,101.6869
JALAN LENGKONGAN BRUNEI KAWASAN JALAN BRUNEI Kuala Lumpur Town Centre Kuala Lumpur Malaysia,3.1562,101.7118
JALAN NYONYA KAWASAN JALAN BRUNEI Kuala Lumpur Town Centre Kuala Lumpur Malaysia,3.1569,101.7116
LORONG BRUNEI SELATAN KAWASAN JALAN BRUNEI Kuala Lumpur Town Centre Kuala Lumpur Malaysia,3.1499,101.7077
LORONG BRUNEI SELATAN / JALAN NYON KAWASAN JALAN BRUNEI Kuala Lumpur Town Centre Kuala Lumpur Malaysia,3.1556,101.7087
JLN HAJI HUSSIEN KAWASAN JALAN HAJI HUSSAIN Kuala Lumpur Town Centre Kuala Lumpur Malaysia,3.1535,101.7108
JLN 3/93A OFF JALAN CHERAS Kuala Lumpur Town Centre Kuala Lumpur Malaysia,3.1455,101.7029
JLN KOVIL HILIR OFF JLN IPOH Kuala Lumpur Town Centre Kuala Lumpur Malaysia,3.1569,101.6975
JLN 1/48A SENTUL PERDANA Kuala Lumpur Town Centre Kuala Lumpur Malaysia,3.1748,101.6717
JLN 3/48A SENTUL PERDANA Kuala Lumpur Town Centre Kuala Lumpur Malaysia,3.1988,101.6859
JALAN KAMPUNG PANDAN TAMAN MALURI Kuala Lumpur Town Centre Kuala Lumpur Malaysia,3.1292,101.7225
JLN 3/93 TAMAN MIHARJA Kuala Lumpur Town Centre Kuala Lumpur Malaysia,3.1196,101.7139
JALAN 3/93 TMN MIHARJA Kuala Lumpur Town Centre Kuala Lumpur Malaysia,3.1146,101.7356
JALAN 1/76D DESA PANDAN Mukim Ampang Kuala Lumpur Malaysia,3.1319,101.7396
JLN 1/76 DESA PANDAN Mukim Ampang Kuala Lumpur Malaysia,3.1436,101.7422
JLN 2/76C DESA PANDAN Mukim Ampang Kuala Lumpur Malaysia,3.1296,101.7389
JLN 3/76D DESA PANDAN Mukim Ampang Kuala Lumpur Malaysia,3.1364,101.7354
JLN 4/76C DESA PANDAN Mukim Ampang Kuala Lumpur Malaysia,3.1307,101.7427
JLN AMPANG JALAN AMPANG Mukim Ampang Kuala Lumpur Malaysia,3.164,101.748
JALAN 4/62A BANDAR MANJALARA Mukim Batu Kuala Lumpur Malaysia,3.1966,101.6548
JALAN 6/62A BANDAR MANJALARA Mukim Batu Kuala Lumpur Malaysia,3.1953,101.6468
JALAN 8/62A BANDAR MANJALARA Mukim Batu Kuala Lumpur Malaysia,3.1856,101.6379
JALAN 9/62 BANDAR MANJALARA Mukim Batu Kuala Lumpur Malaysia,3.2029,101.6571
JALAN 11/62A BANDAR MANJALARA Mukim Batu Kuala Lumpur Malaysia,3.1898,101.6253
JLN 4/62A BANDAR MANJALARA Mukim Batu Kuala Lumpur Malaysia,3.2132,101.6458
JLN 11/62A BANDAR MANJALARA Mukim Batu Kuala Lumpur Malaysia,3.1942,101.6382
JALAN 3A/2B DESA BAKTI Mukim Batu Kuala Lumpur Malaysia,3.1895,101.7035
JALAN 15/34C DESA KEPONGGI Mukim Batu Kuala Lumpur Malaysia,3.1979,101.6737
FORTUNE SQUARE 2 FORTUNE SQUARE Mukim Batu Kuala Lumpur Malaysia,3.1945,101.7009
BATU 4 JALAN IPOH Mukim Batu Kuala Lumpur Malaysia,3.1886,101.6831
BT 4 1/2 J.IPOH JALAN IPOH Mukim Batu Kuala Lumpur Malaysia,3.1937,101.6982
JLN KEPONG BT 7 JALAN KEPONG Mukim Batu Kuala Lumpur Malaysia,3.2029,101.6682
JALAN ARFAH 2 JALAN KUCHING Mukim Batu Kuala Lumpur Malaysia,3.1774,101.6766
JALAN SEGAMBUT JALAN SEGAMBUT Mukim Batu Kuala Lumpur Malaysia,3.187,101.673
JALAN JINJANG AMAN 1 KB JINJANG UTARA Mukim Batu Kuala Lumpur Malaysia,3.202,101.679
JALAN 1/33A KEPONG BARU Mukim Batu Kuala Lumpur Malaysia,3.1995,101.6428
JLN KEPONG KEPONG BARU Mukim Batu Kuala Lumpur Malaysia,3.203,101.648
JALAN KEPONG USAHA KEPONG BUSINESS CENTRE Mukim Batu Kuala Lumpur Malaysia,3.194,101.651
JALAN KEPONG USAHA 2 KEPONG BUSINESS CENTRE Mukim Batu Kuala Lumpur Malaysia,3.2007,101.6587
JALAN SERI UTARA 1 KUALA LUMPUR UTARA Mukim Batu Kuala Lumpur Malaysia,3.2005,101.6826
JLN SERI UTARA 1. SRI UTARA KUALA LUMPUR UTARA Mukim Batu Kuala Lumpur Malaysia,3.1979,101.6764
JALAN METRO 2 METRO PRIMA Mukim Batu Kuala Lumpur Malaysia,3.1989,101.6895
"JALAN 2/32, BT. 6 OFF JALAN KEPONG Mukim Batu Kuala Lumpur Malaysia",3.194,101.648
"JALAN 1/47B, OFF JALAN IPOH OFF JLN IPOH Mukim Batu Kuala Lumpur Malaysia",3.2067,101.6892
BT 5 JLN IPOH PEKAN BATU Mukim Batu Kuala Lumpur Malaysia,3.1739,101.6869
"KG. BATU,  BT 5 JLN IPOH PEKAN BATU Mukim Batu Kuala Lumpur Malaysia",3.1942,101.6973
"A, B, JALAN KEPONG PEKAN KEPONG Mukim Batu Kuala Lumpur Malaysia",3.197,101.653
JLN KEPONG PEKAN KEPONG Mukim Batu Kuala Lumpur Malaysia,3.2078,101.6527
"41-1 & 41-2, JLN RIMBUNAN RAYA 1 RIMBUNAN AVENUE Mukim Batu Kuala Lumpur Malaysia",3.1755,101.6903
JALAN 15/34C RIMBUNAN AVENUE Mukim Batu Kuala Lumpur Malaysia,3.1964,101.6996
JALAN RIMBUNAN RAYA RIMBUNAN AVENUE Mukim Batu Kuala Lumpur Malaysia,3.1995,101.6839
JALAN RIMBUNAN RAYA 1 RIMBUNAN AVENUE Mukim Batu Kuala Lumpur Malaysia,3.1989,101.6707
JLN RIMBUNAN RAYA RIMBUNAN AVENUE Mukim Batu Kuala Lumpur Malaysia,3.1596,101.6942
JLN RIMBUNAN RAYA 1 RIMBUNAN AVENUE Mukim Batu Kuala Lumpur Malaysia,3.1768,101.6687
JALAN SOLARIS 3 SOLARIS MONT KIARA Mukim Batu Kuala Lumpur Malaysia,3.1702,101.6582
JLN SOLARIS 3 SOLARIS MONT KIARA Mukim Batu Kuala Lumpur Malaysia,3.1725,101.6689
JALAN SERI UTARA 1 SRI UTARA Mukim Batu Kuala Lumpur Malaysia,3.2175,101.675
JLN 2/1A TAMAN KEPONG INDAH Mukim Batu Kuala Lumpur Malaysia,3.2161,101.6466
JLN 3/1A TAMAN KEPONG INDAH Mukim Batu Kuala Lumpur Malaysia,3.1947,101.6799
JALAN 56/10 TAMAN KOPERASI POLIS Mukim Batu Kuala Lumpur Malaysia,3.2006,101.6938
JALAN 57/10 TAMAN KOPERASI POLIS Mukim Batu Kuala Lumpur Malaysia,3.193,101.67
JLN 17/42 TAMAN LAWA Mukim Batu Kuala Lumpur Malaysia,3.1839,101.7039
JALAN 4/18A TAMAN MASTIARA Mukim Batu Kuala Lumpur Malaysia,3.1953,101.6908
JALAN 5/18A TAMAN MASTIARA Mukim Batu Kuala Lumpur Malaysia,3.1686,101.6791
JLN 1/2D TAMAN SERI MURNI Mukim Batu Kuala Lumpur Malaysia,3.193,101.686
JALAN 5/36 TAMAN SRI BINTANG Mukim Batu Kuala Lumpur Malaysia,3.1865,101.685
JALAN SERI BINTANG 4 (JALAN 7/36) TAMAN SRI BINTANG Mukim Batu Kuala Lumpur Malaysia,3.2147,101.6953
JLN 3/36 TAMAN SRI BINTANG Mukim Batu Kuala Lumpur Malaysia,3.1969,101.6897
JALAN 1/38A TAMAN SRI SINAR Mukim Batu Kuala Lumpur Malaysia,3.2042,101.6856
JALAN 20/38A TAMAN SRI SINAR Mukim Batu Kuala Lumpur Malaysia,3.2129,101.6496
JLN 5/38D TAMAN SRI SINAR Mukim Batu Kuala Lumpur Malaysia,3.2105,101.6569
JLN 8/38A TAMAN SRI SINAR Mukim Batu Kuala Lumpur Malaysia,3.2186,101.6679
JALAN METRO PERDANA BARAT 8 TAMAN USAHAWAN KEPONG Mukim Batu Kuala Lumpur Malaysia,3.2047,101.6512
JALAN 20/38A TMN SRI SINAR INDAH Mukim Batu Kuala Lumpur Malaysia,3.2075,101.6792
JLN 20/38A TMN SRI SINAR INDAH Mukim Batu Kuala Lumpur Malaysia,3.2159,101.6576
DATARAN DWI TASIK BANDAR SRI PERMAISURI Mukim Kuala Lumpur Kuala Lumpur Malaysia,3.1048,101.7147
DATARAN DWITASIK BANDAR SRI PERMAISURI Mukim Kuala Lumpur Kuala Lumpur Malaysia,3.127,101.721
JLN DWITASIK BANDAR SRI PERMAISURI Mukim Kuala Lumpur Kuala Lumpur Malaysia,3.1105,101.7185
JLN DWITASIK 1 BANDAR SRI PERMAISURI Mukim Kuala Lumpur Kuala Lumpur Malaysia,3.1209,101.7077
JLN DWITASIK 2 BANDAR SRI PERMAISURI Mukim Kuala Lumpur Kuala Lumpur Malaysia,3.1285,101.7086
JLN SERI PERMAISURI 9 BANDAR SRI PERMAISURI Mukim Kuala Lumpur Kuala Lumpur Malaysia,3.1173,101.7125
JLN SRI PERMAISURI 8 BANDAR SRI PERMAISURI Mukim Kuala Lumpur Kuala Lumpur Malaysia,3.1122,101.7192
JLN SRI PERMAISURI 9 BANDAR SRI PERMAISURI Mukim Kuala Lumpur Kuala Lumpur Malaysia,3.102,101.706
JALAN BANGKUNG BANGSAR BARU Mukim Kuala Lumpur Kuala Lumpur Malaysia,3.1282,101.6726
JALAN 22A/70A CRYSTALVILLE CENTRE Mukim Kuala Lumpur Kuala Lumpur Malaysia,3.1306,101.7125
JLN 22A/70A CRYSTALVILLE CENTRE Mukim Kuala Lumpur Kuala Lumpur Malaysia,3.1462,101.6937
JLN 22B/70A CRYSTALVILLE CENTRE Mukim Kuala Lumpur Kuala Lumpur Malaysia,3.0738,101.5158
JLN 23/70A CRYSTALVILLE CENTRE Mukim Kuala Lumpur Kuala Lumpur Malaysia,3.1412,101.6942
JLN KASAH DAMANSARA HEIGHTS Mukim Kuala Lumpur Kuala Lumpur Malaysia,3.1596,101.6617
JLN SETIAPUSPA DAMANSARA HEIGHTS Mukim Kuala Lumpur Kuala Lumpur Malaysia,3.1449,101.6857
JLN DANAU LUMAYAN DANAU LUMAYAN BUS CENTRE Mukim Kuala Lumpur Kuala Lumpur Malaysia,3.1323,101.7109
JALAN DESA AMAN 9 DESA AMAN Mukim Kuala Lumpur Kuala Lumpur Malaysia,3.1024,101.685
JALAN DESA  AMAN 11 DESA AMAN Mukim Kuala Lumpur Kuala Lumpur Malaysia,3.094,101.684
JLN 3/109F DESA BUSINESS PARK Mukim Kuala Lumpur Kuala Lumpur Malaysia,3.0896,101.6686
JALAN 1/109E DESA BUSINESS PARK Mukim Kuala Lumpur Kuala Lumpur Malaysia,3.0977,101.7126
JALAN 2/109E DESA BUSINESS PARK Mukim Kuala Lumpur Kuala Lumpur Malaysia,3.095,101.716
JALAN 3/109E DESA BUSINESS PARK Mukim Kuala Lumpur Kuala Lumpur Malaysia,3.1007,101.6841
JALAN 109E DESA BUSINESS PARK Mukim Kuala Lumpur Kuala Lumpur Malaysia,3.0869,101.6956
JLN 1/109E DESA BUSINESS PARK Mukim Kuala Lumpur Kuala Lumpur Malaysia,3.0879,101.7021
JLN 2/109E DESA BUSINESS PARK Mukim Kuala Lumpur Kuala Lumpur Malaysia,3.1016,101.7314
JLN 3/109E DESA BUSINESS PARK Mukim Kuala Lumpur Kuala Lumpur Malaysia,3.104,101.698
JLN 4/109E DESA BUSINESS PARK Mukim Kuala Lumpur Kuala Lumpur Malaysia,3.1059,101.6658
JALAN 26A/70A DESA SRI HARTAMAS Mukim Kuala Lumpur Kuala Lumpur Malaysia,3.1636,101.6497
JALAN 7/132 GASING INDAH Mukim Kuala Lumpur Kuala Lumpur Malaysia,3.1139,101.6689
JLN 7/108C JALAN SUNGAI BESI Mukim Kuala Lumpur Kuala Lumpur Malaysia,3.1119,101.7062
JLN 16 KG CHERAS BARU Mukim Kuala Lumpur Kuala Lumpur Malaysia,3.1087,101.7347
JLN PANTAI MURNI KG.KERINCHI PANTAI DALAM Mukim Kuala Lumpur Kuala Lumpur Malaysia,3.117,101.668
JLN PANTAI MURNI 6 KG.KERINCHI PANTAI DALAM Mukim Kuala Lumpur Kuala Lumpur Malaysia,3.1139,101.6654
JLN PANTAI BARU PANTAI BUSSINES CENTRE Mukim Kuala Lumpur Kuala Lumpur Malaysia,3.1359,101.6869
JALAN 19/70A PRISMA VILLE BUSINESS CENTRE Mukim Kuala Lumpur Kuala Lumpur Malaysia,3.1265,101.6572
JALAN MAAROF TAMAN BUKIT AMAN Mukim Kuala Lumpur Kuala Lumpur Malaysia,3.1436,101.6746
JALAN BUKIT DESA 5 TAMAN BUKIT DESA Mukim Kuala Lumpur Kuala Lumpur Malaysia,3.117,101.69
JLN BUKIT DESA 5 TAMAN BUKIT DESA Mukim Kuala Lumpur Kuala Lumpur Malaysia,3.1187,101.6769
JALAN SELAR TAMAN CANTIK Mukim Kuala Lumpur Kuala Lumpur Malaysia,3.0915,101.6926
JALAN 8/95B TAMAN CHERAS UTAMA Mukim Kuala Lumpur Kuala Lumpur Malaysia,3.076,101.748
JALAN 2/105 TAMAN MIDAH Mukim Kuala Lumpur Kuala Lumpur Malaysia,3.1115,101.7135
JLN 2/105 ( MIDAH SELATAN 6) TAMAN MIDAH Mukim Kuala Lumpur Kuala Lumpur Malaysia,3.1075,101.7375
JALAN MUTIARA RAYA TAMAN MUTIARA Mukim Kuala Lumpur Kuala Lumpur Malaysia,3.1012,101.7416
JLN MUTIARA RAYA TAMAN MUTIARA Mukim Kuala Lumpur Kuala Lumpur Malaysia,3.098,101.695
JALAN SELAR TAMAN PERTAMA Mukim Kuala Lumpur Kuala Lumpur Malaysia,3.123,101.748
JLN MANIS 4 TAMAN SEGAR Mukim Kuala Lumpur Kuala Lumpur Malaysia,3.0869,101.728
JALAN MANIS 1 TAMAN SEGAR Mukim Kuala Lumpur Kuala Lumpur Malaysia,3.0875,101.7425
JALAN MANIS 4 TAMAN SEGAR Mukim Kuala Lumpur Kuala Lumpur Malaysia,3.0931,101.7369
JLN MANIS TAMAN SEGAR Mukim Kuala Lumpur Kuala Lumpur Malaysia,3.0877,101.7333
JLN MANIS 3 TAMAN SEGAR Mukim Kuala Lumpur Kuala Lumpur Malaysia,3.0817,101.7461
JALAN 5/89A OFF JALAN SEKILAU TAMAN SERI MAS Mukim Kuala Lumpur Kuala Lumpur Malaysia,3.1349,101.7117
JALAN SEKILAU TAMAN SERI MAS Mukim Kuala Lumpur Kuala Lumpur Malaysia,3.1273,101.7291
JLN 3/108C TAMAN SUNGAI BESI Mukim Kuala Lumpur Kuala Lumpur Malaysia,3.0711,101.7103
JLN 7/108C TAMAN SUNGAI BESI Mukim Kuala Lumpur Kuala Lumpur Malaysia,3.0796,101.7194
JLN BURHANUDDIN HELMI TAMAN TUN DR ISMAIL Mukim Kuala Lumpur Kuala Lumpur Malaysia,3.139,101.6869
JLN TUN MOHD FUAD TAMAN TUN DR ISMAIL Mukim Kuala Lumpur Kuala Lumpur Malaysia,3.1376,101.6357
JALAN AMINUDDIN BAKI TAMAN TUN DR ISMAIL Mukim Kuala Lumpur Kuala Lumpur Malaysia,3.1375,101.6526
JALAN DATUK SULAIMAN TAMAN TUN DR ISMAIL Mukim Kuala Lumpur Kuala Lumpur Malaysia,3.1412,101.6577
JALAN TUN MOHD FUAD 3 TAMAN TUN DR ISMAIL Mukim Kuala Lumpur Kuala Lumpur Malaysia,3.1479,101.6372
JALAN WAN KADIR TAMAN TUN DR ISMAIL Mukim Kuala Lumpur Kuala Lumpur Malaysia,3.1436,101.6398
JALAN WAN KADIR 1 TAMAN TUN DR ISMAIL Mukim Kuala Lumpur Kuala Lumpur Malaysia,3.1436,101.6291
JALAN WAN KADIR 2 TAMAN TUN DR ISMAIL Mukim Kuala Lumpur Kuala Lumpur Malaysia,3.1319,101.6249
JALAN WAN KADIR 4 TAMAN TUN DR ISMAIL Mukim Kuala Lumpur Kuala Lumpur Malaysia,3.1505,101.6339
JLN DATUK SULAIMAN TAMAN TUN DR ISMAIL Mukim Kuala Lumpur Kuala Lumpur Malaysia,3.1373,101.6362
JLN RAHIM KAJAI 13 TAMAN TUN DR ISMAIL Mukim Kuala Lumpur Kuala Lumpur Malaysia,3.1356,101.6472
JLN TUN MOHD FUAD 1 TAMAN TUN DR ISMAIL Mukim Kuala Lumpur Kuala Lumpur Malaysia,3.1406,101.6869
JLN TUN MOHD FUAD 3 TAMAN TUN DR ISMAIL Mukim Kuala Lumpur Kuala Lumpur Malaysia,3.1383,101.6285
LORONG RAHIM KAJAI 13 TAMAN TUN DR ISMAIL Mukim Kuala Lumpur Kuala Lumpur Malaysia,3.1464,101.6218
LRG RAHIM KAJAI 13 TAMAN TUN DR ISMAIL Mukim Kuala Lumpur Kuala Lumpur Malaysia,3.137,101.651
LRG RAHIM KAJAI 14 TAMAN TUN DR ISMAIL Mukim Kuala Lumpur Kuala Lumpur Malaysia,3.1346,101.6382
PERSIARAN ZAABA TAMAN TUN DR ISMAIL Mukim Kuala Lumpur Kuala Lumpur Malaysia,3.1458,101.6464
TUN MOHD FUAD 2 TAMAN TUN DR ISMAIL Mukim Kuala Lumpur Kuala Lumpur Malaysia,3.1348,101.625
JLN 1/119 TAYNTON VIEW Mukim Kuala Lumpur Kuala Lumpur Malaysia,3.1828,101.7088
JALAN RADIN TENGAH BANDAR BARU SRI PETALING Mukim Petaling Kuala Lumpur Malaysia,3.0729,101.6746
JLN RADIN ANUM 1 BANDAR BARU SRI PETALING Mukim Petaling Kuala Lumpur Malaysia,3.0722,101.6823
"2,3, JLN RADIN ANUM 1 BANDAR BARU SRI PETALING Mukim Petaling Kuala Lumpur Malaysia",3.0785,101.6689
JALAN RADIN ANNUM 1 BANDAR BARU SRI PETALING Mukim Petaling Kuala Lumpur Malaysia,3.0849,101.6918
JALAN RADIN ANUM 1 BANDAR BARU SRI PETALING Mukim Petaling Kuala Lumpur Malaysia,3.0777,101.6796
JALAN RADIN ANUM 2 BANDAR BARU SRI PETALING Mukim Petaling Kuala Lumpur Malaysia,3.0615,101.6987
JALAN RADIN ANUM TENGAH BANDAR BARU SRI PETALING Mukim Petaling Kuala Lumpur Malaysia,3.0796,101.6966
JALAN RADIN BAGUS BANDAR BARU SRI PETALING Mukim Petaling Kuala Lumpur Malaysia,3.0674,101.6906
JALAN RADIN BAGUS 1 BANDAR BARU SRI PETALING Mukim Petaling Kuala Lumpur Malaysia,3.0839,101.6883
JALAN RADIN BAGUS 3 BANDAR BARU SRI PETALING Mukim Petaling Kuala Lumpur Malaysia,3.0679,101.7006
JALAN RADIN BAGUS 5 BANDAR BARU SRI PETALING Mukim Petaling Kuala Lumpur Malaysia,3.0608,101.6707
JALAN RADIN BAGUS 6 BANDAR BARU SRI PETALING Mukim Petaling Kuala Lumpur Malaysia,3.0516,101.6895
JALAN RADIN BAGUS 7 BANDAR BARU SRI PETALING Mukim Petaling Kuala Lumpur Malaysia,3.0657,101.6824
JALAN RADIN BAGUS 9 BANDAR BARU SRI PETALING Mukim Petaling Kuala Lumpur Malaysia,3.0719,101.6838
JALAN RADIN TENGAH (ZONE J6) BANDAR BARU SRI PETALING Mukim Petaling Kuala Lumpur Malaysia,3.0586,101.6878
JLN RADEN BAGUS 7 BANDAR BARU SRI PETALING Mukim Petaling Kuala Lumpur Malaysia,3.065,101.683
JLN RADEN TENGAH BANDAR BARU SRI PETALING Mukim Petaling Kuala Lumpur Malaysia,3.0728,101.6773
JLN RADIN ANUM 2 BANDAR BARU SRI PETALING Mukim Petaling Kuala Lumpur Malaysia,3.0595,101.6897
JLN RADIN BAGUS 3 BANDAR BARU SRI PETALING Mukim Petaling Kuala Lumpur Malaysia,3.0756,101.6732
JLN RADIN BAGUS 5 BANDAR BARU SRI PETALING Mukim Petaling Kuala Lumpur Malaysia,3.0588,101.6879
JLN RADIN BAGUS 7 BANDAR BARU SRI PETALING Mukim Petaling Kuala Lumpur Malaysia,3.081,101.681
JLN RADIN BAGUS 8 BANDAR BARU SRI PETALING Mukim Petaling Kuala Lumpur Malaysia,3.0745,101.6892
JLN RADIN TENGAH BANDAR BARU SRI PETALING Mukim Petaling Kuala Lumpur Malaysia,3.0856,101.6813
LORONG RADEN BAGUS 5 BANDAR BARU SRI PETALING Mukim Petaling Kuala Lumpur Malaysia,3.0529,101.6858
RADIN ANUM BANDAR BARU SRI PETALING Mukim Petaling Kuala Lumpur Malaysia,3.0606,101.6918
JALAN 1C/149 CASTLEFIELD GARDEN Mukim Petaling Kuala Lumpur Malaysia,3.0822,101.6667
ALAM DAMAI DAMAI CIRCLES BUSINESS SUITES(FASA 6(2)) Mukim Petaling Kuala Lumpur Malaysia,3.091,101.746
JALAN DAMAI RAYA 2 DAMAI CIRCLES BUSINESS SUITES(FASA 6(2)) Mukim Petaling Kuala Lumpur Malaysia,3.058,101.621
JALAN DAMAI RAYA 6 DAMAI CIRCLES BUSINESS SUITES(FASA 6(2)) Mukim Petaling Kuala Lumpur Malaysia,3.0712,101.6508
JALAN 9/125D DESA PETALING Mukim Petaling Kuala Lumpur Malaysia,3.0829,101.6862
JLN 3/125D DESA PETALING Mukim Petaling Kuala Lumpur Malaysia,3.091,101.684
JLN PASIR PUTIH JALAN KELANG LAMA Mukim Petaling Kuala Lumpur Malaysia,3.0848,101.6461
JALAN MEGA KOMPLEKS BANDAR Mukim Petaling Kuala Lumpur Malaysia,3.0985,101.6737
JALAN MEGA MENDUNG KOMPLEKS BANDAR Mukim Petaling Kuala Lumpur Malaysia,3.0656,101.6885
JLN MEGA MENDUNG KOMPLEKS BANDAR Mukim Petaling Kuala Lumpur Malaysia,3.1006,101.6445
JLN 1/127 KUCHAI BUSINESS PARK Mukim Petaling Kuala Lumpur Malaysia,3.106,101.686
JALAN KHUCHAI MAJU 8 KUCHAI ENTREPRENEURS PARK Mukim Petaling Kuala Lumpur Malaysia,3.095,101.685
JALAN KUCHAI MAJU 8 KUCHAI ENTREPRENEURS PARK Mukim Petaling Kuala Lumpur Malaysia,3.1046,101.6742
JALAN MAJU 1 KUCHAI ENTREPRENEURS PARK Mukim Petaling Kuala Lumpur Malaysia,3.1029,101.7077
JLN KUCHAI MAJU 7 KUCHAI ENTREPRENEURS PARK Mukim Petaling Kuala Lumpur Malaysia,3.0969,101.6784
JLN KUCHAI MAJU 18 KUCHAI ENTREPRENEURS PARK Mukim Petaling Kuala Lumpur Malaysia,3.0769,101.6782
JLN KUCHAI MAJU 19 KUCHAI ENTREPRENEURS PARK Mukim Petaling Kuala Lumpur Malaysia,3.0949,101.6865
OUG SQUARE OUG SQUARE Mukim Petaling Kuala Lumpur Malaysia,3.0829,101.6843
JALAN AWAN MAKMUR 1 OUG SQUARE Mukim Petaling Kuala Lumpur Malaysia,3.0807,101.6736
PLAZA PUCHONG PLAZA PUCHONG Mukim Petaling Kuala Lumpur Malaysia,3.0206,101.6164
"1-1, 2-1, JALAN PUCHONG MESRA 2 PLAZA PUCHONG Mukim Petaling Kuala Lumpur Malaysia",3.0419,101.6528
"21-1-1, 21-2, JALAN PUCHONG MESRA 2 PLAZA PUCHONG Mukim Petaling Kuala Lumpur Malaysia",3.0257,101.6322
JALAN PUCHONG MESRA 1 PLAZA PUCHONG Mukim Petaling Kuala Lumpur Malaysia,3.0587,101.6434
JALAN PUCHONG MESRA 2 PLAZA PUCHONG Mukim Petaling Kuala Lumpur Malaysia,3.0328,101.6426
JLN PUCHONG MESRA 1 PLAZA PUCHONG Mukim Petaling Kuala Lumpur Malaysia,3.026,101.618
Jln Puchong Mesra 3 PLAZA PUCHONG Mukim Petaling Kuala Lumpur Malaysia,3.0544,101.6458
"J-3-1, J-3-2&J-3-3, PERSIARAN JALIL 1(PPBB@PAVILLIO PUSAT PERDAGANGAN @ PAVILION BUKIT JALIL Mukim Petaling Kuala Lumpur Malaysia",3.0578,101.6832
"P-10-1, P-10-2&P-10-3, PERSIARAN JALIL 1(PPBB@PAVIL PUSAT PERDAGANGAN @ PAVILION BUKIT JALIL Mukim Petaling Kuala Lumpur Malaysia",3.0508,101.6778
PERSIARAN JALIL 1(PPBB@PAVIL PUSAT PERDAGANGAN @ PAVILION BUKIT JALIL Mukim Petaling Kuala Lumpur Malaysia,3.0545,101.6754
PERSIARAN JALIL 1(PPBB@PAVILL PUSAT PERDAGANGAN @ PAVILION BUKIT JALIL Mukim Petaling Kuala Lumpur Malaysia,3.0542,101.6722
PERSIARAN JALIL 1(PPBB@PAVILLIO PUSAT PERDAGANGAN @ PAVILION BUKIT JALIL Mukim Petaling Kuala Lumpur Malaysia,3.0519,101.6667
PERSIARAN JALIL 1(PPBB@PAVILLION PUSAT PERDAGANGAN @ PAVILION BUKIT JALIL Mukim Petaling Kuala Lumpur Malaysia,3.0569,101.6776
PERSIARAN JALIL 1(PPBB@PAVILLION) PUSAT PERDAGANGAN @ PAVILION BUKIT JALIL Mukim Petaling Kuala Lumpur Malaysia,3.0636,101.6866
PERSIARAN JALIL 3(PPBB@PAVILL PUSAT PERDAGANGAN @ PAVILION BUKIT JALIL Mukim Petaling Kuala Lumpur Malaysia,3.0595,101.6889
PERSIARAN JALIL 3(PPBB@PAVILLION PUSAT PERDAGANGAN @ PAVILION BUKIT JALIL Mukim Petaling Kuala Lumpur Malaysia,3.0632,101.6582
JLN MENARA GADING TAMAN CONNAUGHT (TAMAN SRI CENDIKIA) Mukim Petaling Kuala Lumpur Malaysia,3.0845,101.7385
JLN MENARA GADING 1 TAMAN CONNAUGHT (TAMAN SRI CENDIKIA) Mukim Petaling Kuala Lumpur Malaysia,3.0985,101.7279
(LOT 50 BLK 6) TAMAN ESPLANAD Mukim Petaling Kuala Lumpur Malaysia,3.106,101.677
JALAN JALIL JAYA TAMAN ESPLANAD Mukim Petaling Kuala Lumpur Malaysia,3.0333,101.7167
JLN JALIL JAYA 3 TAMAN ESPLANAD Mukim Petaling Kuala Lumpur Malaysia,3.0775,101.6699
JLN 13/142 TAMAN ORKID DESA Mukim Petaling Kuala Lumpur Malaysia,3.086,101.675
JLN 3/152 TAMAN PERINDUSTRIAN OUG Mukim Petaling Kuala Lumpur Malaysia,3.0605,101.6768
JLN 5/152 TAMAN PERINDUSTRIAN OUG Mukim Petaling Kuala Lumpur Malaysia,3.0969,101.6739
JLN DATO HAJI 1 TAMAN TAN YEW LAI Mukim Petaling Kuala Lumpur Malaysia,3.0867,101.6766
JLN DATO HAJI 2 TAMAN TAN YEW LAI Mukim Petaling Kuala Lumpur Malaysia,3.1047,101.6722
JLN DATUK HAJI 1 TAMAN TAN YEW LAI Mukim Petaling Kuala Lumpur Malaysia,3.1009,101.6863
JLN DATUK HAJI 2 TAMAN TAN YEW LAI Mukim Petaling Kuala Lumpur Malaysia,3.0825,101.6756
JLN DATUK HAJI SATU TAMAN TAN YEW LAI Mukim Petaling Kuala Lumpur Malaysia,3.0827,101.6909
PERSIARAN JALIL UTAMA(PPBB@PAVILLION THE PARK @ PAVILION BUKIT JALIL Mukim Petaling Kuala Lumpur Malaysia,3.0557,101.6889
PERSIARAN JALIL UTAMA(PPBB@PAVILLION) THE PARK @ PAVILION BUKIT JALIL Mukim Petaling Kuala Lumpur Malaysia,3.0545,101.6752
"21-1,21-2, JLN TASIK UTAMA 4 THE TRILLIUM Mukim Petaling Kuala Lumpur Malaysia",3.1268,101.6481
JALAN TASIK UTAMA 5 THE TRILLIUM Mukim Petaling Kuala Lumpur Malaysia,3.0717,101.6469
JALAN TASIK UTAMA 7 THE TRILLIUM Mukim Petaling Kuala Lumpur Malaysia,3.0725,101.595
JALAN TASIK UTAMA 9 THE TRILLIUM Mukim Petaling Kuala Lumpur Malaysia,3.0737,101.6229
JALAN TASIK UTAMA 10 THE TRILLIUM Mukim Petaling Kuala Lumpur Malaysia,3.0797,101.6696
JLN TASIK UTAMA 3 THE TRILLIUM Mukim Petaling Kuala Lumpur Malaysia,3.1097,101.6669
JLN TASIK UTAMA 4 THE TRILLIUM Mukim Petaling Kuala Lumpur Malaysia,3.115,101.655
JLN TASIK UTAMA 5 THE TRILLIUM Mukim Petaling Kuala Lumpur Malaysia,3.0479,101.6096
JLN TASIK UTAMA 6 THE TRILLIUM Mukim Petaling Kuala Lumpur Malaysia,3.1065,101.6828
JLN TASIK UTAMA 7 THE TRILLIUM Mukim Petaling Kuala Lumpur Malaysia,3.0749,101.6072
JLN TASIK UTAMA 8 THE TRILLIUM Mukim Petaling Kuala Lumpur Malaysia,3.0828,101.593
JLN TASIK UTAMA 9 THE TRILLIUM Mukim Petaling Kuala Lumpur Malaysia,3.0748,101.6152
JLN TASIK UTAMA 10 THE TRILLIUM Mukim Petaling Kuala Lumpur Malaysia,3.125,101.663
JALAN 2/2F BANDAR BARU WANGSA MAJU Mukim Setapak Kuala Lumpur Malaysia,3.2128,101.7419
JLN 2A/27A BANDAR BARU WANGSA MAJU Mukim Setapak Kuala Lumpur Malaysia,3.1913,101.7249
"27-1 & 27-2, JALAN 3/23A DANAU KOTA Mukim Setapak Kuala Lumpur Malaysia",3.2077,101.7342
"29-1 & 29-2, JALAN 3/23A DANAU KOTA Mukim Setapak Kuala Lumpur Malaysia",3.2029,101.7215
"31-1 & 31-2, JALAN 3/23A DANAU KOTA Mukim Setapak Kuala Lumpur Malaysia",3.1815,101.7278
"33-1 & 33-2, JALAN 3/23A DANAU KOTA Mukim Setapak Kuala Lumpur Malaysia",3.1817,101.7188
"35-1 & 35-2, JALAN 3/23A DANAU KOTA Mukim Setapak Kuala Lumpur Malaysia",3.1821,101.7153
JALAN 3/23A DANAU KOTA Mukim Setapak Kuala Lumpur Malaysia,3.1776,101.7243
JLN 2/23A DANAU KOTA Mukim Setapak Kuala Lumpur Malaysia,3.1819,101.7211
JLN 3/23A DANAU KOTA Mukim Setapak Kuala Lumpur Malaysia,3.195,101.728
JLN 9/23E DANAU KOTA Mukim Setapak Kuala Lumpur Malaysia,3.1872,101.7268
LORONG DATARAN WANGSA DATARAN WANGSA Mukim Setapak Kuala Lumpur Malaysia,3.2045,101.7362
2/4C DESA MELAWATI Mukim Setapak Kuala Lumpur Malaysia,3.2016,101.7488
JALAN 3/4C DESA MELAWATI Mukim Setapak Kuala Lumpur Malaysia,3.2275,101.7442
JLN 2/4C DESA MELAWATI Mukim Setapak Kuala Lumpur Malaysia,3.2306,101.7489
JLN 4/4C DESA MELAWATI Mukim Setapak Kuala Lumpur Malaysia,3.1957,101.7372
JLN GENTING KLANG JALAN GENTING KELANG Mukim Setapak Kuala Lumpur Malaysia,3.194,101.721
JLN BUNGA MELATI OFF JLN GOMBAK JALAN GOMBAK Mukim Setapak Kuala Lumpur Malaysia,3.2117,101.7276
JALAN 1/27F KLSC Mukim Setapak Kuala Lumpur Malaysia,3.1956,101.7236
JLN 1/27F KLSC Mukim Setapak Kuala Lumpur Malaysia,3.209,101.741
JLN WANGSA DELIMA 6 KLSC Mukim Setapak Kuala Lumpur Malaysia,3.1869,101.7421
JALAN JERNAI 2 MEDAN IDAMAN Mukim Setapak Kuala Lumpur Malaysia,3.1949,101.7045
JALAN 6/21D MEDAN IDAMAN Mukim Setapak Kuala Lumpur Malaysia,3.2042,101.7226
JLN 2/21D MEDAN IDAMAN Mukim Setapak Kuala Lumpur Malaysia,3.2059,101.7198
JLN 4/21D MEDAN IDAMAN Mukim Setapak Kuala Lumpur Malaysia,3.1892,101.7225
JLN 6/21D MEDAN IDAMAN Mukim Setapak Kuala Lumpur Malaysia,3.2042,101.7101
JLN DANAU NIAGA PLAZA CRYSTALVILLE @ SETAPAK Mukim Setapak Kuala Lumpur Malaysia,3.1919,101.7314
JLN GENTING KELANG PLAZA CRYSTALVILLE @ SETAPAK Mukim Setapak Kuala Lumpur Malaysia,3.2085,101.7206
JALAN SINAR SENTUL PUSAT KOMERSIAL SINAR SENTUL Mukim Setapak Kuala Lumpur Malaysia,3.197,101.689
JALAN SINAR SENTUL 1 PUSAT KOMERSIAL SINAR SENTUL Mukim Setapak Kuala Lumpur Malaysia,3.185,101.694
JLN RAMPAI NIAGA 1 RAMPAI BUSINESS PARK Mukim Setapak Kuala Lumpur Malaysia,3.1985,101.7198
JLN RAMPAI NIAGA 5 RAMPAI BUSINESS PARK Mukim Setapak Kuala Lumpur Malaysia,3.1995,101.718
JLN PRIMA SETAPAK 5 SETAPAK COMMERCIAL CENTRE Mukim Setapak Kuala Lumpur Malaysia,3.1978,101.7304
JALAN REJANG 7 SETAPAK JAYA Mukim Setapak Kuala Lumpur Malaysia,3.2046,101.7316
JLN REJANG 7 SETAPAK JAYA Mukim Setapak Kuala Lumpur Malaysia,3.194,101.729
JALAN TAMAN IBU KOTA (STARPARC P STARPARC POINT Mukim Setapak Kuala Lumpur Malaysia,3.1856,101.7231
JALAN DATO SENU 4 TAMAN DATUK SENU Mukim Setapak Kuala Lumpur Malaysia,3.1798,101.7269
JLN TMN PELANGI TAMAN PELANGI Mukim Setapak Kuala Lumpur Malaysia,3.1833,101.7315
JALAN 2A/6 TAMAN SETAPAK INDAH Mukim Setapak Kuala Lumpur Malaysia,3.1979,101.7287
JLN 2A/6 TAMAN SETAPAK INDAH Mukim Setapak Kuala Lumpur Malaysia,3.208,101.724
JLN 45/26 TAMAN SRI RAMPAI Mukim Setapak Kuala Lumpur Malaysia,3.1965,101.7417
JALAN 42/26 TAMAN SRI RAMPAI Mukim Setapak Kuala Lumpur Malaysia,3.1998,101.7393
JALAN 45/26 TAMAN SRI RAMPAI Mukim Setapak Kuala Lumpur Malaysia,3.1905,101.7402
JLN 42/26 TAMAN SRI RAMPAI Mukim Setapak Kuala Lumpur Malaysia,3.2035,101.7373
JLN 45A/26 TAMAN SRI RAMPAI Mukim Setapak Kuala Lumpur Malaysia,3.2156,101.7273
JLN 46/26 TAMAN SRI RAMPAI Mukim Setapak Kuala Lumpur Malaysia,3.2129,101.7426
JLN 46A/26 TAMAN SRI RAMPAI Mukim Setapak Kuala Lumpur Malaysia,3.1935,101.7207
JLN 46B/26 TAMAN SRI RAMPAI Mukim Setapak Kuala Lumpur Malaysia,3.1968,101.7297
JLN 1/23F TAMAN TERATAI MEWAH Mukim Setapak Kuala Lumpur Malaysia,3.1956,101.7318
JLN 3/3F OFF JLN LANGKAWI TAMAN TERATAI MEWAH Mukim Setapak Kuala Lumpur Malaysia,3.1869,101.7335
JLN USAHAWAN 7 WANGSA BIZ AVENUE Mukim Setapak Kuala Lumpur Malaysia,3.2115,101.7407
JLN WANGSA NIAGA WANGSA BIZ AVENUE Mukim Setapak Kuala Lumpur Malaysia,3.1998,101.7349
"18-1 & 18-2, JALAN WANGSA SETIA 4 WANGSA MELAWATI Mukim Setapak Kuala Lumpur Malaysia",3.2059,101.7395
JALAN WANGSA SETIA 3 WANGSA MELAWATI Mukim Setapak Kuala Lumpur Malaysia,3.195,101.737
JALAN WANGSA SETIA 4 WANGSA MELAWATI Mukim Setapak Kuala Lumpur Malaysia,3.1995,101.7452
JLN WANGSA SETIA 4 WANGSA MELAWATI Mukim Setapak Kuala Lumpur Malaysia,3.2097,101.7465
JALAN METROWANGSA WANGSA MERTOVIEW Mukim Setapak Kuala Lumpur Malaysia,3.1908,101.7348
JALAN MEDAN NIAGA 2 BDR BARU KUALA SELANGOR Bandar Kuala Selangor Kuala Selangor Malaysia,3.339,101.252
JLN RAJA JALIL KUALA SELANGOR Bandar Kuala Selangor Kuala Selangor Malaysia,3.337,101.251
JALAN 2 PEKAN TANJUNG KARANG Bandar Tanjung Karang Kuala Selangor Malaysia,3.463,101.247
JALAN KP 1 PEKAN TANJUNG KARANG Bandar Tanjung Karang Kuala Selangor Malaysia,3.418,101.245
JLN KP1 PEKAN TANJUNG KARANG Bandar Tanjung Karang Kuala Selangor Malaysia,3.4459,101.2466
JLN MAKMUR 1 TMN MAKMUR Bandar Tanjung Karang Kuala Selangor Malaysia,3.523,101.238
JALAN MUTIARA 1 TAMAN MUTIARA Hujung Permatang Kuala Selangor Malaysia,3.315,101.241
JALAN BSC 2C/2 BDR SERI COALFIELDS Ijok Kuala Selangor Malaysia,3.247,101.427
JALAN BARIUM BT 22 IJOK (P/L 7069) Ijok Kuala Selangor Malaysia,3.2747,101.3511
JLN KUALA SELANGOR BT 22 IJOK (P/L 7069) Ijok Kuala Selangor Malaysia,3.344,101.499
ECO GRAND ECO GRANDEUR Ijok Kuala Selangor Malaysia,3.2477,101.4277
JALAN ECO GRANDEUR 1/9 ECO GRANDEUR Ijok Kuala Selangor Malaysia,3.2406,101.5119
JALAN ECO GRANDEUR 1/9A ECO GRANDEUR Ijok Kuala Selangor Malaysia,3.2778,101.4808
JLN SP 11/1 SERI PRISTANA BUSINESS CENTRE Ijok Kuala Selangor Malaysia,3.237,101.424
JLN SP 11/3 SERI PRISTANA BUSINESS CENTRE Ijok Kuala Selangor Malaysia,3.3496,101.4548
JLN SP 11/1 SRI PRISTANA BUSINESS CENTRE Ijok Kuala Selangor Malaysia,3.2469,101.5319
JLN BIDARA 7/1 TMN SAUJANA UTAMA Ijok Kuala Selangor Malaysia,3.3976,101.3718
JLN GAYA MERAK 1 TMN GAYA MERAK Pekan Asam Jawa Kuala Selangor Malaysia,3.278,101.2707
JALAN SERI PENAMBANG 2 KS BOTANIC Pekan Pasir Penambang Kuala Selangor Malaysia,3.3378,101.2524
JLN IJOK JAYA SEKSYEN 2/1 TMN IJOK JAYA Pekan Simpang Tiga Ijok Kuala Selangor Malaysia,3.2333,101.4236
JLN IJOK UTAMA 1 TMN IJOK UTAMA Pekan Simpang Tiga Ijok Kuala Selangor Malaysia,3.285,101.486
JLN IJOK JAYA SEKSYEN 2/1 TMN IJOK UTAMA Pekan Simpang Tiga Ijok Kuala Selangor Malaysia,3.275,101.308
JALAN 2 PEKAN TANJUNG KARANG Pekan Tanjung Karang Kuala Selangor Malaysia,3.4406,101.1775
JALAN 2 PEKAN TANJUNG KARANG Tanjung Karang Kuala Selangor Malaysia,3.4236,101.2465
JLN 2 PEKAN TANJUNG KARANG Tanjung Karang Kuala Selangor Malaysia,3.4314,101.176
JALAN 2 TMN TG. KARANG BARU Tanjung Karang Kuala Selangor Malaysia,3.1127,101.2486
JLN SS 6/5B GLOMAC SQUARE Bandar Petaling Jaya Petaling Malaysia,3.0729,101.6046
JLN 1/19 PETALING JAYA SEK 1 & 1A Bandar Petaling Jaya Petaling Malaysia,3.1105,101.6321
JLN 8/1D PETALING JAYA SEKSYEN 8 Bandar Petaling Jaya Petaling Malaysia,3.1096,101.6364
JLN BARAT PETALING JAYA SEKSYEN 8 Bandar Petaling Jaya Petaling Malaysia,3.0983,101.6469
JLN 14/14 PETALING JAYA SEKSYEN 14 Bandar Petaling Jaya Petaling Malaysia,3.1139,101.6447
JLN 14/20 PETALING JAYA SEKSYEN 14 Bandar Petaling Jaya Petaling Malaysia,3.1094,101.6288
JALAN 17/45 PETALING JAYA SEKSYEN 17 Bandar Petaling Jaya Petaling Malaysia,3.1286,101.6393
JLN 17/45 PETALING JAYA SEKSYEN 17 Bandar Petaling Jaya Petaling Malaysia,3.1175,101.6322
JLN 18/14 PETALING JAYA SEKSYEN 18 Bandar Petaling Jaya Petaling Malaysia,3.1103,101.6338
JLN 20/16A PETALING JAYA SEKSYEN 20 Bandar Petaling Jaya Petaling Malaysia,3.1008,101.6544
JLN 52/4 PETALING JAYA SEKSYEN 52 Bandar Petaling Jaya Petaling Malaysia,3.094,101.629
JLN SS 2/60 SS 2 PETALING JAYA Bandar Petaling Jaya Petaling Malaysia,3.1256,101.6084
JALAN SS 2/66 SS 2 PETALING JAYA Bandar Petaling Jaya Petaling Malaysia,3.111,101.625
JALAN SS 2/67 SS 2 PETALING JAYA Bandar Petaling Jaya Petaling Malaysia,3.1159,101.6264
JLN SS 2/61 SS 2 PETALING JAYA Bandar Petaling Jaya Petaling Malaysia,3.1048,101.6234
JLN SS 2/66 SS 2 PETALING JAYA Bandar Petaling Jaya Petaling Malaysia,3.1227,101.6152
JLN SS 2/67 SS 2 PETALING JAYA Bandar Petaling Jaya Petaling Malaysia,3.1223,101.6292
JLN SS 2/75 SS 2 PETALING JAYA Bandar Petaling Jaya Petaling Malaysia,3.1139,101.6157
JLN SS2/24 SS 2 PETALING JAYA Bandar Petaling Jaya Petaling Malaysia,3.1127,101.6115
JLN SS2/75 SS 2 PETALING JAYA Bandar Petaling Jaya Petaling Malaysia,3.1117,101.6073
JLN SS 3/5 SS 3 PETALING JAYA Bandar Petaling Jaya Petaling Malaysia,3.0986,101.6059
JALAN SS4C/5 SS 4 PETALING JAYA Bandar Petaling Jaya Petaling Malaysia,3.099,101.624
JLN SS 4C/5 SS 4 PETALING JAYA Bandar Petaling Jaya Petaling Malaysia,3.106,101.638
JALAN SS7/13B SS 7 PETALING JAYA Bandar Petaling Jaya Petaling Malaysia,3.1089,101.6212
JLN SS 7/10 SS 7 PETALING JAYA Bandar Petaling Jaya Petaling Malaysia,3.1048,101.6303
JLN SS 20/10 SS 20 DAMANSARA UTAMA Bandar Petaling Jaya Petaling Malaysia,3.1359,101.6186
JALAN SS 21/37 SS 21 DAMANSARA UTAMA Bandar Petaling Jaya Petaling Malaysia,3.1275,101.6308
JLN SS 21/1A SS 21 DAMANSARA UTAMA Bandar Petaling Jaya Petaling Malaysia,3.1304,101.6216
JLN SS 21/35 SS 21 DAMANSARA UTAMA Bandar Petaling Jaya Petaling Malaysia,3.1219,101.6218
JLN SS 21/37 SS 21 DAMANSARA UTAMA Bandar Petaling Jaya Petaling Malaysia,3.1325,101.6333
JLN SS 21/39 SS 21 DAMANSARA UTAMA Bandar Petaling Jaya Petaling Malaysia,3.1243,101.6236
JLN SS 21/56B SS 21 DAMANSARA UTAMA Bandar Petaling Jaya Petaling Malaysia,3.1332,101.6239
JLN SS 21/58 SS 21 DAMANSARA UTAMA Bandar Petaling Jaya Petaling Malaysia,3.1309,101.6379
JLN SS 21/62 SS 21 DAMANSARA UTAMA Bandar Petaling Jaya Petaling Malaysia,3.1326,101.6274
JLN SS21/35 SS 21 DAMANSARA UTAMA Bandar Petaling Jaya Petaling Malaysia,3.1276,101.6219
JLN SS21/37 SS 21 DAMANSARA UTAMA Bandar Petaling Jaya Petaling Malaysia,3.1304,101.6218
SS21/58 SS 21 DAMANSARA UTAMA Bandar Petaling Jaya Petaling Malaysia,3.1343,101.6106
JLN SS 24/2 SS 24 TAMAN MEGAH Bandar Petaling Jaya Petaling Malaysia,3.1039,101.6403
JLN SS 24/11 SS 24 TAMAN MEGAH Bandar Petaling Jaya Petaling Malaysia,3.0773,101.5926
JLN SS 24/13 SS 24 TAMAN MEGAH Bandar Petaling Jaya Petaling Malaysia,3.1072,101.6066
"JALAN SS 25/35 SS 25, PETALING JAYA Bandar Petaling Jaya Petaling Malaysia",3.099,101.636
"JLN SS 25/23 SS 25, PETALING JAYA Bandar Petaling Jaya Petaling Malaysia",3.1156,101.6367
"JLN SS 25/35 SS 25, PETALING JAYA Bandar Petaling Jaya Petaling Malaysia",3.1249,101.6544
JLN SS 26/4 SS 26 TMN MAYANG JAYA Bandar Petaling Jaya Petaling Malaysia,3.095,101.65
JLN SS 26/6 SS 26 TMN MAYANG JAYA Bandar Petaling Jaya Petaling Malaysia,3.1079,101.6064
JLN SS 26/8 SS 26 TMN MAYANG JAYA Bandar Petaling Jaya Petaling Malaysia,3.1003,101.6385
"JLN TUKUL N 15/N SEK. 15, SHAH ALAM Bandar Shah Alam Petaling Malaysia",3.0827,101.5201
"JLN TUKUL N15/N SEK. 15, SHAH ALAM Bandar Shah Alam Petaling Malaysia",3.0734,101.5167
"JLN TUKUL P 15/P SEK. 15, SHAH ALAM Bandar Shah Alam Petaling Malaysia",3.0738,101.5328
"JLN UTAS 15/D SEK. 15, SHAH ALAM Bandar Shah Alam Petaling Malaysia",3.0604,101.5169
JLN PADANG JAWA SEK. 16 SHAH ALAM Bandar Shah Alam Petaling Malaysia,3.0852,101.5178
JLN PADANG JAWA (SEBELAH SURIA JAYA) SEK. 16 SHAH ALAM Bandar Shah Alam Petaling Malaysia,3.0497,101.5131
"JALAN NELAYAN 19/A SEK. 19, SHAH ALAM Bandar Shah Alam Petaling Malaysia",3.0833,101.5333
"JALAN  NELAYAN A19/A SEK. 19, SHAH ALAM Bandar Shah Alam Petaling Malaysia",3.0886,101.5133
"JLN NELAYAN  19/A SEK. 19, SHAH ALAM Bandar Shah Alam Petaling Malaysia",3.0738,101.5201
"JLN NELAYAN A 19/A SEK. 19, SHAH ALAM Bandar Shah Alam Petaling Malaysia",3.0675,101.533
"JLN NELAYAN B 19/B SEK. 19, SHAH ALAM Bandar Shah Alam Petaling Malaysia",3.064,101.522
"JLN C 20/C SEK. 20, SHAH ALAM Bandar Shah Alam Petaling Malaysia",3.0717,101.5228
"JLN SINGA C20/C SEK. 20, SHAH ALAM Bandar Shah Alam Petaling Malaysia",3.0645,101.4957
"JLN PELABUR A23/A SEK. 23, SHAH ALAM Bandar Shah Alam Petaling Malaysia",3.0732,101.5183
"JLN PELABUR B23/B SEK. 23, SHAH ALAM Bandar Shah Alam Petaling Malaysia",3.0744,101.5188
"PELABUR A 23/A SEK. 23, SHAH ALAM Bandar Shah Alam Petaling Malaysia",3.0559,101.5398
JLN PLUMBUM Q7/Q SEKSYEN 7 - SHAH ALAM Bandar Shah Alam Petaling Malaysia,3.0796,101.5173
JLN PLUMBUM R 7/R SEKSYEN 7 - SHAH ALAM Bandar Shah Alam Petaling Malaysia,3.0738,101.5183
JLN PLUMBUM R7/R SEKSYEN 7 - SHAH ALAM Bandar Shah Alam Petaling Malaysia,3.0719,101.5145
JLN Q 7/Q SEKSYEN 7 - SHAH ALAM Bandar Shah Alam Petaling Malaysia,3.0817,101.5183
JLN ZIKRON E7/E SEKSYEN 7 - SHAH ALAM Bandar Shah Alam Petaling Malaysia,3.0777,101.5179
JLN ZIKRON F 7/F SEKSYEN 7 - SHAH ALAM Bandar Shah Alam Petaling Malaysia,3.0759,101.5164
JLN ZIRKON E7/E SEKSYEN 7 - SHAH ALAM Bandar Shah Alam Petaling Malaysia,3.0667,101.5167
JLN ZIRKON F 7/F SEKSYEN 7 - SHAH ALAM Bandar Shah Alam Petaling Malaysia,3.0733,101.5211
JLN ZIRKON F7/F SEKSYEN 7 - SHAH ALAM Bandar Shah Alam Petaling Malaysia,3.0778,101.5228
ZIKRON F7/F SEKSYEN 7 - SHAH ALAM Bandar Shah Alam Petaling Malaysia,3.0739,101.5183
JLN J 9/J SEKSYEN 9 - SHAH ALAM Bandar Shah Alam Petaling Malaysia,3.0738,101.5247
JALAN 9/J SEKSYEN 9 - SHAH ALAM Bandar Shah Alam Petaling Malaysia,3.0727,101.5183
JALAN J 9/J SEKSYEN 9 - SHAH ALAM Bandar Shah Alam Petaling Malaysia,3.0867,101.5326
JALAN TENGKU AMPUAN ZABEDAH K 9/K SEKSYEN 9 - SHAH ALAM Bandar Shah Alam Petaling Malaysia,3.0736,101.5281
JLN TENGKU AMPUAN ZABEDAH J 9/J SEKSYEN 9 - SHAH ALAM Bandar Shah Alam Petaling Malaysia,3.0686,101.5183
TENGKU AMPUAN ZABEDAH E/9E SEKSYEN 9 - SHAH ALAM Bandar Shah Alam Petaling Malaysia,3.081,101.515
JLN BOLA  JARING 13/14 SEKSYEN 13 - SHAH ALAM Bandar Shah Alam Petaling Malaysia,3.0833,101.5333
JLN BOLA JARING 13/15 SEKSYEN 13 - SHAH ALAM Bandar Shah Alam Petaling Malaysia,3.0855,101.531
JLN BOLA TAMPAR 13/14 SEKSYEN 13 - SHAH ALAM Bandar Shah Alam Petaling Malaysia,3.083,101.53
JALAN SS 15/4B SS 14 & SS 15 Bandar Subang Jaya Petaling Malaysia,3.0626,101.5879
JALAN SS 15/4C SS 14 & SS 15 Bandar Subang Jaya Petaling Malaysia,3.0769,101.5868
JALAN SS 15/4E SS 14 & SS 15 Bandar Subang Jaya Petaling Malaysia,3.0807,101.5931
JLN SS 15/4 SS 14 & SS 15 Bandar Subang Jaya Petaling Malaysia,3.067,101.593
JLN SS 15/4B SS 14 & SS 15 Bandar Subang Jaya Petaling Malaysia,3.0772,101.5918
JLN SS 15/4C SS 14 & SS 15 Bandar Subang Jaya Petaling Malaysia,3.0767,101.5938
JLN SS 15/4E SS 14 & SS 15 Bandar Subang Jaya Petaling Malaysia,3.0779,101.5882
JLN SS 15/5A SS 14 & SS 15 Bandar Subang Jaya Petaling Malaysia,3.0769,101.5868
JLN SS15/4C SS 14 & SS 15 Bandar Subang Jaya Petaling Malaysia,3.0833,101.5833
JALAN MUTIARA TROPICANA 3 MUTIARA TROPICANA Bdr Damansara Petaling Malaysia,3.1517,101.5986
JLN B U1/B HICOM GLENMARIE IND. PARK Bdr Glenmarie Petaling Malaysia,3.106,101.593
JLN JURUWANG A U1/A HICOM GLENMARIE IND. PARK Bdr Glenmarie Petaling Malaysia,3.0833,101.5833
JLN PEKEDAI U1/36 HICOM GLENMARIE IND. PARK Bdr Glenmarie Petaling Malaysia,3.0885,101.5621
JLN PRESIDEN  F U1/F HICOM GLENMARIE IND. PARK Bdr Glenmarie Petaling Malaysia,3.1197,101.5938
JLN U1/34 HICOM GLENMARIE IND. PARK Bdr Glenmarie Petaling Malaysia,3.0699,101.5866
"JLN A U1/53A TEMASYA IND. PARK, SHAH ALAM Bdr Glenmarie Petaling Malaysia",3.1105,101.5897
"JLN A U1/53A (TEMASYA SQUARE) TEMASYA IND. PARK, SHAH ALAM Bdr Glenmarie Petaling Malaysia",3.0989,101.5836
"JLN PELUKIS U1/46 TEMASYA IND. PARK, SHAH ALAM Bdr Glenmarie Petaling Malaysia",3.075,101.575
JALAN PJS 5/28 PETALING JAYA COMMERCIAL CITY (PJS 5) Bdr Petaling Jaya Selatan Petaling Malaysia,3.0775,101.6245
JALAN PJS 5/28B PETALING JAYA COMMERCIAL CITY (PJS 5) Bdr Petaling Jaya Selatan Petaling Malaysia,3.079,101.607
JALAN PJS 5/30 PETALING JAYA COMMERCIAL CITY (PJS 5) Bdr Petaling Jaya Selatan Petaling Malaysia,3.0746,101.6289
JLN PJS 5/28 PETALING JAYA COMMERCIAL CITY (PJS 5) Bdr Petaling Jaya Selatan Petaling Malaysia,3.0841,101.6563
JLN PJS 5/28A PETALING JAYA COMMERCIAL CITY (PJS 5) Bdr Petaling Jaya Selatan Petaling Malaysia,3.0736,101.6581
JLN PJS 5/28B PETALING JAYA COMMERCIAL CITY (PJS 5) Bdr Petaling Jaya Selatan Petaling Malaysia,3.0825,101.6508
JLN PJS 5/30 PETALING JAYA COMMERCIAL CITY (PJS 5) Bdr Petaling Jaya Selatan Petaling Malaysia,3.077,101.647
JALAN PJS 1/32 (JASA 19) TAMAN MEDAN PEJASA Bdr Petaling Jaya Selatan Petaling Malaysia,3.0825,101.6418
JLN PJS 1/32 (JASA 19) TAMAN MEDAN PEJASA Bdr Petaling Jaya Selatan Petaling Malaysia,3.069,101.633
JLN PJS 2/18A TAMAN PERINDUSTRIAN MAJU JAYA Bdr Petaling Jaya Selatan Petaling Malaysia,3.0534,101.6603
JALAN MJ/1 @ JALAN PJS 1/13 TAMAN PETALING UTAMA Bdr Petaling Jaya Selatan Petaling Malaysia,3.0949,101.6565
JLN PJS 1/11 TAMAN PETALING UTAMA Bdr Petaling Jaya Selatan Petaling Malaysia,3.0846,101.6103
JLN PJS 3/36 TAMAN SRI MANJA Bdr Petaling Jaya Selatan Petaling Malaysia,3.0878,101.6412
JLN SM 11 (PJS 3/49) TAMAN SRI MANJA Bdr Petaling Jaya Selatan Petaling Malaysia,3.0905,101.6425
JLN SRI MANJA 10 (SM 10) TAMAN SRI MANJA Bdr Petaling Jaya Selatan Petaling Malaysia,3.0803,101.6606
JALAN ARA SD 7/3A BDR BARU SRI DAMANSARA Bdr Sri Damansara Petaling Malaysia,3.1889,101.6193
JALAN ARA SD 7/3B BDR BARU SRI DAMANSARA Bdr Sri Damansara Petaling Malaysia,3.2169,101.6064
JALAN DAMAR SD 15/1 BDR BARU SRI DAMANSARA Bdr Sri Damansara Petaling Malaysia,3.1817,101.6099
JALAN TANJUNG SD 13/1 BDR BARU SRI DAMANSARA Bdr Sri Damansara Petaling Malaysia,3.2077,101.6189
JALAN TANJUNG SD 13/2 BDR BARU SRI DAMANSARA Bdr Sri Damansara Petaling Malaysia,3.1783,101.6068
JLN ARA SD 7/3A BDR BARU SRI DAMANSARA Bdr Sri Damansara Petaling Malaysia,3.1706,101.6152
JLN ARA SD 7/3B BDR BARU SRI DAMANSARA Bdr Sri Damansara Petaling Malaysia,3.1808,101.6146
JLN TANJUNG SD 13/1 BDR BARU SRI DAMANSARA Bdr Sri Damansara Petaling Malaysia,3.186,101.624
JLN TEMBAGA SD 5/2A BDR BARU SRI DAMANSARA Bdr Sri Damansara Petaling Malaysia,3.1987,101.5929
JALAN PJS 8/4 PJS 8 Bdr Sunway Petaling Malaysia,3.0685,101.6048
JALAN PJS 8/12A PJS 8 Bdr Sunway Petaling Malaysia,3.0699,101.6058
JLN PJS 8/2 PJS 8 Bdr Sunway Petaling Malaysia,3.0746,101.6079
JLN PJS 8/4 PJS 8 Bdr Sunway Petaling Malaysia,3.0746,101.6069
JLN PJS 8/4 (SUNWAY MENTARI) PJS 8 Bdr Sunway Petaling Malaysia,3.0802,101.6037
JLN PJS 8/6 (SUNWAY MENTARI) PJS 8 Bdr Sunway Petaling Malaysia,3.069,101.605
JLN PJS 8/7 (SUNWAY MENTARI) PJS 8 Bdr Sunway Petaling Malaysia,3.075,101.605
JLN PJS 8/12 PJS 8 Bdr Sunway Petaling Malaysia,3.0619,101.6015
JLN PJS 8/18 PJS 8 Bdr Sunway Petaling Malaysia,3.0729,101.6058
JLN PJS 10/32 PJS 10 Bdr Sunway Petaling Malaysia,3.0717,101.6069
JALAN SERAI WANGI 16/H ALAM AVENUE-SEK.16 SHAH ALAM Bukit Raja Petaling Malaysia,3.0656,101.5037
JLN SERAI WANGI G 16/G ALAM AVENUE-SEK.16 SHAH ALAM Bukit Raja Petaling Malaysia,3.0446,101.5165
JLN SERAI WANGI H 16/H ALAM AVENUE-SEK.16 SHAH ALAM Bukit Raja Petaling Malaysia,3.0707,101.5169
JLN P U10/P ALAM BUDIMAN Bukit Raja Petaling Malaysia,3.056,101.459
JLN SETIA GEMILANG BG U13/BG BDR SETIA ALAM Bukit Raja Petaling Malaysia,3.1226,101.4622
JLN AC U13/AC BDR SETIA ALAM Bukit Raja Petaling Malaysia,3.1145,101.4578
JLN AR U13/AR BDR SETIA ALAM Bukit Raja Petaling Malaysia,3.085,101.454
JLN AS U13/AS BDR SETIA ALAM Bukit Raja Petaling Malaysia,3.0865,101.4495
JLN AT U13/AT(SETIA TAIPAN II) BDR SETIA ALAM Bukit Raja Petaling Malaysia,3.0925,101.451
JLN SETIA GEMILANG BJ U13/BJ BDR SETIA ALAM Bukit Raja Petaling Malaysia,3.112,101.443
JLN SETIA GEMILANG BM U13/AR BDR SETIA ALAM Bukit Raja Petaling Malaysia,3.0605,101.4674
JLN SETIA GEMILANG BM U13/BM BDR SETIA ALAM Bukit Raja Petaling Malaysia,3.1019,101.4529
JLN SETIA GEMILANG U13/8G BDR SETIA ALAM Bukit Raja Petaling Malaysia,3.0922,101.4548
JLN SETIA PERDANA BB U13/BB BDR SETIA ALAM Bukit Raja Petaling Malaysia,3.1474,101.4468
JLN SETIA UTAMA  AR U13/AR BDR SETIA ALAM Bukit Raja Petaling Malaysia,3.056,101.438
JLN SETIA UTAMA AR U13/AR BDR SETIA ALAM Bukit Raja Petaling Malaysia,3.0944,101.4446
JLN SETIA  UTAMA AS U13/AS BDR SETIA ALAM Bukit Raja Petaling Malaysia,3.0607,101.4473
JLN SETIA UTAMA  AS U13/AS BDR SETIA ALAM Bukit Raja Petaling Malaysia,3.0847,101.4488
JLN SETIA UTAMA AS U13/AS BDR SETIA ALAM Bukit Raja Petaling Malaysia,3.1098,101.4556
JLN SETIA UTAMA  AT U13/AT BDR SETIA ALAM Bukit Raja Petaling Malaysia,3.0719,101.4318
JLN SETIA UTAMA AT U13/AT BDR SETIA ALAM Bukit Raja Petaling Malaysia,3.0729,101.4466
JLN SETIA UTAMA  AU U13/AU BDR SETIA ALAM Bukit Raja Petaling Malaysia,3.112,101.456
JLN SETIA UTAMA AU U13/AU BDR SETIA ALAM Bukit Raja Petaling Malaysia,3.1278,101.4566
JLN SETIA  UTAMA AV U13/AV BDR SETIA ALAM Bukit Raja Petaling Malaysia,3.1247,101.4603
JLN SETIA UTAMA AV U13/AV BDR SETIA ALAM Bukit Raja Petaling Malaysia,3.0915,101.4632
JLN SETIA UTAMA AW U13/AW BDR SETIA ALAM Bukit Raja Petaling Malaysia,3.0819,101.4756
JLN SETIA UTAMA  U13/AT BDR SETIA ALAM Bukit Raja Petaling Malaysia,3.1087,101.4577
JLN SETIA UTAMA  U13/AU BDR SETIA ALAM Bukit Raja Petaling Malaysia,3.1116,101.4402
U13/AK BDR SETIA ALAM Bukit Raja Petaling Malaysia,3.078,101.461
JLN ELEKTRON U16/D DENAI ALAM SHAH ALAM Bukit Raja Petaling Malaysia,3.119,101.523
JALAN ELEKTRON G U16/G DENAI ALAM SHAH ALAM Bukit Raja Petaling Malaysia,3.155,101.458
JLN ALFA B U6/B PUSAT PERDAGANGAN SUBANG PERMAI Bukit Raja Petaling Malaysia,3.0667,101.4667
JLN F U6/F PUSAT PERDAGANGAN SUBANG PERMAI Bukit Raja Petaling Malaysia,3.1167,101.5667
JLN  ALFA  A U6/A PUSAT PERDAGANGAN SUBANG PERMAI Bukit Raja Petaling Malaysia,3.087,101.496
JLN ALFA A U6/A PUSAT PERDAGANGAN SUBANG PERMAI Bukit Raja Petaling Malaysia,3.0869,101.4778
JLN ALFA  C U6/C PUSAT PERDAGANGAN SUBANG PERMAI Bukit Raja Petaling Malaysia,3.0785,101.474
JLN ALFA E U6/E PUSAT PERDAGANGAN SUBANG PERMAI Bukit Raja Petaling Malaysia,3.0726,101.504
JLN ALFA  F U6/F PUSAT PERDAGANGAN SUBANG PERMAI Bukit Raja Petaling Malaysia,3.1179,101.5888
JLN ALFA U6/B PUSAT PERDAGANGAN SUBANG PERMAI Bukit Raja Petaling Malaysia,3.0705,101.514
JALAN PJU 1A/3 M TAIPAN DAMANSARA 2 ARA DAMANSARA Damansara Petaling Malaysia,3.1295,101.5961
JALAN PJU 1A/3  TAIPAN DAMANSARA 2 ARA DAMANSARA Damansara Petaling Malaysia,3.1125,101.5819
JALAN PJU 1A/3 TAIPAN DAMANSARA 2 ARA DAMANSARA Damansara Petaling Malaysia,3.1216,101.5897
JALAN PJU 1A/3J ARA DAMANSARA Damansara Petaling Malaysia,3.1306,101.6034
JALAN PJU 1A/3K ARA DAMANSARA Damansara Petaling Malaysia,3.1275,101.578
JALAN PJU 1A/3M ARA DAMANSARA Damansara Petaling Malaysia,3.1106,101.5869
JALAN PJU 1A/3N ARA DAMANSARA Damansara Petaling Malaysia,3.1212,101.6169
JALAN PJU 1A/20B ARA DAMANSARA Damansara Petaling Malaysia,3.1276,101.5728
JALAN PJU 1A/20C ARA DAMANSARA Damansara Petaling Malaysia,3.1266,101.5979
JALAN PJU 1A/20E ARA DAMANSARA Damansara Petaling Malaysia,3.1112,101.6086
JALAN PJU 1A/20F ARA DAMANSARA Damansara Petaling Malaysia,3.1227,101.6038
JLN PJU 1A/3 (TAIPAN DMSRA 2) ARA DAMANSARA Damansara Petaling Malaysia,3.1169,101.5862
JLN PJU 1A/3J ARA DAMANSARA Damansara Petaling Malaysia,3.1225,101.6354
JLN PJU 1A/3J(TAIPAN 1) ARA DAMANSARA Damansara Petaling Malaysia,3.1299,101.6069
JLN PJU 1A/3K ARA DAMANSARA Damansara Petaling Malaysia,3.1105,101.6408
JLN PJU 1A/3M ARA DAMANSARA Damansara Petaling Malaysia,3.1328,101.6108
JLN PJU 1A/5A (SIERA PARK) ARA DAMANSARA Damansara Petaling Malaysia,3.1086,101.5942
JLN PJU 1A/20C ARA DAMANSARA Damansara Petaling Malaysia,3.1249,101.6251
JLN PJU 1A/20G ARA DAMANSARA Damansara Petaling Malaysia,3.1127,101.6064
PJU 1A/3M ARA DAMANSARA Damansara Petaling Malaysia,3.1189,101.5976
"JLN ASTAKA L U8/L BUKIT JELUTONG, SHAH ALAM Damansara Petaling Malaysia",3.1117,101.5415
"JLN L U8/ L BUKIT JELUTONG, SHAH ALAM Damansara Petaling Malaysia",3.115,101.55
"JLN SERAMBI U8/24 BUKIT JELUTONG, SHAH ALAM Damansara Petaling Malaysia",3.0916,101.5418
JALAN PJU 1A/41B D'AMAN CRIMSON Damansara Petaling Malaysia,3.1498,101.6081
JLN PJU 1A/41B D'AMAN CRIMSON Damansara Petaling Malaysia,3.1278,101.6046
PJU 1A/41B D'AMAN CRIMSON Damansara Petaling Malaysia,3.1564,101.6146
JALAN PUTRA MAHKOTA 7/5B PUTERA HEIGHTS Damansara Petaling Malaysia,3.3265,101.6058
JALAN PUTRA MAHKOTA 7/8A PUTERA HEIGHTS Damansara Petaling Malaysia,3.0032,101.5759
JALAN PUTRA MAHKOTA 7/8B PUTERA HEIGHTS Damansara Petaling Malaysia,3.0139,101.6213
JLN PUTRA MAHKOTA 7/5B PUTERA HEIGHTS Damansara Petaling Malaysia,3.0445,101.6185
JLN PUTRA MAHKOTA 7/5C PUTERA HEIGHTS Damansara Petaling Malaysia,3.084,101.683
JLN PUTRA MAHKOTA 7/7B PUTERA HEIGHTS Damansara Petaling Malaysia,3.0017,101.6365
JLN PUTRA MAHKOTA 7/8A PUTERA HEIGHTS Damansara Petaling Malaysia,3.0058,101.6176
JLN PUTRA MAHKOTA 7/8B PUTERA HEIGHTS Damansara Petaling Malaysia,3.005,101.592
JLN PUTRA MAHKOTA  7/8D PUTERA HEIGHTS Damansara Petaling Malaysia,3.1042,101.718
JLN SAUJANA INDAH 1 SAUJANA INDAH IND PARK Damansara Petaling Malaysia,3.0815,101.6145
"JLN NILAM 1/2 SUBANG HI-TECH, SHAH ALAM Damansara Petaling Malaysia",3.0704,101.6218
JALAN PERMAI 2/2 @ USJ 1/20 TAMAN SUBANG PERMAI Damansara Petaling Malaysia,3.0736,101.5856
JLN USJ 1/19 TAMAN SUBANG PERMAI Damansara Petaling Malaysia,3.0714,101.5959
"JALAN OPERA J U12/J TMN TTDI JAYA, SHAH ALAM Damansara Petaling Malaysia",3.0935,101.5167
"JLN OPERA  C U2/C TMN TTDI JAYA, SHAH ALAM Damansara Petaling Malaysia",3.0833,101.5333
"JLN OPERA G U2/G TMN TTDI JAYA, SHAH ALAM Damansara Petaling Malaysia",3.0856,101.5975
JALAN C U2/C TTDI JAYA Damansara Petaling Malaysia,3.0735,101.5528
JALAN OPERA D U2/D TTDI JAYA Damansara Petaling Malaysia,3.1015,101.5365
JLN OPERA C U2/C TTDI JAYA Damansara Petaling Malaysia,3.089,101.54
JLN OPERA E U2/E TTDI JAYA Damansara Petaling Malaysia,3.108,101.568
JLN OPERA F U2/F TTDI JAYA Damansara Petaling Malaysia,3.078,101.544
JLN OPERA G U2/G TTDI JAYA Damansara Petaling Malaysia,3.097,101.567
JLN OPERA U2/D TTDI JAYA Damansara Petaling Malaysia,3.087,101.606
JLN SB INDAH 1/19 TAMAN SUNGAI BESI INDAH Pekan Baru Sg Besi Petaling Malaysia,3.0535,101.7177
JLN AB U5/AG BANDAR PINGGIRAN SUBANG Pekan Baru Sg Buluh Petaling Malaysia,3.226,101.577
JALAN NAUTIKA B U20/B BDR BARU SG. BULOH Pekan Baru Sg Buluh Petaling Malaysia,3.2146,101.574
JLN NAUTIKA B U20/B BDR BARU SG. BULOH Pekan Baru Sg Buluh Petaling Malaysia,3.2095,101.573
JALAN TEKNOLOGI 3/9 (BISTARI DE'KOTA) DAMANSARA PROMENADE Pekan Baru Sg Buluh Petaling Malaysia,3.2105,101.5802
JLN PJU 5/10 DATARAN SUNWAY Pekan Baru Sg Buluh Petaling Malaysia,3.2021,101.5999
JLN PJU 5/15 DATARAN SUNWAY Pekan Baru Sg Buluh Petaling Malaysia,3.2025,101.5833
JALAN PJU 5/4 DATARAN SUNWAY Pekan Baru Sg Buluh Petaling Malaysia,3.1985,101.5939
JALAN PJU 5/13 DATARAN SUNWAY Pekan Baru Sg Buluh Petaling Malaysia,3.2089,101.5765
JALAN PJU 5/18 DATARAN SUNWAY Pekan Baru Sg Buluh Petaling Malaysia,3.212,101.586
JLN PJU 5/4 DATARAN SUNWAY Pekan Baru Sg Buluh Petaling Malaysia,3.2177,101.6151
JLN PJU 5/5 DATARAN SUNWAY Pekan Baru Sg Buluh Petaling Malaysia,3.2047,101.5968
JLN PJU 5/8 DATARAN SUNWAY Pekan Baru Sg Buluh Petaling Malaysia,3.2117,101.6178
JLN PJU 5/9 DATARAN SUNWAY Pekan Baru Sg Buluh Petaling Malaysia,3.2147,101.6158
JLN PJU 5/11 DATARAN SUNWAY Pekan Baru Sg Buluh Petaling Malaysia,3.1987,101.5889
JLN PJU 5/13 DATARAN SUNWAY Pekan Baru Sg Buluh Petaling Malaysia,3.205,101.575
JLN PJU 5/14 SUNWAY GIZAMALL DATARAN SUNWAY Pekan Baru Sg Buluh Petaling Malaysia,3.1372,101.6078
JLN PJU 5/17 DATARAN SUNWAY Pekan Baru Sg Buluh Petaling Malaysia,3.2002,101.6087
PJU 5/10 DATARAN SUNWAY Pekan Baru Sg Buluh Petaling Malaysia,3.2037,101.6099
PJU 5/12 DATARAN SUNWAY Pekan Baru Sg Buluh Petaling Malaysia,3.1749,101.5895
JALAN GELEN K U19/K KG. BARU SG. BULOH Pekan Baru Sg Buluh Petaling Malaysia,3.2056,101.5798
JLN PEKAKA 8/1D SEKSYEN 8 KOTA DAMANSARA Pekan Baru Sg Buluh Petaling Malaysia,3.194,101.593
JALAN PEKAKA 8/4 SEKSYEN 8 KOTA DAMANSARA Pekan Baru Sg Buluh Petaling Malaysia,3.1476,101.5865
JLN PEKAKA 8/3 SEKSYEN 8 KOTA DAMANSARA Pekan Baru Sg Buluh Petaling Malaysia,3.1567,101.5749
JLN PEKAKA 8/4 SEKSYEN 8 KOTA DAMANSARA Pekan Baru Sg Buluh Petaling Malaysia,3.172,101.586
JLN URANUS AJ U5/AJ SUBANG IMPIAN Pekan Baru Sg Buluh Petaling Malaysia,3.2187,101.6146
JLN URANUS AG U5/AG SUBANG IMPIAN Pekan Baru Sg Buluh Petaling Malaysia,3.2025,101.5638
JLN URANUS AJ U5/AK SUBANG IMPIAN Pekan Baru Sg Buluh Petaling Malaysia,3.212,101.586
JLN URANUS AK U5/AK SUBANG IMPIAN Pekan Baru Sg Buluh Petaling Malaysia,3.2205,101.5774
55A & 55B TAMAN BUKIT RAHMAN PUTRA Pekan Baru Sg Buluh Petaling Malaysia,3.2,101.556
JALAN BRP 1/2 TAMAN BUKIT RAHMAN PUTRA Pekan Baru Sg Buluh Petaling Malaysia,3.215,101.562
JALAN BRP 6/12 TAMAN BUKIT RAHMAN PUTRA Pekan Baru Sg Buluh Petaling Malaysia,3.2345,101.5894
JLN PJU 5/21 THE STRAND DAMANSARA (KOTA DAMANSARA) Pekan Baru Sg Buluh Petaling Malaysia,3.1297,101.5968
JALAN PJU 5/20 THE STRAND DAMANSARA (KOTA DAMANSARA) Pekan Baru Sg Buluh Petaling Malaysia,3.1569,101.5951
JLN PJU 5/20 THE STRAND DAMANSARA (KOTA DAMANSARA) Pekan Baru Sg Buluh Petaling Malaysia,3.1528,101.6072
JLN PJU 5/20A THE STRAND DAMANSARA (KOTA DAMANSARA) Pekan Baru Sg Buluh Petaling Malaysia,3.1456,101.6105
"JALAN TEKNOLOGI 3/6D TMN SAINS SELANGOR, KOTA DAMANSARA Pekan Baru Sg Buluh Petaling Malaysia",3.1569,101.6058
JLN BN U5/BN BANDAR PINGGIRAN SUBANG Pekan Baru Subang Petaling Malaysia,3.1085,101.5112
JLN ZUHAL U5/178 BANDAR PINGGIRAN SUBANG Pekan Baru Subang Petaling Malaysia,3.135,101.514
JLN ZUHAL U5/178 (ARENA BINTANG) BANDAR PINGGIRAN SUBANG Pekan Baru Subang Petaling Malaysia,3.0667,101.5167
JLN ZUHAL U5/179 (ARENA BINTANG) BANDAR PINGGIRAN SUBANG Pekan Baru Subang Petaling Malaysia,3.102,101.547
JLN DIRHAM U3/3 PEKAN BARU SUBANG Pekan Baru Subang Petaling Malaysia,3.0978,101.5293
JLN U3/6 PEKAN BARU SUBANG Pekan Baru Subang Petaling Malaysia,3.0833,101.5833
JALAN BULAN BN U5/BN SUBANG INT. LIGHT IND. PARK Pekan Baru Subang Petaling Malaysia,3.1175,101.553
JLN BL U5/BL SUBANG INT. LIGHT IND. PARK Pekan Baru Subang Petaling Malaysia,3.1074,101.5543
JLN BN U5/BN SUBANG INT. LIGHT IND. PARK Pekan Baru Subang Petaling Malaysia,3.0833,101.5167
JLN BS U5/BS SUBANG INT. LIGHT IND. PARK Pekan Baru Subang Petaling Malaysia,3.0742,101.5669
JLN BT U5/BT SUBANG INT. LIGHT IND. PARK Pekan Baru Subang Petaling Malaysia,3.1607,101.5542
JLN BULAN BL U5/BL (U5/1A) SUBANG INT. LIGHT IND. PARK Pekan Baru Subang Petaling Malaysia,3.0879,101.558
JLN BULAN BT U5/BT SUBANG INT. LIGHT IND. PARK Pekan Baru Subang Petaling Malaysia,3.0992,101.5347
"MUTIARA SUBANG 1 SUBANG HI-TECH, SHAH ALAM Pekan Batu Tiga Petaling Malaysia",3.078,101.56
JLN PJU 1/43 AMAN SURIA DAMANSARA Pekan Chempaka Petaling Malaysia,3.1159,101.6427
"JLN BM 1/2 SS 25, PETALING JAYA Pekan Chempaka Petaling Malaysia",3.1085,101.6462
JLN BANDAR 18 PUSAT BDR PUCHONG Pekan Desa Puchong Petaling Malaysia,3.0045,101.6178
JLN BDR 18 PUSAT BDR PUCHONG Pekan Desa Puchong Petaling Malaysia,3.0205,101.6195
JALAN DENAI UTAMA TAMAN DENAI PUCHONG Pekan Desa Puchong Petaling Malaysia,3.0398,101.6134
JLN DENAI UTAMA TAMAN DENAI PUCHONG Pekan Desa Puchong Petaling Malaysia,3.0219,101.6238
JLN BAYAN 2 TAMAN PUCHONG LAGENDA Pekan Desa Puchong Petaling Malaysia,3.0362,101.6161
JALAN SRI PUCHONG 2B TMN SRI PUCHONG Pekan Desa Puchong Petaling Malaysia,3.0064,101.6138
JLN TANJUNG KERAMAT 26/35 SEK. 26 SHAH ALAM Pekan Hicom Petaling Malaysia,3.0256,101.5334
"JLN H27/H SEK. 27, SHAH ALAM Pekan Hicom Petaling Malaysia",3.025,101.516
"JLN KOTA RAJA E 27/E SEK. 27, SHAH ALAM Pekan Hicom Petaling Malaysia",3.0239,101.5112
"JLN KOTA RAJA F 27/F SEK. 27, SHAH ALAM Pekan Hicom Petaling Malaysia",3.0189,101.533
"JLN KOTA RAJA J 27/J SEK. 27, SHAH ALAM Pekan Hicom Petaling Malaysia",3.0319,101.5165
JALAN PJU 6A/3A (KAYU ARA BUSINESS PARK) KG SG KAYU ARA Pekan Kayu Ara Petaling Malaysia,3.135,101.609
JLN PJU 6A/3 KG SG KAYU ARA Pekan Kayu Ara Petaling Malaysia,3.1383,101.6097
JLN PJU 6A/3 (KAYU ARA BUSINESS PARK) KG SG KAYU ARA Pekan Kayu Ara Petaling Malaysia,3.1243,101.6187
JALAN KENARI 23A BDR PUCHONG JAYA Pekan Kinrara Petaling Malaysia,3.049,101.638
JLN BANGAU 11 BDR PUCHONG JAYA Pekan Kinrara Petaling Malaysia,3.05,101.62
JLN KENARI 12B BDR PUCHONG JAYA Pekan Kinrara Petaling Malaysia,3.0002,101.6205
JLN KENARI 13A BDR PUCHONG JAYA Pekan Kinrara Petaling Malaysia,3.0419,101.6339
JLN KENARI 17C BDR PUCHONG JAYA Pekan Kinrara Petaling Malaysia,3.0146,101.6279
JLN KENARI 17F BDR PUCHONG JAYA Pekan Kinrara Petaling Malaysia,3.037,101.62
JLN KENARI 20 BDR PUCHONG JAYA Pekan Kinrara Petaling Malaysia,3.0109,101.6216
JLN KENARI 22 BDR PUCHONG JAYA Pekan Kinrara Petaling Malaysia,3.0378,101.6173
JLN KENARI 23A BDR PUCHONG JAYA Pekan Kinrara Petaling Malaysia,3.029,101.615
JLN LAYANG LAYANG 5 BDR PUCHONG JAYA Pekan Kinrara Petaling Malaysia,3.0022,101.6281
JLN LAYANG-LAYANG 5 (PUCHONG SQUARE) BDR PUCHONG JAYA Pekan Kinrara Petaling Malaysia,3.021,101.618
JLN LAYANG-LAYANG 5A (PUCHONG S BDR PUCHONG JAYA Pekan Kinrara Petaling Malaysia,3.0329,101.6159
JLN TEMPUA 2A BDR PUCHONG JAYA Pekan Kinrara Petaling Malaysia,3.0139,101.6299
JLN BK 5A/3A PERUMAHAN KINRARA Pekan Kinrara Petaling Malaysia,3.053,101.649
JLN CENUK 1 BDR PUCHONG JAYA Pekan Puchong Jaya Petaling Malaysia,3.0329,101.6226
JLN KENARI 1 BDR PUCHONG JAYA Pekan Puchong Jaya Petaling Malaysia,3.0226,101.6178
JLN KENARI 6 BDR PUCHONG JAYA Pekan Puchong Jaya Petaling Malaysia,3.0347,101.6186
JLN MERBAH 4 BDR PUCHONG JAYA Pekan Puchong Jaya Petaling Malaysia,3.0305,101.6208
JLN OP 1/1 ONE PUCHONG BUSSINES PARK Pekan Puchong Jaya Petaling Malaysia,3.0316,101.6216
JLN OP 1/2 ONE PUCHONG BUSSINES PARK Pekan Puchong Jaya Petaling Malaysia,3.0506,101.6208
JLN OP 1/3 ONE PUCHONG BUSSINES PARK Pekan Puchong Jaya Petaling Malaysia,3.0022,101.6186
JLN OP 1/5 ONE PUCHONG BUSSINES PARK Pekan Puchong Jaya Petaling Malaysia,3.0333,101.6167
JLN BANDAR 1 PUSAT BDR PUCHONG Pekan Puchong Jaya Petaling Malaysia,3.0333,101.6167
JLN BANDAR 19 PUSAT BDR PUCHONG Pekan Puchong Jaya Petaling Malaysia,3.0336,101.6168
JLN BANDAR 20 PUSAT BDR PUCHONG Pekan Puchong Jaya Petaling Malaysia,3.033,101.617
JLN BDR 19 PUSAT BDR PUCHONG Pekan Puchong Jaya Petaling Malaysia,3.0438,101.6123
JALAN KINRARA TAMAN KINRARA SEKSYEN 1 Pekan Puchong Jaya Petaling Malaysia,3.032,101.638
JLN KS 3A TMN KINRARA SEKSYEN 3 Pekan Puchong Jaya Petaling Malaysia,3.0449,101.6186
JLN PU 7/1A BDR PUCHONG UTAMA Pekan Puchong Perdana Petaling Malaysia,3.035,101.618
JLN PU 7/2 BDR PUCHONG UTAMA Pekan Puchong Perdana Petaling Malaysia,2.995,101.612
JLN PU 7/3 BDR PUCHONG UTAMA Pekan Puchong Perdana Petaling Malaysia,3.045,101.628
JLN PU 7/4 BDR PUCHONG UTAMA Pekan Puchong Perdana Petaling Malaysia,2.9948,101.6247
JLN INTAN 1 TMN PUCHONG INTAN Pekan Puchong Perdana Petaling Malaysia,2.9849,101.6367
JLN PSK 1 PUSAT PERD. SRI KEMBANGAN Pekan Serdang Petaling Malaysia,3.0478,101.6946
JLN PSK 2 PUSAT PERD. SRI KEMBANGAN Pekan Serdang Petaling Malaysia,3.0386,101.7067
JLN PSK 3 PUSAT PERD. SRI KEMBANGAN Pekan Serdang Petaling Malaysia,3.0167,101.7167
JLN PSK 4 PUSAT PERD. SRI KEMBANGAN Pekan Serdang Petaling Malaysia,3.0237,101.7054
JLN BS 4/1 TAMAN BUKIT SERDANG - SEK. 4 & 5 Pekan Serdang Petaling Malaysia,3.0199,101.6927
JLN BS 4/2 TAMAN BUKIT SERDANG - SEK. 4 & 5 Pekan Serdang Petaling Malaysia,3.0326,101.7146
JALAN 18/33A TAMAN SRI SERDANG Pekan Serdang Petaling Malaysia,3.0062,101.7096
JLN 18/31 TAMAN SRI SERDANG Pekan Serdang Petaling Malaysia,3.0298,101.7176
JLN 18/32 TAMAN SRI SERDANG Pekan Serdang Petaling Malaysia,3.0075,101.7005
JLN 18/33A TAMAN SRI SERDANG Pekan Serdang Petaling Malaysia,3.017,101.707
JLN 18/37 TAMAN SRI SERDANG Pekan Serdang Petaling Malaysia,3.0167,101.7167
JALAN INDAH 2/10 TAMAN UNIVERSITI INDAH Pekan Serdang Petaling Malaysia,2.985,101.713
JLN INDAH 2/8 TAMAN UNIVERSITI INDAH Pekan Serdang Petaling Malaysia,2.9827,101.7102
JLN INDAH 2/10 TAMAN UNIVERSITI INDAH Pekan Serdang Petaling Malaysia,3.045,101.663
JALAN BS 14/1 TMN BKT SERDANG SEK. 11 & 16 Pekan Serdang Petaling Malaysia,3.0198,101.7129
JLN BS 14/1 TMN BKT SERDANG SEK. 11 & 16 Pekan Serdang Petaling Malaysia,3.0096,101.6943
JLN TS 6/10A TAMAN INDUSTRI SUBANG Pekan Subang Jaya Petaling Malaysia,3.0469,101.583
JLN USJ 1/19 TAMAN SUBANG PERMAI Pekan Subang Jaya Petaling Malaysia,3.071,101.592
JALAN USJ 9/5N USJ 9 Pekan Subang Jaya Petaling Malaysia,3.0546,101.5879
JLN USJ 9/5M USJ 9 Pekan Subang Jaya Petaling Malaysia,3.0707,101.5899
JLN USJ 9/5P USJ 9 Pekan Subang Jaya Petaling Malaysia,3.0725,101.587
JLN USJ 9/5Q USJ 9 Pekan Subang Jaya Petaling Malaysia,3.0565,101.589
JLN USJ 10/1A USJ 10 Pekan Subang Jaya Petaling Malaysia,3.0629,101.5898
JALAN USJ 10/1C USJ 10 Pekan Subang Jaya Petaling Malaysia,3.0731,101.5905
JALAN USJ 10/1E USJ 10 Pekan Subang Jaya Petaling Malaysia,3.0595,101.5868
JLN USJ 10/1D USJ 10 Pekan Subang Jaya Petaling Malaysia,3.0686,101.588
JLN USJ 10/1F USJ 10 Pekan Subang Jaya Petaling Malaysia,3.0442,101.5857
JLN USJ 10/1G USJ 10 Pekan Subang Jaya Petaling Malaysia,3.0535,101.586
USJ 10/1D USJ 10 Pekan Subang Jaya Petaling Malaysia,3.0776,101.5886
JLN USJ 21/1 USJ 21 Pekan Subang Jaya Petaling Malaysia,3.0689,101.5893
JALAN USJ 21/1 USJ 21 Pekan Subang Jaya Petaling Malaysia,3.064,101.586
JALAN USJ 21/5 USJ 21 Pekan Subang Jaya Petaling Malaysia,3.0407,101.5909
JALAN USJ 21/10 USJ 21 Pekan Subang Jaya Petaling Malaysia,3.0547,101.5878
JLN USJ 21/3 USJ 21 Pekan Subang Jaya Petaling Malaysia,3.0507,101.5821
JLN USJ 21/4 USJ 21 Pekan Subang Jaya Petaling Malaysia,3.0687,101.5893
JLN USJ 21/5 USJ 21 Pekan Subang Jaya Petaling Malaysia,3.0698,101.5878
JLN USJ 21/6 USJ 21 Pekan Subang Jaya Petaling Malaysia,3.0589,101.5836
JLN USJ 21/7 USJ 21 Pekan Subang Jaya Petaling Malaysia,3.0556,101.5884
JLN USJ 21/10 USJ 21 Pekan Subang Jaya Petaling Malaysia,3.0297,101.5819
JLN USJ 21/11 USJ 21 Pekan Subang Jaya Petaling Malaysia,3.0568,101.5925
USJ 21/3 USJ 21 Pekan Subang Jaya Petaling Malaysia,3.0542,101.5876
USJ 21/11 USJ 21 Pekan Subang Jaya Petaling Malaysia,3.0638,101.5877
JLN PUTERI 5/2 BANDAR PUTERI Petaling Petaling Malaysia,3.035,101.645
JALAN PUTERI 5/1 BANDAR PUTERI Petaling Petaling Malaysia,3.0259,101.5928
JALAN PUTERI 5/5 BANDAR PUTERI Petaling Petaling Malaysia,3.0167,101.5903
JLN PUTERI 2/2 BANDAR PUTERI Petaling Petaling Malaysia,2.9936,101.6917
JLN PUTERI 4/7A BANDAR PUTERI Petaling Petaling Malaysia,3.027,101.622
JLN PUTERI 5/1 BANDAR PUTERI Petaling Petaling Malaysia,3.0207,101.5936
JLN PUTERI 5/5 BANDAR PUTERI Petaling Petaling Malaysia,3.0314,101.6537
JLN PUTERI 5/7 BANDAR PUTERI Petaling Petaling Malaysia,3.0309,101.4423
JLN PUTERI 5/20 BANDAR PUTERI Petaling Petaling Malaysia,3.0197,101.6232
JLN PUTERI 7/13A BANDAR PUTERI Petaling Petaling Malaysia,3.0307,101.6702
JLN PUTERI 7/15 (THE CUBE) KEMBAR BANDAR PUTERI Petaling Petaling Malaysia,3.0142,101.6125
JLN BP 6/11 BDR BUKIT PUCHONG Petaling Petaling Malaysia,3.0408,101.6185
JLN BP 7/2 BDR BUKIT PUCHONG Petaling Petaling Malaysia,2.9958,101.6039
JLN BP 7/8 BDR BUKIT PUCHONG Petaling Petaling Malaysia,3.019,101.633
JLN BP 7/11 BDR BUKIT PUCHONG Petaling Petaling Malaysia,3.0036,101.6084
JLN BP 7/12 BDR BUKIT PUCHONG Petaling Petaling Malaysia,3.0167,101.6167
JLN PU 7/8 BDR BUKIT PUCHONG Petaling Petaling Malaysia,2.9806,101.6154
JLN KENARI 7 BDR PUCHONG JAYA Petaling Petaling Malaysia,3.0333,101.615
JLN KENARI 9 BDR PUCHONG JAYA Petaling Petaling Malaysia,3.0247,101.6189
JLN KENARI 10 BDR PUCHONG JAYA Petaling Petaling Malaysia,3.0312,101.6208
JLN KENARI 11 BDR PUCHONG JAYA Petaling Petaling Malaysia,3.033,101.618
JLN BPU 2 BDR PUCHONG UTAMA Petaling Petaling Malaysia,3.0257,101.6165
JLN BPU 7 BDR PUCHONG UTAMA Petaling Petaling Malaysia,3.0096,101.6069
JLN BPU 8 BDR PUCHONG UTAMA Petaling Petaling Malaysia,3.025,101.616
JLN BPU 9 BDR PUCHONG UTAMA Petaling Petaling Malaysia,2.9787,101.6179
JLN BK 5A/2 PERUMAHAN KINRARA Petaling Petaling Malaysia,3.065,101.656
JLN BK 5A/2B PERUMAHAN KINRARA Petaling Petaling Malaysia,3.0521,101.676
JLN BK 5A/2D PERUMAHAN KINRARA Petaling Petaling Malaysia,3.0667,101.6333
JLN BK 5A/3A PERUMAHAN KINRARA Petaling Petaling Malaysia,3.0497,101.6287
JLN SURIA PUCHONG 1 PUCHONG GATEWAY Petaling Petaling Malaysia,3.0333,101.6167
JLN PUCHONG BATU 13 1/2 PUSAT KOMERSIAL KOI Petaling Petaling Malaysia,3.023,101.62
JLN BS 1/3 PUSAT PERD. SRI KEMBANGAN Petaling Petaling Malaysia,3.0273,101.7155
JLN SR 1/9 SERDANG RAYA - SEKSYEN 6 Petaling Petaling Malaysia,3.0629,101.6538
JLN EQUINE 10C TAMAN EQUINE Petaling Petaling Malaysia,3.018,101.611
JALAN EQUINE 1E TAMAN EQUINE Petaling Petaling Malaysia,3.0137,101.7224
JALAN EQUINE 10 TAMAN EQUINE Petaling Petaling Malaysia,3.0225,101.718
JLN EQUINE 10 TAMAN EQUINE Petaling Petaling Malaysia,3.0,101.0
JLN TK 1/1 TAMAN KINRARA SEKSYEN 1 Petaling Petaling Malaysia,3.0536,101.6418
JLN EQUINE 1D TAMAN PUTRA PERMAI Petaling Petaling Malaysia,3.129,101.74
"5-1 & 5-2, JLN EQUINE 1A TAMAN PUTRA PERMAI Petaling Petaling Malaysia",3.025,101.666
JALAN EQINE 1A TAMAN PUTRA PERMAI Petaling Petaling Malaysia,3.1404,101.6977
JALAN EQUINE 1C (PERMAI SQUARE 3) TAMAN PUTRA PERMAI Petaling Petaling Malaysia,3.0006,101.7418
JLN EQUINE 1A TAMAN PUTRA PERMAI Petaling Petaling Malaysia,3.0793,101.6368
JLN EQUINE 1B TAMAN PUTRA PERMAI Petaling Petaling Malaysia,3.155,101.689
JLN EQUINE 1C TAMAN PUTRA PERMAI Petaling Petaling Malaysia,3.1227,101.7349
JLN EQUINE 1E TAMAN PUTRA PERMAI Petaling Petaling Malaysia,3.1686,101.6858
JLN PUTRA PERMAI 1A TAMAN PUTRA PERMAI Petaling Petaling Malaysia,3.1429,101.6752
JLN SR 1/9 TAMAN SERDANG JAYA Petaling Petaling Malaysia,3.0275,101.6868
JALAN BS 5/26B TAMAN SERDANG PERMATA Petaling Petaling Malaysia,3.0245,101.7045
JLN BS 5/27 TAMAN SERDANG PERMATA Petaling Petaling Malaysia,3.0019,101.5881
JLN BS 10/6 TAMAN SERDANG PERMATA Petaling Petaling Malaysia,3.005,101.684
JLN INDAH 2/8 TAMAN UNIVERSITI INDAH Petaling Petaling Malaysia,2.9259,101.6781
JALAN DAMAI UTAMA 2 TMN DAMAI UTAMA Petaling Petaling Malaysia,3.1069,101.6535
JLN DAMAI UTAMA 1 TMN DAMAI UTAMA Petaling Petaling Malaysia,3.1375,101.635
JLN DU 1 TMN DAMAI UTAMA Petaling Petaling Malaysia,3.0639,101.6258
JLN DU 3 TMN DAMAI UTAMA Petaling Petaling Malaysia,3.0466,101.6366
JLN PINGGIRAN 1/3 TMN PINGGIRAN PUTRA SEK. 2 Petaling Petaling Malaysia,2.929,101.697
JALAN PUCHONG PERMAI 2 TMN PUCHONG PERMAI Petaling Petaling Malaysia,3.0236,101.6404
JLN PERMAI 2 TMN PUCHONG PERMAI Petaling Petaling Malaysia,2.9888,101.5922
JLN PUCHONG PERMAI 2 TMN PUCHONG PERMAI Petaling Petaling Malaysia,3.0415,101.6235
JLN PUCHONG PERMAI 3 TMN PUCHONG PERMAI Petaling Petaling Malaysia,3.011,101.622
JALN PUJ 3/7 TMN PUNCAK JALIL Petaling Petaling Malaysia,3.0523,101.6919
JALAN MATAHARI AA U5/AA BANDAR PINGGIRAN SUBANG Sungai Buluh Petaling Malaysia,3.208,101.568
JALAN NOVA N U5/N BANDAR PINGGIRAN SUBANG Sungai Buluh Petaling Malaysia,3.192,101.543
JALAN PS 1/2A BANDAR PINGGIRAN SUBANG Sungai Buluh Petaling Malaysia,3.1909,101.5475
JLN MATAHARI  AA U5/AA BANDAR PINGGIRAN SUBANG Sungai Buluh Petaling Malaysia,3.2086,101.5348
JLN MATAHARI AB U5/AB BANDAR PINGGIRAN SUBANG Sungai Buluh Petaling Malaysia,3.1947,101.5859
JLN MATAHARI Z U5/Z BANDAR PINGGIRAN SUBANG Sungai Buluh Petaling Malaysia,3.1944,101.5853
JLN UTARID BU 5/B BANDAR PINGGIRAN SUBANG Sungai Buluh Petaling Malaysia,3.1997,101.5667
JLN UTARID C U5/C BANDAR PINGGIRAN SUBANG Sungai Buluh Petaling Malaysia,3.1628,101.5973
JLN ZUHRAH BH U5/BH BANDAR PINGGIRAN SUBANG Sungai Buluh Petaling Malaysia,3.205,101.588
JALAN CEMPAKA SD 12/1 BDR BARU SRI DAMANSARA Sungai Buluh Petaling Malaysia,3.1895,101.5778
JALAN CEMPAKA SD 12/2 BDR BARU SRI DAMANSARA Sungai Buluh Petaling Malaysia,3.2164,101.5928
JALAN PJU 8/5E BDR DAMANSARA PERDANA Sungai Buluh Petaling Malaysia,3.183,101.611
JALAN PJU 8/5A BDR DAMANSARA PERDANA Sungai Buluh Petaling Malaysia,3.1735,101.6167
JLN PJU 8/3B BDR DAMANSARA PERDANA Sungai Buluh Petaling Malaysia,3.1939,101.6126
JLN PJU 8/5A (PERDANA BUSINESS CENTRE) BDR DAMANSARA PERDANA Sungai Buluh Petaling Malaysia,3.1639,101.6102
JLN PJU 8/5B BDR DAMANSARA PERDANA Sungai Buluh Petaling Malaysia,3.1608,101.6144
JLN PJU 8/5D BDR DAMANSARA PERDANA Sungai Buluh Petaling Malaysia,3.1655,101.6078
PJU 8/5B BDR DAMANSARA PERDANA Sungai Buluh Petaling Malaysia,3.1686,101.6016
JLN ESERINA  AB U16/AB ELMINA EAST Sungai Buluh Petaling Malaysia,3.1609,101.6116
JALAN BU 5/B MAHSING INTEGRETED IND PARK Sungai Buluh Petaling Malaysia,3.2096,101.5942
JALAN UTARID B U5/B MAHSING INTEGRETED IND PARK Sungai Buluh Petaling Malaysia,3.1534,101.5968
JALAN UTARID U5/D MAHSING INTEGRETED IND PARK Sungai Buluh Petaling Malaysia,3.1595,101.5387
JLN B U5/B MAHSING INTEGRETED IND PARK Sungai Buluh Petaling Malaysia,3.2,101.6
JLN UTARID B U5/B MAHSING INTEGRETED IND PARK Sungai Buluh Petaling Malaysia,3.2039,101.5518
JLN UTARID D U5/D MAHSING INTEGRETED IND PARK Sungai Buluh Petaling Malaysia,3.1989,101.5835
JLN UTARID U5/D MAHSING INTEGRETED IND PARK Sungai Buluh Petaling Malaysia,3.2112,101.5808
JLN TERATAI PJU 6 PUNCAK ARA DAMANSARA Sungai Buluh Petaling Malaysia,3.1458,101.6167
JLN TERATAI PJU 6A PUNCAK ARA DAMANSARA Sungai Buluh Petaling Malaysia,3.1735,101.5929
JLN PJU 1A/46 PUSAT DAGANGAN DANA 1 Sungai Buluh Petaling Malaysia,3.1749,101.5705
JLN SS 21/37 SS 21 DAMANSARA UTAMA Sungai Buluh Petaling Malaysia,3.1439,101.6198
"36A & 36B SS 25, PETALING JAYA Sungai Buluh Petaling Malaysia",3.1118,101.6144
JLN BULAN U5/BS SUBANG INT. LIGHT IND. PARK Sungai Buluh Petaling Malaysia,3.1869,101.5928
JALAN BRP 1/4 TAMAN BUKIT RAHMAN PUTRA Sungai Buluh Petaling Malaysia,3.2027,101.5696
JLN BPR 1/3 TAMAN BUKIT RAHMAN PUTRA Sungai Buluh Petaling Malaysia,3.1737,101.6124
JLN TASIK RAJA LUMU M U4/M U4-JUTA PERMAI Sungai Buluh Petaling Malaysia,3.1952,101.559
JALAN TASIK RAJA LUMU L U4/L U4-JUTA PERMAI Sungai Buluh Petaling Malaysia,3.211,101.577
JALAN TASIK RAJA LUMU LU4/L U4-JUTA PERMAI Sungai Buluh Petaling Malaysia,3.1985,101.585
JALAN TASIK RAJA LUMU M U4/M U4-JUTA PERMAI Sungai Buluh Petaling Malaysia,3.205,101.586
JLN TASIK RAJA LUMU K U4/K U4-JUTA PERMAI Sungai Buluh Petaling Malaysia,3.2007,101.5844
JLN TASIK RAJA LUMU L U4/L U4-JUTA PERMAI Sungai Buluh Petaling Malaysia,3.206,101.586
JLN TASIK RAJA LUMU MU4/M U4-JUTA PERMAI Sungai Buluh Petaling Malaysia,3.2032,101.6019
JALAN BERNAM PEKAN SEKINCHAN Pekan Sekinchan Sabak Bernam Malaysia,3.5458,101.093
JLN RIA PEKAN SEKINCHAN Pekan Sekinchan Sabak Bernam Malaysia,3.5089,101.0995
JLN PERDANA 2 SEKINCHAN PERDANA Pekan Sekinchan Sabak Bernam Malaysia,3.4798,101.0786
JLN BUNGA LOCENG KUNING PEKAN SUNGAI BESAR Pekan Sungai Besar Sabak Bernam Malaysia,3.675,101.041
"JALAN BERLIAN 1 TMN BERLIAN, SABAK BERNAM Sabak Sabak Bernam Malaysia",3.769,101.118
JALAN 1 BANDAR BARU SALAK TINGGI (MEDAN 120) Baru Baru Salak Tinggi Sepang Malaysia,2.8299,101.7079
JLN 6 COSMOPLEX (BB SALAK TINGGI) Baru Baru Salak Tinggi Sepang Malaysia,2.7736,101.703
JLN AWP ARENA XCHANGE WARISAN PUTERI Dengkil Sepang Malaysia,2.8364,101.7018
JLN KOTA WARISAN ARENA XCHANGE WARISAN PUTERI Dengkil Sepang Malaysia,2.8779,101.6513
JLN ABADI 2/2 CENTRIA @ ABADI HEIGHT Dengkil Sepang Malaysia,2.8275,101.6525
BLOK 1 CYBER VALLEY COMMERCIAL CENTRE Dengkil Sepang Malaysia,2.8383,101.6717
JLN CYBER VALLEY CYBER VALLEY COMMERCIAL CENTRE Dengkil Sepang Malaysia,2.8333,101.6833
NADAYU SQUARE CYBERJAYA Dengkil Sepang Malaysia,2.9229,101.6572
"BLOK B, JLN GC 3 CYBERJAYA( GLOMAC) Dengkil Sepang Malaysia",2.9236,101.6448
JLN GC 3 CYBERJAYA( GLOMAC) Dengkil Sepang Malaysia,2.9297,101.6517
JLN GC 7 CYBERJAYA( GLOMAC) Dengkil Sepang Malaysia,2.9246,101.6518
JLN GC 9 CYBERJAYA( GLOMAC) Dengkil Sepang Malaysia,2.9706,101.7271
JLN GC3 CYBERJAYA( GLOMAC) Dengkil Sepang Malaysia,2.9189,101.6573
JLN GC4 CYBERJAYA( GLOMAC) Dengkil Sepang Malaysia,2.8873,101.6517
JLN GC9 CYBERJAYA( GLOMAC) Dengkil Sepang Malaysia,2.8629,101.6564
BANDAR SIERRA D SIERRA PUCHONG (BDR SIERRA) Dengkil Sepang Malaysia,2.975,101.598
JALAN SIERRA 10/2 D SIERRA PUCHONG (BDR SIERRA) Dengkil Sepang Malaysia,2.981,101.645
JALAN SIERRA 10/3 D SIERRA PUCHONG (BDR SIERRA) Dengkil Sepang Malaysia,2.9865,101.6408
JLN SIERRA 10/1 D SIERRA PUCHONG (BDR SIERRA) Dengkil Sepang Malaysia,2.965,101.643
JLN SIERRA 10/2 D SIERRA PUCHONG (BDR SIERRA) Dengkil Sepang Malaysia,2.9984,101.6257
JALAN WARISAN SENTRAL 1 KIP SENTRAL KOTA WARISAN Dengkil Sepang Malaysia,2.8193,101.6939
JLN WARISAN SENTRAL 1 KIP SENTRAL KOTA WARISAN Dengkil Sepang Malaysia,2.858,101.7
JLN WARISAN MEGAH 1/4 KOTA  WARISAN Dengkil Sepang Malaysia,2.867,101.748
JALAN KENANGA 1/6 TMN KENANGA(SALAK PERDANA BUSINESS PARK) Dengkil Sepang Malaysia,2.8207,101.6617
JALAN KENANGA 1/1 TMN KENANGA(SALAK PERDANA BUSINESS PARK) Dengkil Sepang Malaysia,2.8775,101.6575
JALAN KENANGA 1/3 TMN KENANGA(SALAK PERDANA BUSINESS PARK) Dengkil Sepang Malaysia,2.8069,101.5336
JALAN KENANGA 1/4 TMN KENANGA(SALAK PERDANA BUSINESS PARK) Dengkil Sepang Malaysia,2.815,101.668
JALAN KENANGA 1/5 TMN KENANGA(SALAK PERDANA BUSINESS PARK) Dengkil Sepang Malaysia,2.8269,101.6528
JALAN KENANGA 1/7 TMN KENANGA(SALAK PERDANA BUSINESS PARK) Dengkil Sepang Malaysia,2.8383,101.6647
JLN KENANGA 1/1 TMN KENANGA(SALAK PERDANA BUSINESS PARK) Dengkil Sepang Malaysia,2.815,101.633
JLN KENANGA 1/3 TMN KENANGA(SALAK PERDANA BUSINESS PARK) Dengkil Sepang Malaysia,2.814,101.606
JLN KENANGA 1/5 TMN KENANGA(SALAK PERDANA BUSINESS PARK) Dengkil Sepang Malaysia,2.8439,101.6671
JALAN MERANTI JAYA TMN MERANTI JAYA Dengkil Sepang Malaysia,2.8401,101.6589
JALAN PUTRA IMPIANA 1 TMN PUTRA IMPIANA Dengkil Sepang Malaysia,2.8497,101.6158
JLN PUTRA IMPIANA 1 TMN PUTRA IMPIANA Dengkil Sepang Malaysia,2.7845,101.6548
JALAN PP 2/4 TMN PUTRA PRIMA Dengkil Sepang Malaysia,2.9115,101.6685
JALAN KENANGA 1/5 TMN SALAK PERDANA Dengkil Sepang Malaysia,2.8235,101.626
JLN MERANTI JAYA 3/1 TMN TANMING BOULEVARD Dengkil Sepang Malaysia,2.848,101.684
JALAN MERANTI JAYA 3/1 TMN TANMING BOULEVARD Dengkil Sepang Malaysia,2.8395,101.6645
JALAN KLIA AVENUE THE PINEWOOD@KLIA AVENUE Pekan Baru Salak Tinggi Sepang Malaysia,2.8179,101.7009
JLN BUNGA RAYA 2 TMN BUNGA RAYA (BBST) Pekan Baru Salak Tinggi Sepang Malaysia,2.8092,101.6993
JLN SRI SELAYANG TAMAN SRI SELAYANG Bandar Batu Caves Gombak Malaysia,3.2386,101.6565
LORONG SELANGOR TAMAN MELAWATI Bandar Hulu Kelang Gombak Malaysia,3.2409,101.7511
LRG SELANGOR TAMAN MELAWATI Bandar Hulu Kelang Gombak Malaysia,3.2237,101.7568
JALAN KIP 1 MEDA INDUSTRIAL PARK Bandar Kepong Gombak Malaysia,3.2329,101.6574
JALAN KIP 2 MEDA INDUSTRIAL PARK Bandar Kepong Gombak Malaysia,3.2086,101.6869
JALAN 53 TAMAN DESA JAYA Bandar Kepong Gombak Malaysia,3.2047,101.6556
JALAN 54 TAMAN DESA JAYA Bandar Kepong Gombak Malaysia,3.2145,101.6607
JALAN BCH 1/4 BANDAR COUNTRY HOMES Bandar Kundang Gombak Malaysia,3.295,101.556
JALAN DESA 9/6 BANDAR COUNTRY HOMES Bandar Kundang Gombak Malaysia,3.2899,101.5824
JALAN DESA 9/7 BANDAR COUNTRY HOMES Bandar Kundang Gombak Malaysia,3.2333,101.549
JALAN PUSAT BCH 1/4 BANDAR COUNTRY HOMES Bandar Kundang Gombak Malaysia,3.2052,101.5478
JALAN 1B TAMAN JATI Bandar Rawang Gombak Malaysia,3.321,101.575
JALAN PS 8/1 PRIMA SELAYANG Bandar Selayang Gombak Malaysia,3.2445,101.6525
JALAN PS 8/2 PRIMA SELAYANG Bandar Selayang Gombak Malaysia,3.2608,101.6482
JALAN PS 8/3 PRIMA SELAYANG Bandar Selayang Gombak Malaysia,3.2365,101.6559
JALAN PS 9 PRIMA SELAYANG Bandar Selayang Gombak Malaysia,3.235,101.681
JALAN PS 9/1 PRIMA SELAYANG Bandar Selayang Gombak Malaysia,3.245,101.666
JALAN 45 KAMPONG SELAYANG BARU Batu Gombak Malaysia,3.2227,101.6828
JALAN BESAR KAMPONG SELAYANG BARU Batu Gombak Malaysia,3.2465,101.6683
JALAN PRIMA SG3/1 PRIMA SRI GOMBAK Batu Gombak Malaysia,3.2507,101.7165
JALAN DAYA 11 TAMAN DAYA Batu Gombak Malaysia,3.0227,101.6754
JALAN SAMUDRA UTAMA TAMAN SAMUDRA Batu Gombak Malaysia,3.2079,101.7165
JALAN SRI SELAYANG TAMAN SRI SELAYANG Batu Gombak Malaysia,3.2389,101.6857
JLN SRI SELAYANG TAMAN SRI SELAYANG Batu Gombak Malaysia,3.2236,101.6726
JALAN AWAN KAMPONG BARU HULU KELANG (KG K  AMPANG) Hulu Klang Gombak Malaysia,3.2067,101.7571
JALAN SRI SELAYANG TAMAN SRI SELAYANG Pekan Batu Caves Gombak Malaysia,3.2475,101.6969
JLN SRI SELAYANG TAMAN SRI SELAYANG Pekan Batu Caves Gombak Malaysia,3.2247,101.6748
JALAN NEGARA TAMAN MELAWATI Setapak Gombak Malaysia,3.2434,101.7606
JALAN BANDAR 11 TAMAN MELAWATI Setapak Gombak Malaysia,3.2281,101.7642
JALAN BANDAR 12 TAMAN MELAWATI Setapak Gombak Malaysia,3.2235,101.764
JLN 12 TAMAN MELAWATI Setapak Gombak Malaysia,3.2449,101.7356
JLN BANDAR 11 METRO II TAMAN MELAWATI Setapak Gombak Malaysia,3.2275,101.7475
JLN BANDAR 12 TAMAN MELAWATI Setapak Gombak Malaysia,3.2366,101.7388
JLN BANDAR MELAWATI TAMAN MELAWATI Setapak Gombak Malaysia,3.2328,101.7361
JLN Ampang UTAMA 1/1 ONE Ampang AVENUE Ampang Hulu Langat Malaysia,3.143,101.761
JALAN SULAIMAN 3 TMN AMPANG HILIR Ampang Hulu Langat Malaysia,3.1558,101.7392
JLN BS 7 TMN BKT SEGAR (AMPANG) Ampang Hulu Langat Malaysia,3.105,101.782
JLN BS 9 TMN BKT SEGAR (AMPANG) Ampang Hulu Langat Malaysia,3.137,101.76
JALAN MEMANDA 9 TMN DATUK  AHMAD RAZALI Ampang Hulu Langat Malaysia,3.1307,101.7574
JLN MEMANDA 7 TMN DATUK  AHMAD RAZALI Ampang Hulu Langat Malaysia,3.1219,101.7578
LORONG MEMANDA 2 TMN DATUK  AHMAD RAZALI Ampang Hulu Langat Malaysia,3.1435,101.7518
LORONG MEMANDA 9 TMN DATUK  AHMAD RAZALI Ampang Hulu Langat Malaysia,3.1089,101.7494
LORONG MEMANDA SATU TMN DATUK  AHMAD RAZALI Ampang Hulu Langat Malaysia,3.1282,101.7558
JALAN PERDANA 10/10 TMN KENCANA Ampang Hulu Langat Malaysia,3.1466,101.7442
JALAN MAJU 3/3 TMN LEMBAH MAJU Ampang Hulu Langat Malaysia,3.145,101.762
JLN PANDAN 3/5 TMN PANDAN JAYA Ampang Hulu Langat Malaysia,3.1236,101.7442
"20-A,20-B & 20-C, JLN WAWASAN 2/12 BDR BARU AMPANG Bandar Ampang Hulu Langat Malaysia",3.1235,101.7609
JLN PANDAN INDAH 4/1A TMN PANDAN INDAH Bandar Ampang Hulu Langat Malaysia,3.1139,101.7487
BANGI BOULEVARD/JLN MEDAN PUSAT BDR 8A PUSAT BDR BARU BANGI Bandar Baru Bangi Hulu Langat Malaysia,3.0689,101.7606
JALAN MEDAN PB1 PUSAT BDR BARU BANGI Bandar Baru Bangi Hulu Langat Malaysia,3.0646,101.7087
JALAN MEDAN PUSAT BANDAR 8 PUSAT BDR BARU BANGI Bandar Baru Bangi Hulu Langat Malaysia,2.9636,101.7582
JLN MEDAN PUSAT BANDAR 7A PUSAT BDR BARU BANGI Bandar Baru Bangi Hulu Langat Malaysia,3.1586,101.7427
JLN MEDAN PUSAT BANDAR 8 BANGI SENTRAL PUSAT BDR BARU BANGI Bandar Baru Bangi Hulu Langat Malaysia,3.0468,101.7521
JLN MEDAN PUSAT BANDAR AA PUSAT BDR BARU BANGI Bandar Baru Bangi Hulu Langat Malaysia,2.9427,101.7431
JLN MEDAN PUSAT BDR 7 PUSAT BDR BARU BANGI Bandar Baru Bangi Hulu Langat Malaysia,3.1167,101.7333
MEDAN PB1 PUSAT BDR BARU BANGI Bandar Baru Bangi Hulu Langat Malaysia,2.924,101.778
JLN SS 2/2 PEKAN BT 11 Bandar Cheras Hulu Langat Malaysia,3.0743,101.7481
BT 11 JLN BALAKONG PEKAN BT 11 Bandar Cheras Hulu Langat Malaysia,3.0275,101.7708
JLN SS 2/1 PEKAN BT 11 Bandar Cheras Hulu Langat Malaysia,3.0625,101.7483
JLN KASTURI 3 PLAZA KASTURI Bandar Cheras Hulu Langat Malaysia,3.082,101.747
JALAN DUTA MAS 1 TMN DUTAMAS COMMERCIAL SQUARE Bandar Cheras Hulu Langat Malaysia,3.0869,101.7416
JLN KASTURI 10 TMN KASTURI Bandar Cheras Hulu Langat Malaysia,3.0919,101.7411
JLN JELOK 6 BDR KAJANG Bandar Kajang Hulu Langat Malaysia,2.9938,101.7932
JLN REKO SENTRAL 6 REKO SENTRAL Bandar Kajang Hulu Langat Malaysia,3.0086,101.7955
JALAN SEKSYEN 3/19 TMN KAJANG UTAMA Bandar Kajang Hulu Langat Malaysia,3.0569,101.7906
JLN SEK 3/2 TMN KAJANG UTAMA Bandar Kajang Hulu Langat Malaysia,3.0231,101.7948
JLN SEK 3/5 TMN KAJANG UTAMA Bandar Kajang Hulu Langat Malaysia,3.0063,101.7894
JLN SEK 3/6 TMN KAJANG UTAMA Bandar Kajang Hulu Langat Malaysia,2.9946,101.7925
JLN SEKSYEN 3/7 TMN KAJANG UTAMA Bandar Kajang Hulu Langat Malaysia,3.0106,101.7939
JALAN M/J1 TMN MAJLIS JAYA Bandar Kajang Hulu Langat Malaysia,3.0457,101.7957
JLN MAJLIS JAYA 1 TMN MAJLIS JAYA Bandar Kajang Hulu Langat Malaysia,3.0105,101.7936
JLN DAMAI PERDANA 1/8A BDR DAMAI PERDANA Cheras Hulu Langat Malaysia,3.0812,101.7708
JLN DAMAI PERDANA 1/8B BDR DAMAI PERDANA Cheras Hulu Langat Malaysia,3.0863,101.7512
JLN TEMENGGUNG 1/9 BDR MAHKOTA CHERAS Cheras Hulu Langat Malaysia,3.039,101.76
JLN TEMENGGUNG 7/9 BDR MAHKOTA CHERAS Cheras Hulu Langat Malaysia,3.0905,101.7838
JLN TEMENGGUNG 29/9 BDR MAHKOTA CHERAS Cheras Hulu Langat Malaysia,3.0833,101.7667
JLN ALAM JAYA 15 TMN ALAM JAYA Cheras Hulu Langat Malaysia,3.0768,101.7585
JLN ALAM JAYA 17 TMN ALAM JAYA Cheras Hulu Langat Malaysia,3.075,101.783
JLN ALAM JAYA 19 TMN ALAM JAYA Cheras Hulu Langat Malaysia,3.0868,101.7651
JLN JUARA 1/1 TMN JUARA JAYA Cheras Hulu Langat Malaysia,3.0643,101.7452
JLN JUARA 1/4 TMN JUARA JAYA Cheras Hulu Langat Malaysia,3.085,101.766
JLN BUNGA MELUR 8 TMN SURIA JAYA Cheras Hulu Langat Malaysia,3.0465,101.741
JLN SRI PUTRA 1/6 BANDAR SRI PUTRA Kajang Hulu Langat Malaysia,3.0006,101.6154
JALAN SERI  PUTRA 1/4 BDR SRI PUTRA Kajang Hulu Langat Malaysia,2.9846,101.6528
JLN SRI PUTRA 1/1 BDR SRI PUTRA Kajang Hulu Langat Malaysia,2.9847,101.7538
JLN SRI PUTRA 1/6 BDR SRI PUTRA Kajang Hulu Langat Malaysia,3.0089,101.7558
JALAN MEDAN PB 1 PUSAT BDR BARU BANGI Kajang Hulu Langat Malaysia,3.0459,101.7559
MEDAN PB1 PUSAT BDR BARU BANGI Kajang Hulu Langat Malaysia,2.9608,101.7877
JALAN IMPIAN PERDANA 1 TMN SAUJANA IMPIAN Kajang Hulu Langat Malaysia,3.0032,101.7938
JLN AWANA 15 TMN CHERAS AWANA Pekan Cheras Hulu Langat Malaysia,3.0926,101.741
JLN SAYANG 3 TMN RASA SAYANG Pekan Cheras Hulu Langat Malaysia,3.074,101.766
JLN BUNGA MELUR 5 TMN SURIA JAYA Pekan Cheras Hulu Langat Malaysia,3.093,101.748
JLN DESA SERDANG 1 DESA SERDANG Pekan Kajang Hulu Langat Malaysia,3.0199,101.7668
JALAN SEROJA 1A BUKIT SENTOSA Bandar Serendah Hulu Selangor Malaysia,3.435,101.615
JALAN SEROJA 1A BUKIT SENTOSA Serendah Hulu Selangor Malaysia,3.5286,101.5358
JALAN KAPAR BDR KLANG Bandar Kelang Klang Malaysia,3.0433,101.4495
JALAN MIRI BDR KLANG Bandar Kelang Klang Malaysia,3.033,101.45
JLN POS BHARU BDR KLANG Bandar Kelang Klang Malaysia,3.0286,101.4517
JLN TAPAH OFF JLN GOH HOCK HUAT BDR KLANG Bandar Kelang Klang Malaysia,3.0333,101.45
LORONG GOPENG BDR KLANG Bandar Kelang Klang Malaysia,3.03,101.45
PER. RAJA MUDA MUSA BDR KLANG Bandar Kelang Klang Malaysia,3.0433,101.4506
JLN EMPAYAR OFF PERS. SULTAN IBRAHIM GALERI EMPIRE Bandar Kelang Klang Malaysia,3.0427,101.4461
JLN EMPAYAR OFF PERS. SULTAN IBR GALERI EMPIRE Bandar Kelang Klang Malaysia,3.0439,101.4496
JLN EMPAYAR OFF PERS. SULTAN IBRAH GALERI EMPIRE Bandar Kelang Klang Malaysia,3.0446,101.4472
OFF PERSIARAN SULTAN IBRAHIM/KU1 GALERI EMPIRE Bandar Kelang Klang Malaysia,3.0315,101.4499
JLN PASAR BARU 3 OFF JLN MERU Bandar Kelang Klang Malaysia,3.0426,101.4468
LINTANG PEKAN BARU OFF JLN MERU Bandar Kelang Klang Malaysia,3.033,101.445
JLN PASAR BARU PASAR BARU Bandar Kelang Klang Malaysia,3.0436,101.4481
JLN PASAR BARU 3 PASAR BARU Bandar Kelang Klang Malaysia,3.0369,101.4464
GOH HOCK HUAT SEK. 21-28 BDR KLANG Bandar Kelang Klang Malaysia,3.0472,101.4494
JALAN GOPENG SEK. 21-28 BDR KLANG Bandar Kelang Klang Malaysia,3.0259,101.4451
JALAN NENAS SEK. 21-28 BDR KLANG Bandar Kelang Klang Malaysia,3.0319,101.4496
JALAN RAJA BOT SEK. 21-28 BDR KLANG Bandar Kelang Klang Malaysia,3.0315,101.4476
JALAN TAIPING SEK. 21-28 BDR KLANG Bandar Kelang Klang Malaysia,3.0441,101.4494
JALAN TEMOH SEK. 21-28 BDR KLANG Bandar Kelang Klang Malaysia,3.0578,101.4464
"JLN KAPAR, SEK 23 SEK. 21-28 BDR KLANG Bandar Kelang Klang Malaysia",3.0318,101.4441
JLN NANAS SEK. 21-28 BDR KLANG Bandar Kelang Klang Malaysia,3.043,101.451
JLN TAIPING SEK. 21-28 BDR KLANG Bandar Kelang Klang Malaysia,3.0196,101.4456
JLN TAPAH SEK. 21-28 BDR KLANG Bandar Kelang Klang Malaysia,3.0346,101.4494
LEBOH GOPENG SEK. 21-28 BDR KLANG Bandar Kelang Klang Malaysia,3.032,101.444
"LEBOH TAPAH, OFF JLN GOH HOCH HUAT SEK. 21-28 BDR KLANG Bandar Kelang Klang Malaysia",3.0434,101.4452
LEBUH GOPENG SEK. 21-28 BDR KLANG Bandar Kelang Klang Malaysia,3.0417,101.4486
LORONG GELUGOR SEK. 21-28 BDR KLANG Bandar Kelang Klang Malaysia,3.041,101.445
LORONG GOPENG SEK. 21-28 BDR KLANG Bandar Kelang Klang Malaysia,3.0339,101.4472
LORONG GUDANG NANAS 1 SEK. 21-28 BDR KLANG Bandar Kelang Klang Malaysia,3.0365,101.4472
LORONG GUDANG NANAS 2 SEK. 21-28 BDR KLANG Bandar Kelang Klang Malaysia,3.0275,101.4529
LORONG TEMOH SEK. 21-28 BDR KLANG Bandar Kelang Klang Malaysia,3.044,101.449
LRG GUDANG NANAS 1 SEK. 21-28 BDR KLANG Bandar Kelang Klang Malaysia,3.0446,101.4494
LRG GUDANG NENAS 1 SEK. 21-28 BDR KLANG Bandar Kelang Klang Malaysia,3.0322,101.4506
LRG NANAS 2 SEK. 21-28 BDR KLANG Bandar Kelang Klang Malaysia,3.0337,101.4455
LRG RAJA BOT SEK. 21-28 BDR KLANG Bandar Kelang Klang Malaysia,3.0333,101.45
LRG TAPAH SEK. 21-28 BDR KLANG Bandar Kelang Klang Malaysia,3.0436,101.4487
LRG TEMOH SEK. 21-28 BDR KLANG Bandar Kelang Klang Malaysia,3.049,101.45
LRG. GOPENG DI JLN. GOH HOCK HUAT SEK. 21-28 BDR KLANG Bandar Kelang Klang Malaysia,3.0422,101.4499
OFF JLN RAJA BOT SEK. 21-28 BDR KLANG Bandar Kelang Klang Malaysia,3.0556,101.4456
JLN TELOK PULAI TELOK PULAI COMMERCIAL CENTRE Bandar Kelang Klang Malaysia,3.0222,101.4458
JALAN TIARA 1B BDR BARU KLANG Kapar Klang Malaysia,3.0489,101.4496
JALAN TIARA 3 BDR BARU KLANG Kapar Klang Malaysia,3.0442,101.4648
LORONG TIARA 1A BDR BARU KLANG Kapar Klang Malaysia,3.029,101.426
LRG TIARA 1A BDR BARU KLANG Kapar Klang Malaysia,3.0443,101.4492
LRG TIARA 1B BDR BARU KLANG Kapar Klang Malaysia,3.136,101.449
JLN TAPAH BDR KLANG Kapar Klang Malaysia,3.0617,101.4496
JLN PULAU PINANG 3 NEW CITY BUSINESS CENTRE Kapar Klang Malaysia,3.0941,101.4424
LEBOH PULAU PINANG NEW CITY BUSINESS CENTRE Kapar Klang Malaysia,3.1224,101.4436
LEBUH PULAU PINANG NEW CITY BUSINESS CENTRE Kapar Klang Malaysia,3.0107,101.4224
LRG BUKIT KUDA OFF JALAN BATU 3 LAMA Kapar Klang Malaysia,3.0679,101.4135
JALAN SUSUR BATU 1 1/2 DI JALAN MERU OFF JLN MERU Kapar Klang Malaysia,3.133,101.433
JLN SUSUR OFF JLN MERU Kapar Klang Malaysia,3.156,101.432
LEBUH TAPAH SEK. 21-28 BDR KLANG Kapar Klang Malaysia,3.0304,101.3857
JLN SUNGAI BURUNG 32/66 BUKIT RIMAU Kelang Klang Malaysia,3.022,101.504
JALAN BAYU LAUT 4/KS09 GRAVIT8 Kelang Klang Malaysia,3.035,101.448
JLN BAYU LAUT 4 GRAVIT8 Kelang Klang Malaysia,3.052,101.458
JLN BAYU LAUT 4B/KS09 GRAVIT8 Kelang Klang Malaysia,3.0024,101.4158
SAZEAN BUSINESS PARK GRAVIT8 Kelang Klang Malaysia,3.0017,101.4075
"JALAN PERIGI NENAS 8/3 INDAH POINT, PULAU INDAH Kelang Klang Malaysia",3.0003,101.3751
"JALAN PERIGI NENAS 8/5 INDAH POINT, PULAU INDAH Kelang Klang Malaysia",3.005,101.406
"JLN PERIGI NENAS 8/3 INDAH POINT, PULAU INDAH Kelang Klang Malaysia",2.995,101.34
"JLN PERIGI NENAS 8/4 INDAH POINT, PULAU INDAH Kelang Klang Malaysia",3.0,101.35
JALAN BAYU LAUT 1/KS09 KOTA BAYUEMAS Kelang Klang Malaysia,3.0168,101.4589
JALAN BAYU LAUT 4/KS09 KOTA BAYUEMAS Kelang Klang Malaysia,3.0103,101.4516
JALAN ANGGERIK VANILLA 31/93 KOTA KEMUNING Kelang Klang Malaysia,3.0039,101.534
JALAN ANGGERIK VANILLA Y31/Y KOTA KEMUNING Kelang Klang Malaysia,3.009,101.539
JALAN ANGGERIK VANILLA N31/N KOTA KEMUNING Kelang Klang Malaysia,3.0047,101.5045
JALAN ANGGERIK VANILLA S31/S KOTA KEMUNING Kelang Klang Malaysia,3.0076,101.4989
JALAN VANILLA Y31/Y KOTA KEMUNING Kelang Klang Malaysia,3.0046,101.5652
JLN ANGGERIK VANILLA 31/S KOTA KEMUNING Kelang Klang Malaysia,2.9749,101.533
JLN ANGGERIK VANILLA N31/N KOTA KEMUNING Kelang Klang Malaysia,3.003,101.521
JLN ANGGERIK VANILLA S 31/S KOTA KEMUNING Kelang Klang Malaysia,3.0076,101.5492
PERSIARAN RAJA MUDA MUSA PELABUHAN KLANG Kelang Klang Malaysia,3.0167,101.4
PULAU INDAH INDUSTRIAL PARK PULAU INDAH INDUSTRIAL PARK Kelang Klang Malaysia,3.0002,101.4104
INDAH POINT PULAU INDAH INDUSTRIAL PARK Kelang Klang Malaysia,3.0167,101.4333
JALAN PERIGI NENAS 8/3 PULAU INDAH INDUSTRIAL PARK Kelang Klang Malaysia,3.002,101.414
JALAN PERIGI NENAS 8/6 PULAU INDAH INDUSTRIAL PARK Kelang Klang Malaysia,3.0069,101.4006
JLN PERIGI NANAS 8/4 PULAU INDAH INDUSTRIAL PARK Kelang Klang Malaysia,3.0188,101.4152
JLN PERIGI NANAS 8/5 PULAU INDAH INDUSTRIAL PARK Kelang Klang Malaysia,3.0167,101.4167
BATU UNJUR 1 TMN BAYU PERDANA Kelang Klang Malaysia,3.0466,101.4543
JALAN BATU UNJUR 1 TMN BAYU PERDANA Kelang Klang Malaysia,3.0225,101.441
JLN BATU UNJUR TMN BAYU PERDANA Kelang Klang Malaysia,3.042,101.451
JLN BATU UNJUR 1 TMN BAYU PERDANA Kelang Klang Malaysia,3.0267,101.4464
JLN BATU UNJUR 7 TMN BAYU PERDANA Kelang Klang Malaysia,3.0315,101.4447
PSRN PEGAGA TMN BAYU PERDANA Kelang Klang Malaysia,3.033,101.45
LRG TEMENGGUNG 15A TMN SENTOSA PERDANA Kelang Klang Malaysia,3.031,101.443
"JALAN DAMAI 25/60 TMN SRI MUDA, SEK. 25 SHAH ALAM Kelang Klang Malaysia",3.0175,101.528
"JALAN MURNI 25/61 TMN SRI MUDA, SEK. 25 SHAH ALAM Kelang Klang Malaysia",3.0079,101.5396
"JALAN SETIA  25/65 TMN SRI MUDA, SEK. 25 SHAH ALAM Kelang Klang Malaysia",3.0428,101.5072
"JALAN TERAJU 25/66 TMN SRI MUDA, SEK. 25 SHAH ALAM Kelang Klang Malaysia",3.0239,101.5274
"JLN DAMAI 25/60 TMN SRI MUDA, SEK. 25 SHAH ALAM Kelang Klang Malaysia",3.0167,101.5333
"JLN MEWAH 25/63 TMN SRI MUDA, SEK. 25 SHAH ALAM Kelang Klang Malaysia",3.0333,101.5333
"JLN MURNI 25/61 TMN SRI MUDA, SEK. 25 SHAH ALAM Kelang Klang Malaysia",3.0428,101.5148
"JLN RIA 25/62 TMN SRI MUDA, SEK. 25 SHAH ALAM Kelang Klang Malaysia",3.0247,101.5039
"JLN TERAJU 25/67 TMN SRI MUDA, SEK. 25 SHAH ALAM Kelang Klang Malaysia",3.028,101.537
PERSIARAN RAJA MUDA MUSA TMN SRI PESONA Kelang Klang Malaysia,3.0636,101.4496
PERSIARAN RAJA MUSA TMN SRI PESONA Kelang Klang Malaysia,3.044,101.447
JLN PANDAMARAN KG BHARU PANDAMARAN Pekan Pendamaran Klang Malaysia,3.0026,101.3869
JLN SENTUL OFF PSRN AJA MUDA M PELABUHAN KLANG Pekan Port Swettenham Klang Malaysia,3.0267,101.3573
JALAN KEM PELABUHAN KLANG Pekan Port Swettenham Klang Malaysia,3.0006,101.3967
JLN CUNGAH PELABUHAN KLANG Pekan Port Swettenham Klang Malaysia,3.0015,101.3522
LEBOH BERINGIN PELABUHAN KLANG Pekan Port Swettenham Klang Malaysia,3.043,101.388
LEBUH BERINGIN PELABUHAN KLANG Pekan Port Swettenham Klang Malaysia,3.001,101.35
LEBUH BERINGIN/ LABUH BERINGIN PELABUHAN KLANG Pekan Port Swettenham Klang Malaysia,3.0,101.4
LRG CUNGAH PELABUHAN KLANG Pekan Port Swettenham Klang Malaysia,3.0028,101.3905
PSRN RAJA MUDA MUSA PELABUHAN KLANG (PRSN RAJA MUDA MUSA) Pekan Port Swettenham Klang Malaysia,3.0033,101.3857
LORONG BEREMBANG TMN SRI BEREMBANG Pekan Port Swettenham Klang Malaysia,3.0308,101.4356
LRG BEREMBANG TMN SRI BEREMBANG Pekan Port Swettenham Klang Malaysia,3.0339,101.4436
"PT654 (508), LRG BEREMBANG TMN SRI BEREMBANG Pekan Port Swettenham Klang Malaysia",3.0029,101.3878
JALAN SP 1/1 BDR SAUJANA PUTRA Tanjung 12 Kuala Langat Malaysia,2.9119,101.5505
JLN SP 1/1 BDR SAUJANA PUTRA Tanjung 12 Kuala Langat Malaysia,2.9925,101.5675
CHANGKAT THAMBI DOLLAH CHANGKAT THAMBI DOLAH Kuala Lumpur Town Centre Kuala Lumpur Malaysia,3.1579,101.7141
JLN CHANGKAT THAMBI DOLLAH CHANGKAT THAMBI DOLAH Kuala Lumpur Town Centre Kuala Lumpur Malaysia,3.1606,101.7182
"BT. 3 1/2, JALAN KELANG LAMA INDAH UPC Kuala Lumpur Town Centre Kuala Lumpur Malaysia",3.123,101.688
JLN KELANG LAMA INDAH UPC Kuala Lumpur Town Centre Kuala Lumpur Malaysia,3.1439,101.6958
JLN BUKIT BINTANG JALAN BUKIT BINTANG Kuala Lumpur Town Centre Kuala Lumpur Malaysia,3.1478,101.7146
JLN CHERAS JALAN CHERAS Kuala Lumpur Town Centre Kuala Lumpur Malaysia,3.1333,101.7113
JALAN CHOO CHENG KHAY JALAN CHOO CHENG KHAY Kuala Lumpur Town Centre Kuala Lumpur Malaysia,3.1649,101.7103
JLN CHOO CHENG KHAY JALAN CHOO CHENG KHAY Kuala Lumpur Town Centre Kuala Lumpur Malaysia,3.1579,101.7127
JALAN CHOW KIT JALAN CHOW KIT/JALAN PUTRA Kuala Lumpur Town Centre Kuala Lumpur Malaysia,3.1659,101.7047
JALAN DATO HAJI EUSOFF JALAN DATO HAJI EUSOFF Kuala Lumpur Town Centre Kuala Lumpur Malaysia,3.1728,101.7113
JLN DATO HJ EUSOFF JALAN DATO HAJI EUSOFF Kuala Lumpur Town Centre Kuala Lumpur Malaysia,3.1592,101.7198
JALAN TUN H.S.LEE JALAN HANG KASTURI/JALAN RODGER Kuala Lumpur Town Centre Kuala Lumpur Malaysia,3.145,101.697
BATU 2 1/4 JLN IPOH JALAN IPOH Kuala Lumpur Town Centre Kuala Lumpur Malaysia,3.1683,101.7036
JALAN IPOH BT 2 1/2 JALAN IPOH Kuala Lumpur Town Centre Kuala Lumpur Malaysia,3.1766,101.6833
JLN KHOO TEIK EE JALAN KHOO TEIK EE Kuala Lumpur Town Centre Kuala Lumpur Malaysia,3.1587,101.7172
JALAN LANDAK JALAN  LANDAK Kuala Lumpur Town Centre Kuala Lumpur Malaysia,3.1555,101.7077
JALAN LANDAK OFF JLN PUDU JALAN  LANDAK Kuala Lumpur Town Centre Kuala Lumpur Malaysia,3.1446,101.7128
JALAN LOKE YEW JALAN LOKE YEW Kuala Lumpur Town Centre Kuala Lumpur Malaysia,3.1412,101.7171
JLN LOKE YEW JALAN LOKE YEW Kuala Lumpur Town Centre Kuala Lumpur Malaysia,3.1349,101.7187
JALAN MAHARAJALELA JALAN MAHARAJALELA Kuala Lumpur Town Centre Kuala Lumpur Malaysia,3.1517,101.7057
JLN BUNUS JALAN MASJID INDIA Kuala Lumpur Town Centre Kuala Lumpur Malaysia,3.1555,101.6995
JALAN NYONYA OFF JLN BRUNEI JALAN NYONYA Kuala Lumpur Town Centre Kuala Lumpur Malaysia,3.1526,101.7066
JLN CEMUR JALAN PAHANG Kuala Lumpur Town Centre Kuala Lumpur Malaysia,3.1711,101.7077
JLN PAHANG JALAN PAHANG Kuala Lumpur Town Centre Kuala Lumpur Malaysia,3.1652,101.7036
JLN PAHANG BARAT JALAN PAHANG BARAT Kuala Lumpur Town Centre Kuala Lumpur Malaysia,3.1604,101.7146
JALAN PUDU JALAN PUDU Kuala Lumpur Town Centre Kuala Lumpur Malaysia,3.1405,101.7072
JALAN RAJA LAUT JALAN RAJA LAUT Kuala Lumpur Town Centre Kuala Lumpur Malaysia,3.1536,101.6975
JALAN SENTUL JALAN SENTUL Kuala Lumpur Town Centre Kuala Lumpur Malaysia,3.1783,101.6942
JALAN SENTUL MANIS JALAN SENTUL Kuala Lumpur Town Centre Kuala Lumpur Malaysia,3.1701,101.6986
JALAN SULTAN ISMAIL JALAN SULTAN ISMAIL Kuala Lumpur Town Centre Kuala Lumpur Malaysia,3.1579,101.7108
BT 2 1/2  JLN SUNGEI BESI JALAN SUNGAI BESI Kuala Lumpur Town Centre Kuala Lumpur Malaysia,3.1333,101.7
JLN TAR JALAN TUANKU ABD RAHMAN Kuala Lumpur Town Centre Kuala Lumpur Malaysia,3.1569,101.7108
JLN TUANKU ABD RAHMAN JALAN TUANKU ABD RAHMAN Kuala Lumpur Town Centre Kuala Lumpur Malaysia,3.1592,101.7084
JLN THAMBY ABDULLAH KAW BRICKFIELDS Kuala Lumpur Town Centre Kuala Lumpur Malaysia,3.1333,101.6869
JALAN BRICKFIELDS KAW JLN TUN SAMBANTHAN (BRICKFIELDS) Kuala Lumpur Town Centre Kuala Lumpur Malaysia,3.1325,101.6868
JLN VIVEKANANDA KAW JLN TUN SAMBANTHAN (BRICKFIELDS) Kuala Lumpur Town Centre Kuala Lumpur Malaysia,3.1304,101.6869
JALAN BABA KAWASAN JALAN BRUNEI Kuala Lumpur Town Centre Kuala Lumpur Malaysia,3.1552,101.7076
JALAN LANDAK KAWASAN JALAN BRUNEI Kuala Lumpur Town Centre Kuala Lumpur Malaysia,3.1567,101.7057
JLN CHKT THAMBY DOLLAH KAWASAN JALAN BRUNEI Kuala Lumpur Town Centre Kuala Lumpur Malaysia,3.1602,101.7044
JLN NYONYA KAWASAN JALAN BRUNEI Kuala Lumpur Town Centre Kuala Lumpur Malaysia,3.1646,101.7112
LORONG THAMBI 2 KAWASAN JALAN BRUNEI Kuala Lumpur Town Centre Kuala Lumpur Malaysia,3.1479,101.7088
LORONG MERANTI KAWASAN  JALAN KENANGA Kuala Lumpur Town Centre Kuala Lumpur Malaysia,3.1495,101.6942
LORONG MERANTI 2 KAWASAN  JALAN KENANGA Kuala Lumpur Town Centre Kuala Lumpur Malaysia,3.1579,101.7117
LORONG MERANTI 3 KAWASAN  JALAN KENANGA Kuala Lumpur Town Centre Kuala Lumpur Malaysia,3.1557,101.7091
LORONG MERBAU KAWASAN  JALAN KENANGA Kuala Lumpur Town Centre Kuala Lumpur Malaysia,3.1544,101.7107
LRG MERANTI 2 KAWASAN  JALAN KENANGA Kuala Lumpur Town Centre Kuala Lumpur Malaysia,3.163,101.713
LRG MERANTI 3 KAWASAN  JALAN KENANGA Kuala Lumpur Town Centre Kuala Lumpur Malaysia,3.159,101.712
LRG MERBAU KAWASAN  JALAN KENANGA Kuala Lumpur Town Centre Kuala Lumpur Malaysia,3.1579,101.7079
LORONG HAJI TAIB 4 KAWASAN LORONG HAJI TAIB Kuala Lumpur Town Centre Kuala Lumpur Malaysia,3.1556,101.7028
LRG HAJI TAIB 1 KAWASAN LORONG HAJI TAIB Kuala Lumpur Town Centre Kuala Lumpur Malaysia,3.1662,101.7046
JALAN BUKIT BINTANG KL PLAZA Kuala Lumpur Town Centre Kuala Lumpur Malaysia,3.1499,101.7148
JALAN MURAI 2 KOMPLEKS BATU Kuala Lumpur Town Centre Kuala Lumpur Malaysia,3.1758,101.7037
JLN IPOH KOMPLEKS BATU Kuala Lumpur Town Centre Kuala Lumpur Malaysia,3.1628,101.7093
"JLN MURAI 1, OFF JLN IPOH KOMPLEKS BATU Kuala Lumpur Town Centre Kuala Lumpur Malaysia",3.1529,101.6945
JALAN BARAT MEDAN IMBI Kuala Lumpur Town Centre Kuala Lumpur Malaysia,3.1469,101.7173
MEDAN IMBI MEDAN IMBI Kuala Lumpur Town Centre Kuala Lumpur Malaysia,3.1532,101.7122
LRG MEDAN TUANKU 1 MEDAN TUANKU Kuala Lumpur Town Centre Kuala Lumpur Malaysia,3.1608,101.6994
JALAN KEMUJA OFF JALAN BANGSAR Kuala Lumpur Town Centre Kuala Lumpur Malaysia,3.1412,101.6784
JLN ABDULLAH OFF JALAN BANGSAR Kuala Lumpur Town Centre Kuala Lumpur Malaysia,3.1327,101.6861
JALAN PEKELILING OFF JALAN PAHANG Kuala Lumpur Town Centre Kuala Lumpur Malaysia,3.1707,101.6922
JALAN PEKELILING LAMA OFF JALAN PAHANG Kuala Lumpur Town Centre Kuala Lumpur Malaysia,3.1652,101.7046
JLN TAIPING OFF JALAN PAHANG Kuala Lumpur Town Centre Kuala Lumpur Malaysia,3.1626,101.7091
JLN TAIPING OFF JLN PAHANG OFF JALAN PAHANG Kuala Lumpur Town Centre Kuala Lumpur Malaysia,3.1588,101.7104
JALAN ALOR OFF JLN BKT BINTANG/JLN HICKS/JLN ALOR Kuala Lumpur Town Centre Kuala Lumpur Malaysia,3.1457,101.7076
JLN ALOR OFF JLN BKT BINTANG/JLN HICKS/JLN ALOR Kuala Lumpur Town Centre Kuala Lumpur Malaysia,3.1471,101.7021
JLN BACHANG OFF JLN IPOH Kuala Lumpur Town Centre Kuala Lumpur Malaysia,3.1523,101.7177
JALAN 65C PEKELILING BUSINESS CENTRE Kuala Lumpur Town Centre Kuala Lumpur Malaysia,3.1627,101.7005
JALAN PASAR BHARU RESIDENSI ERA NOVUM Kuala Lumpur Town Centre Kuala Lumpur Malaysia,3.1427,101.7072
JLN JEJAKA TAMAN MALURI Kuala Lumpur Town Centre Kuala Lumpur Malaysia,3.134,101.714
JLN JEJAKA 2 TAMAN MALURI Kuala Lumpur Town Centre Kuala Lumpur Malaysia,3.1219,101.7273
JLN KG PANDAN TAMAN MALURI Kuala Lumpur Town Centre Kuala Lumpur Malaysia,3.121,101.711
JALAN JEJAKA KOMPLEKS MALURI Mukim Ampang Kuala Lumpur Malaysia,3.1095,101.7343
JLN JEJAKA 5 TAMAN MALURI Mukim Ampang Kuala Lumpur Malaysia,3.1236,101.7278
JLN JEJAKA 7 TAMAN MALURI Mukim Ampang Kuala Lumpur Malaysia,3.1317,101.7358
JLN JEJAKA 9 TAMAN MALURI Mukim Ampang Kuala Lumpur Malaysia,3.1325,101.7422
JLN MAHKOTA TAMAN MALURI Mukim Ampang Kuala Lumpur Malaysia,3.1345,101.7295
JLN PERKASA 1 TAMAN MALURI Mukim Ampang Kuala Lumpur Malaysia,3.1283,101.7224
JALAN 1/91 TAMAN SHAMELIN PERKASA Mukim Ampang Kuala Lumpur Malaysia,3.1289,101.7416
JALAN 4/91 TAMAN SHAMELIN PERKASA Mukim Ampang Kuala Lumpur Malaysia,3.1115,101.7379
JALAN 6A/91 TAMAN SHAMELIN PERKASA Mukim Ampang Kuala Lumpur Malaysia,3.1218,101.7383
JALAN 6C/91 TAMAN SHAMELIN PERKASA Mukim Ampang Kuala Lumpur Malaysia,3.1295,101.744
LORONG 6C/91 TAMAN SHAMELIN PERKASA Mukim Ampang Kuala Lumpur Malaysia,3.1095,101.7488
LORONG 6E/91 TAMAN SHAMELIN PERKASA Mukim Ampang Kuala Lumpur Malaysia,3.1167,101.745
LRG 6E/91 TAMAN SHAMELIN PERKASA Mukim Ampang Kuala Lumpur Malaysia,3.1335,101.7472
JALAN 3/62A BANDAR MANJALARA Mukim Batu Kuala Lumpur Malaysia,3.1989,101.6429
JLN 3/62A BANDAR MANJALARA Mukim Batu Kuala Lumpur Malaysia,3.177,101.652
JALAN METRO PERDANA BARAT 1 FORTUNE SQUARE Mukim Batu Kuala Lumpur Malaysia,3.2017,101.6595
JALAN METRO PERDANA BARAT 2 FORTUNE SQUARE Mukim Batu Kuala Lumpur Malaysia,3.1896,101.6778
JLN 3/33A(JLN AMBONG 2) JALAN KEPONG Mukim Batu Kuala Lumpur Malaysia,3.1948,101.6886
JLN KEPAYANG OFF JALAN KUCHING JALAN KUCHING Mukim Batu Kuala Lumpur Malaysia,3.1869,101.6936
JALAN 6/62D MEDAN PUTRA BUSINESS CENTRA Mukim Batu Kuala Lumpur Malaysia,3.2149,101.6417
JALAN MEDAN PUTRA 1 (6/62D) MEDAN PUTRA BUSINESS CENTRA Mukim Batu Kuala Lumpur Malaysia,3.2085,101.6469
JLN PRIMA 6 METRO PRIMA Mukim Batu Kuala Lumpur Malaysia,3.1985,101.6836
JLN PRIMA 7 METRO PRIMA Mukim Batu Kuala Lumpur Malaysia,3.2025,101.6697
JALAN 2/33B MWE COMMERCIAL PARK Mukim Batu Kuala Lumpur Malaysia,3.2098,101.6782
JLN 2/33B MWE COMMERCIAL PARK Mukim Batu Kuala Lumpur Malaysia,3.1926,101.7019
"JLN 2/33B, BT 6 1/2 MWE COMMERCIAL PARK Mukim Batu Kuala Lumpur Malaysia",3.1909,101.7046
JLN 3/33B MWE COMMERCIAL PARK Mukim Batu Kuala Lumpur Malaysia,3.2048,101.6868
JALAN 2/3A PEKAN BATU CAVES Mukim Batu Kuala Lumpur Malaysia,3.2367,101.6839
"JLN IPOH, BATU 7 PEKAN BATU CAVES Mukim Batu Kuala Lumpur Malaysia",3.2476,101.6858
2/3A PUSAT PASAR BORONG Mukim Batu Kuala Lumpur Malaysia,3.213,101.673
JALAN 2/3A PUSAT PASAR BORONG Mukim Batu Kuala Lumpur Malaysia,3.2157,101.6867
JALAN 6/3A PUSAT PASAR BORONG Mukim Batu Kuala Lumpur Malaysia,3.1996,101.6867
JALAN BATU 7 PUSAT PASAR BORONG Mukim Batu Kuala Lumpur Malaysia,3.2067,101.6896
JLN 2/3A PUSAT PASAR BORONG Mukim Batu Kuala Lumpur Malaysia,3.1956,101.6754
JLN 6/3A PUSAT PASAR BORONG Mukim Batu Kuala Lumpur Malaysia,3.2037,101.7154
JLN 20/39 PUSAT PASAR BORONG Mukim Batu Kuala Lumpur Malaysia,3.2017,101.6915
JLN2/3A PUSAT PASAR BORONG Mukim Batu Kuala Lumpur Malaysia,3.2077,101.6919
JALAN SOLARIS SOLARIS MONT KIARA Mukim Batu Kuala Lumpur Malaysia,3.1702,101.6525
JALAN SOLARIS 4 SOLARIS MONT KIARA Mukim Batu Kuala Lumpur Malaysia,3.177,101.653
JLN SOLARIS 5 SOLARIS MONT KIARA Mukim Batu Kuala Lumpur Malaysia,3.1727,101.6626
JALAN UTARA 1 SRI UTARA Mukim Batu Kuala Lumpur Malaysia,3.1919,101.6506
JLN 1/38J TAMAN INDAH MURNI Mukim Batu Kuala Lumpur Malaysia,3.1845,101.6845
JALAN 6/18D TAMAN MASTIARA Mukim Batu Kuala Lumpur Malaysia,3.1849,101.6737
JALAN 2/46A TAMAN NIAGA WARIS Mukim Batu Kuala Lumpur Malaysia,3.2142,101.7001
JALAN 3/46A TAMAN NIAGA WARIS Mukim Batu Kuala Lumpur Malaysia,3.1855,101.6667
JALAN SELINSING 7 TAMAN NIAGA WARIS Mukim Batu Kuala Lumpur Malaysia,3.1804,101.7031
JLN 2/46A TAMAN NIAGA WARIS Mukim Batu Kuala Lumpur Malaysia,3.1638,101.6877
JLN SELINGSING 1 TAMAN SRI KUCHING Mukim Batu Kuala Lumpur Malaysia,3.1833,101.6869
JLN SEGAMBUT TAMAN SRI SINAR Mukim Batu Kuala Lumpur Malaysia,3.2023,101.6626
JALAN METRO PERDANA 7 TAMAN USAHAWAN KEPONG Mukim Batu Kuala Lumpur Malaysia,3.2069,101.6246
JLN DWITASIK 1 DATARAN DWITASIK BANDAR SRI PERMAISURI Mukim Kuala Lumpur Kuala Lumpur Malaysia,3.097,101.713
JALAN DWITASIK 1 BANDAR SRI PERMAISURI Mukim Kuala Lumpur Kuala Lumpur Malaysia,3.1035,101.7135
JALAN DWITASIK 2 BANDAR SRI PERMAISURI Mukim Kuala Lumpur Kuala Lumpur Malaysia,3.1048,101.7197
JALAN 3/109F DANAU BUSINESS CENTRE Mukim Kuala Lumpur Kuala Lumpur Malaysia,3.1261,101.7104
JALAN 5/109F DANAU BUSINESS CENTRE Mukim Kuala Lumpur Kuala Lumpur Malaysia,3.1167,101.6869
JALAN 5/109F(PLAZA DANAU 2) DANAU BUSINESS CENTRE Mukim Kuala Lumpur Kuala Lumpur Malaysia,3.0929,101.7267
JLN 28/70A DESA SRI HARTAMAS Mukim Kuala Lumpur Kuala Lumpur Malaysia,3.1645,101.655
JALAN 25/70A DESA SRI HARTAMAS Mukim Kuala Lumpur Kuala Lumpur Malaysia,3.1729,101.6305
JALAN 26/70A DESA SRI HARTAMAS Mukim Kuala Lumpur Kuala Lumpur Malaysia,3.1687,101.6652
JALAN 27/70A DESA SRI HARTAMAS Mukim Kuala Lumpur Kuala Lumpur Malaysia,3.1684,101.6478
JALAN 28/70A DESA SRI HARTAMAS Mukim Kuala Lumpur Kuala Lumpur Malaysia,3.1699,101.6544
JLN 24/70A DESA SRI HARTAMAS Mukim Kuala Lumpur Kuala Lumpur Malaysia,3.1587,101.6484
JLN 26/70A DESA SRI HARTAMAS Mukim Kuala Lumpur Kuala Lumpur Malaysia,3.1408,101.6831
JLN 30/70A DESA SRI HARTAMAS Mukim Kuala Lumpur Kuala Lumpur Malaysia,3.1728,101.6656
JALAN DESA BAKTI FABER PLAZA Mukim Kuala Lumpur Kuala Lumpur Malaysia,3.172,101.698
JALAN PANTAI MURNI 2 PANTAI BUSSINES CENTRE Mukim Kuala Lumpur Kuala Lumpur Malaysia,3.1129,101.6634
JLN MEDAN SETIA 1 PLAZA DAMANSARA Mukim Kuala Lumpur Kuala Lumpur Malaysia,3.1539,101.6629
MEDAN SETIA  2 PLAZA DAMANSARA Mukim Kuala Lumpur Kuala Lumpur Malaysia,3.1386,101.6718
MEDAN SETIA 2 PLAZA DAMANSARA Mukim Kuala Lumpur Kuala Lumpur Malaysia,3.139,101.6869
JALAN 4/91 TAMAN SHAMELIN PERKASA Mukim Kuala Lumpur Kuala Lumpur Malaysia,3.124,101.744
JALAN 5/91 TAMAN SHAMELIN PERKASA Mukim Kuala Lumpur Kuala Lumpur Malaysia,3.1078,101.7375
JALAN 6C/91 TAMAN SHAMELIN PERKASA Mukim Kuala Lumpur Kuala Lumpur Malaysia,3.1116,101.7379
JALAN LANCHANG TAMAN SRI BAHTERA Mukim Kuala Lumpur Kuala Lumpur Malaysia,3.1453,101.6757
JLN LANCANG TAMAN SRI BAHTERA Mukim Kuala Lumpur Kuala Lumpur Malaysia,3.124,101.686
JLN HARTAMAS 8/70A TAMAN SRI HARTAMAS Mukim Kuala Lumpur Kuala Lumpur Malaysia,3.1625,101.6625
JLN SRI HARTAMAS 7 TAMAN SRI HARTAMAS Mukim Kuala Lumpur Kuala Lumpur Malaysia,3.1729,101.6586
JLN SEMBILANG TAMAN TENAGA Mukim Kuala Lumpur Kuala Lumpur Malaysia,3.1058,101.7314
JALAN SRI JATI 2 OFF JLN PUCHONG 983 KL BUSINESS PARK Mukim Petaling Kuala Lumpur Malaysia,3.0925,101.6464
JLN RADIN BAGUS 7 AMPANG ESTATE Mukim Petaling Kuala Lumpur Malaysia,3.0735,101.7369
JALAN RADIN ANUM BANDAR BARU SRI PETALING Mukim Petaling Kuala Lumpur Malaysia,3.0496,101.6879
JLN RADIN ANUM BANDAR BARU SRI PETALING Mukim Petaling Kuala Lumpur Malaysia,3.0744,101.6852
"17 M-3, JALAN 1A/114 JALAN KUCHAI LAMA Mukim Petaling Kuala Lumpur Malaysia",3.1066,101.6679
JLN KUCHAI LAMA JALAN KUCHAI LAMA Mukim Petaling Kuala Lumpur Malaysia,3.0824,101.6697
"2,3,4), JALAN 1/116B(JLN KUCHAI MAJU) KUCHAI ENTREPRENEURS PARK Mukim Petaling Kuala Lumpur Malaysia",3.0846,101.6858
11/116B KUCHAI ENTREPRENEURS PARK Mukim Petaling Kuala Lumpur Malaysia,3.0499,101.6298
JALAN 1/116B KUCHAI ENTREPRENEURS PARK Mukim Petaling Kuala Lumpur Malaysia,3.0889,101.6883
JALAN 10/116B KUCHAI ENTREPRENEURS PARK Mukim Petaling Kuala Lumpur Malaysia,3.1007,101.6821
JALAN KUCHAI MAJU 5 KUCHAI ENTREPRENEURS PARK Mukim Petaling Kuala Lumpur Malaysia,3.0856,101.6848
JLN 11/116B KUCHAI ENTREPRENEURS PARK Mukim Petaling Kuala Lumpur Malaysia,3.1147,101.6599
JLN KUCHAI MAJU 4 KUCHAI ENTREPRENEURS PARK Mukim Petaling Kuala Lumpur Malaysia,3.0769,101.6759
JLN KUCHAI MAJU 11 (JLN 10/116B) KUCHAI ENTREPRENEURS PARK Mukim Petaling Kuala Lumpur Malaysia,3.0867,101.6948
JALAN KUCHAI MAJU 13 KUCHAI EXCHANGE Mukim Petaling Kuala Lumpur Malaysia,3.0948,101.6682
JALAN 1 MID POINT @ LEN SEN Mukim Petaling Kuala Lumpur Malaysia,3.1335,101.6697
JLN TMN TAN YEW LAI OG BUSINESS PARK Mukim Petaling Kuala Lumpur Malaysia,3.0895,101.6695
JALAN BESAR PEKAN SALAK  SELATAN Mukim Petaling Kuala Lumpur Malaysia,3.0,101.65
JALAN SG. BESI PEKAN SALAK  SELATAN Mukim Petaling Kuala Lumpur Malaysia,3.0925,101.695
JLN BESAR PEKAN SALAK  SELATAN Mukim Petaling Kuala Lumpur Malaysia,3.1086,101.6593
JALAN JALIL JAYA 2 (JALIL LINK) TAMAN ESPLANAD Mukim Petaling Kuala Lumpur Malaysia,3.0526,101.6848
JALAN JALIL JAYA 6 (JALIL LIN TAMAN ESPLANAD Mukim Petaling Kuala Lumpur Malaysia,3.0526,101.6647
JLN SEPADU TAMAN LEE YAN LIAN (UNITED GARDEN) Mukim Petaling Kuala Lumpur Malaysia,3.081,101.689
JLN 2/115A TAMAN PAGAR RUYUNG Mukim Petaling Kuala Lumpur Malaysia,3.0929,101.6803
JALAN SRI SENTOSA 2A TAMAN SRI SENTOSA Mukim Petaling Kuala Lumpur Malaysia,3.0776,101.6556
JALAN JALIL 1 THE EARTH @ BUKIT JALIL Mukim Petaling Kuala Lumpur Malaysia,3.0636,101.6866
JLN 30A/119 THE EARTH @ BUKIT JALIL Mukim Petaling Kuala Lumpur Malaysia,3.0589,101.675
TAPAK E DANAU KOTA Mukim Setapak Kuala Lumpur Malaysia,3.1959,101.7356
JLN WANGSA SETIA 4 DESA SETAPAK Mukim Setapak Kuala Lumpur Malaysia,3.1996,101.7363
JALAN WANGSA DELIMA 10 KLSC Mukim Setapak Kuala Lumpur Malaysia,3.1957,101.7496
JLN GENTING KLANG PLATINUM MONDRIAN (PV128) Mukim Setapak Kuala Lumpur Malaysia,3.2048,101.7249
PV 128 PLATINUM MONDRIAN (PV128) Mukim Setapak Kuala Lumpur Malaysia,3.1846,101.7225
JALAN LANGKAWI PLATINUM WALK Mukim Setapak Kuala Lumpur Malaysia,3.1889,101.7206
JLN LANGKAWI PLATINUM WALK Mukim Setapak Kuala Lumpur Malaysia,3.1763,101.7277
BT 3 1/2  JLN GOMBAK TAMAN SRI SETAPAK Mukim Setapak Kuala Lumpur Malaysia,3.2025,101.7202
JALAN SERI REJANG 1 THE PARC BUSINESS OUTLETS Mukim Setapak Kuala Lumpur Malaysia,3.1857,101.7356
JALAN GENTING KLANG VILLA SERI PUTERI Mukim Setapak Kuala Lumpur Malaysia,3.1878,101.7067
JLN WANGSA SETIA 1 WANGSA MELAWATI Mukim Setapak Kuala Lumpur Malaysia,3.1886,101.7395
JLN WIRA SETIA 3 WANGSA MELAWATI Mukim Setapak Kuala Lumpur Malaysia,3.2225,101.7357
JLN BESAR PUSAT PERNIAGAAN BESTARI JAYA Pekan Batang Berjuntai Kuala Selangor Malaysia,3.3944,101.2567
JALAN 8/1D PETALING JAYA SEKSYEN 8 Bandar Petaling Jaya Petaling Malaysia,3.0953,101.633
JLN. 14/20 PJ PETALING JAYA SEKSYEN 14 Bandar Petaling Jaya Petaling Malaysia,3.1077,101.6137
JALAN 51A/227A PETALING JAYA SEKSYEN 51A Bandar Petaling Jaya Petaling Malaysia,3.0833,101.65
JALAN 2/67 SS 2 PETALING JAYA Bandar Petaling Jaya Petaling Malaysia,3.1267,101.6372
JALAN SS 2/72 SS 2 PETALING JAYA Bandar Petaling Jaya Petaling Malaysia,3.1329,101.6238
JLN SS2/72 SS 2 PETALING JAYA Bandar Petaling Jaya Petaling Malaysia,3.1102,101.6229
JLN SS 3/39 SS 3 PETALING JAYA Bandar Petaling Jaya Petaling Malaysia,3.0759,101.6335
JLN SS 6/8 SS 6 PETALING JAYA Bandar Petaling Jaya Petaling Malaysia,3.1016,101.6364
JLN SS 21/60 SS 21 DAMANSARA UTAMA Bandar Petaling Jaya Petaling Malaysia,3.1227,101.626
JLN SS 22/19 SS 22 DAMANSARA JAYA Bandar Petaling Jaya Petaling Malaysia,3.1287,101.628
JLN SS 22/21 SS 22 DAMANSARA JAYA Bandar Petaling Jaya Petaling Malaysia,3.1195,101.6166
JLN SS 22/23 SS 22 DAMANSARA JAYA Bandar Petaling Jaya Petaling Malaysia,3.1177,101.6177
JLN SS 22/25 SS 22 DAMANSARA JAYA Bandar Petaling Jaya Petaling Malaysia,3.1269,101.634
SS23/15 SS 23 TAMAN SEA Bandar Petaling Jaya Petaling Malaysia,3.0945,101.6268
"JLN SS 25/2 SS 25, PETALING JAYA Bandar Petaling Jaya Petaling Malaysia",3.0789,101.6117
"JLN SS 25/22 SS 25, PETALING JAYA Bandar Petaling Jaya Petaling Malaysia",3.0738,101.6073
"JLN SS25/24 SS 25, PETALING JAYA Bandar Petaling Jaya Petaling Malaysia",3.1073,101.5851
"PAHAT G 15/G DATARAN OTOMOBIL, SEK. 15 SHAH ALAM Bandar Shah Alam Petaling Malaysia",3.0575,101.5214
JLN D9/D SEKSYEN 9 - SHAH ALAM Bandar Shah Alam Petaling Malaysia,3.0778,101.5257
JLN TENGKU AMPUAN ZABEDAH F 9/F SEKSYEN 9 - SHAH ALAM Bandar Shah Alam Petaling Malaysia,3.0817,101.5183
JLN TENGKU AMPUAN ZABEDAH F9/F SEKSYEN 9 - SHAH ALAM Bandar Shah Alam Petaling Malaysia,3.0856,101.5488
JLN TG AMP ZABEDAH F9/F SEKSYEN 9 - SHAH ALAM Bandar Shah Alam Petaling Malaysia,3.0667,101.5167
JLN SS 15/8 SS 14 & SS 15 Bandar Subang Jaya Petaling Malaysia,3.0765,101.5937
JLN SS 19/1D SS 19 Bandar Subang Jaya Petaling Malaysia,3.0612,101.5899
JLN KAJIBUMI U1/70 TEMASYA 8 - U1 GLENMARIE Bdr Glenmarie Petaling Malaysia,3.1147,101.5892
JLN PERPUSTAKAWAN U1/62 TEMASYA 8 - U1 GLENMARIE Bdr Glenmarie Petaling Malaysia,3.1207,101.5841
JLN MEDAN 9 TAMAN MEDAN Bdr Petaling Jaya Selatan Petaling Malaysia,3.096,101.643
JALAN PJS 1/46 TAMAN PETALING UTAMA Bdr Petaling Jaya Selatan Petaling Malaysia,3.0797,101.6031
JALAN PU 6 (PJS 1/27) TAMAN PETALING UTAMA Bdr Petaling Jaya Selatan Petaling Malaysia,3.0769,101.6053
JLN PETALING UTAMA 9 (PJS 1/46) TAMAN PETALING UTAMA Bdr Petaling Jaya Selatan Petaling Malaysia,3.0862,101.6608
JLN PJS 1/46 TAMAN PETALING UTAMA Bdr Petaling Jaya Selatan Petaling Malaysia,3.0919,101.6608
JALAN PJS 11/28 SUNWAY METRO Bdr Sunway Petaling Malaysia,3.0707,101.6076
JALAN SETIA INDAH AD U13/AD BDR SETIA ALAM Bukit Raja Petaling Malaysia,3.099,101.468
JLN BG U13/BG BDR SETIA ALAM Bukit Raja Petaling Malaysia,3.0903,101.4568
JLN 22/1 SEKSYEN 22 Damansara Petaling Malaysia,3.1106,101.6277
JLN SS 15/4 SS 14 & SS 15 Damansara Petaling Malaysia,3.103,101.646
JALAN USJ 25/1C USJ 25 Damansara Petaling Malaysia,3.0207,101.5847
JLN DAGANG SB 4/1 TAMAN SUNGAI BESI INDAH Pekan Baru Sg Besi Petaling Malaysia,3.0705,101.7141
JLN DAGANG SB 4/2 TAMAN SUNGAI BESI INDAH Pekan Baru Sg Besi Petaling Malaysia,3.0499,101.7099
JLN DAGANG SB 4/3 TAMAN SUNGAI BESI INDAH Pekan Baru Sg Besi Petaling Malaysia,3.0648,101.7074
JLN SB INDAH 5/2 TAMAN SUNGAI BESI INDAH Pekan Baru Sg Besi Petaling Malaysia,3.0431,101.7288
JLN SG BESI INDAH 5/2 TAMAN SUNGAI BESI INDAH Pekan Baru Sg Besi Petaling Malaysia,3.0625,101.6975
JALAN NAUTIKA A U20/A BDR BARU SG. BULOH Pekan Baru Sg Buluh Petaling Malaysia,3.1974,101.5735
JLN NAUTIKA  A U20/A BDR BARU SG. BULOH Pekan Baru Sg Buluh Petaling Malaysia,3.203,101.554
JLN NAUTIKA C U20/C BDR BARU SG. BULOH Pekan Baru Sg Buluh Petaling Malaysia,3.2047,101.6114
JALAN PJU 5/7 DATARAN SUNWAY Pekan Baru Sg Buluh Petaling Malaysia,3.2017,101.6037
JALAN PJU 5/15 DATARAN SUNWAY Pekan Baru Sg Buluh Petaling Malaysia,3.198,101.586
JALAN PJU 5/17 DATARAN SUNWAY Pekan Baru Sg Buluh Petaling Malaysia,3.179,101.567
JLN PJU 5/18 DATARAN SUNWAY Pekan Baru Sg Buluh Petaling Malaysia,3.2036,101.5723
JLN TEKNOLOGI 2/1E KOTA DAMANSARA Pekan Baru Sg Buluh Petaling Malaysia,3.1809,101.6074
JLN TEKNOLOGI 2/1B KOTA DAMANSARA Pekan Baru Sg Buluh Petaling Malaysia,3.1739,101.5812
JLN CECAWI 6/19A SEKSYEN 6 KOTA DAMANSARA Pekan Baru Sg Buluh Petaling Malaysia,3.1656,101.5839
JLN CECAWI 6/19B SEKSYEN 6 KOTA DAMANSARA Pekan Baru Sg Buluh Petaling Malaysia,3.1615,101.5946
JLN PJU 5/20D THE STRAND DAMANSARA (KOTA DAMANSARA) Pekan Baru Sg Buluh Petaling Malaysia,3.1496,101.6012
JLN PJU 5/22 THE STRAND DAMANSARA (KOTA DAMANSARA) Pekan Baru Sg Buluh Petaling Malaysia,3.1578,101.6071
PJU 5/20C THE STRAND DAMANSARA (KOTA DAMANSARA) Pekan Baru Sg Buluh Petaling Malaysia,3.1819,101.5831
PJU 5/22 THE STRAND DAMANSARA (KOTA DAMANSARA) Pekan Baru Sg Buluh Petaling Malaysia,3.1548,101.6083
JALAN PLUTO AY U5/AY BANDAR PINGGIRAN SUBANG Pekan Baru Subang Petaling Malaysia,3.1544,101.5491
JALAN PLUTO AZ U5/AZ BANDAR PINGGIRAN SUBANG Pekan Baru Subang Petaling Malaysia,3.049,101.555
JLN AY U5/AY BANDAR PINGGIRAN SUBANG Pekan Baru Subang Petaling Malaysia,3.124,101.555
JALAN DINAR D U3/D SUBANG PERDANA Pekan Baru Subang Petaling Malaysia,3.118,101.5705
JLN DINAR D U3/D SUBANG PERDANA Pekan Baru Subang Petaling Malaysia,3.1667,101.5333
JLN DINAR F U3/F SUBANG PERDANA Pekan Baru Subang Petaling Malaysia,3.1127,101.5696
JLN DINAR F U3/GF SUBANG PERDANA Pekan Baru Subang Petaling Malaysia,3.099,101.534
JLN DINAR FU3/F SUBANG PERDANA Pekan Baru Subang Petaling Malaysia,3.1478,101.5748
JLN 22/1 SEKSYEN 22 Pekan Batu Tiga Petaling Malaysia,3.0867,101.5366
JLN BANDAR 3 PUSAT BDR PUCHONG Pekan Desa Puchong Petaling Malaysia,3.0289,101.6157
JLN BANDAR 14 PUSAT BDR PUCHONG Pekan Desa Puchong Petaling Malaysia,3.0339,101.618
JLN BANDAR 15 PUSAT BDR PUCHONG Pekan Desa Puchong Petaling Malaysia,3.0382,101.6154
JLN BANDAR 16 PUSAT BDR PUCHONG Pekan Desa Puchong Petaling Malaysia,3.0439,101.6186
JLN TPP 1/4 TMN INDUSTRI PUCHONG Pekan Desa Puchong Petaling Malaysia,3.0139,101.6167
JLN BK 9 (ZEST POINT) PERUMAHAN KINRARA Pekan Kinrara Petaling Malaysia,3.036,101.661
JALAN USJ 1/1C USJ 1 Pekan Penaga Petaling Malaysia,3.075,101.591
JLN OP 1/6 ONE PUCHONG BUSSINES PARK Pekan Puchong Jaya Petaling Malaysia,3.0069,101.6131
"1-9, 2-9,3-9, JALAN PU 7/1A (DATARAN PUCHON BDR PUCHONG UTAMA Pekan Puchong Perdana Petaling Malaysia",3.0069,101.6167
THE PRIMA@DATARAN PUCHONG BDR PUCHONG UTAMA Pekan Puchong Perdana Petaling Malaysia,3.0035,101.6162
PRIMA BIZ HUB TMN TASIK PRIMA Pekan Puchong Perdana Petaling Malaysia,3.0119,101.6307
DIAMOND SQUARE JLN 7/4 TAMAN SRI SERDANG Pekan Serdang Petaling Malaysia,3.0217,101.7158
JLN SR 8/1 TMN PUTRA INDAH Pekan Serdang Petaling Malaysia,3.0239,101.7048
JLN SR 8/3 TMN PUTRA INDAH Pekan Serdang Petaling Malaysia,3.046,101.719
JLN USJ 9/5R USJ 9 Pekan Subang Jaya Petaling Malaysia,3.0567,101.5833
JALAN USJ 25/1C USJ 25 Pekan Subang Jaya Petaling Malaysia,3.0572,101.5847
JLN PUTERI 4/2 BANDAR PUTERI Petaling Petaling Malaysia,3.029,101.454
JALAN PUTERI 1/4 BANDAR PUTERI Petaling Petaling Malaysia,3.0189,101.6177
JALAN PUTERI 4/8 BANDAR PUTERI Petaling Petaling Malaysia,3.0157,101.5619
JLN PUTERI 1/1 BANDAR PUTERI Petaling Petaling Malaysia,3.037,101.622
JLN PUTERI 1/2 BANDAR PUTERI Petaling Petaling Malaysia,3.0095,101.5176
JLN PUTERI 1/4 BANDAR PUTERI Petaling Petaling Malaysia,3.0046,101.4458
JLN PUTERI 1/5 BANDAR PUTERI Petaling Petaling Malaysia,3.0469,101.6444
JLN PUTERI 1/6 BANDAR PUTERI Petaling Petaling Malaysia,3.0769,101.674
JLN PUTERI 1/7 BANDAR PUTERI Petaling Petaling Malaysia,3.0546,101.6606
JLN PUTERI 2/1 BANDAR PUTERI Petaling Petaling Malaysia,2.9989,101.6662
JLN PUTERI 2/3 BANDAR PUTERI Petaling Petaling Malaysia,3.0464,101.6498
JLN PUTERI 2/4 BANDAR PUTERI Petaling Petaling Malaysia,2.989,101.727
JLN PUTERI 2/6 BANDAR PUTERI Petaling Petaling Malaysia,3.021,101.631
JLN PUTERI 2/7 BANDAR PUTERI Petaling Petaling Malaysia,3.0385,101.4978
JLN PUTERI 4/1 BANDAR PUTERI Petaling Petaling Malaysia,3.0412,101.5923
JLN PUTERI 4/6 BANDAR PUTERI Petaling Petaling Malaysia,3.0314,101.4568
JLN PUTERI 4/8 BANDAR PUTERI Petaling Petaling Malaysia,3.0149,101.7012
JALAN BPU 1 BDR PUCHONG UTAMA Petaling Petaling Malaysia,3.0372,101.6078
JALAN BPU 6 BDR PUCHONG UTAMA Petaling Petaling Malaysia,3.0195,101.6005
JLN BPU 1 BDR PUCHONG UTAMA Petaling Petaling Malaysia,3.0249,101.6106
JLN BPU 6 BDR PUCHONG UTAMA Petaling Petaling Malaysia,3.0089,101.6272
JALAN BPD 2 D'ALPINIA BUSINESS PARK Petaling Petaling Malaysia,3.026,101.689
JLN BESAR KG BARU SRI KEMBANGAN Petaling Petaling Malaysia,3.0333,101.7167
JLN SURIA PUCHONG 6 PUCHONG GATEWAY Petaling Petaling Malaysia,3.0483,101.6219
JLN IND PBP 3/2 PUSAT BDR PUCHONG Petaling Petaling Malaysia,3.0367,101.6204
JLN BS 1/1 PUSAT PERD. SRI KEMBANGAN Petaling Petaling Malaysia,3.0,101.717
JLN BS 1/2 PUSAT PERD. SRI KEMBANGAN Petaling Petaling Malaysia,3.0329,101.7096
JLN PJS 1/29 TAMAN PETALING UTAMA Petaling Petaling Malaysia,3.0947,101.6417
JLN PJS 1/46 TAMAN PETALING UTAMA Petaling Petaling Malaysia,3.0879,101.6058
JALAN EQUINE 1D TAMAN PUTRA PERMAI Petaling Petaling Malaysia,3.1012,101.7445
JLN EQUINE 1G TAMAN PUTRA PERMAI Petaling Petaling Malaysia,3.0717,101.7746
JLN TPP 1/4 TMN INDUSTRI PUCHONG Petaling Petaling Malaysia,3.0205,101.6158
JLN SS 22/25 SS 22 DAMANSARA JAYA Sungai Buluh Petaling Malaysia,3.126,101.638
JLN NOVA K U5/K SUBANG GALAKSI Sungai Buluh Petaling Malaysia,3.1806,101.6104
TAMARIND SQUARE TAMARIND SQUARE CYBERJAYA Bandar Cyberjaya Sepang Malaysia,2.9228,101.6565
JALAN 2 BANDAR BARU SALAK TINGGI (MEDAN 120) Baru Baru Salak Tinggi Sepang Malaysia,2.8449,101.7039
JALAN 4 BANDAR BARU SALAK TINGGI (MEDAN 120) Baru Baru Salak Tinggi Sepang Malaysia,2.8245,101.6775
JALAN 5 MEDAN 120 BANDAR BARU SALAK TINGGI (MEDAN 120) Baru Baru Salak Tinggi Sepang Malaysia,2.811,101.718
JALAN 11 BANDAR BARU SALAK TINGGI (MEDAN 120) Baru Baru Salak Tinggi Sepang Malaysia,2.8319,101.7008
JALAN KOTA WARISAN ARENA XCHANGE WARISAN PUTERI Dengkil Sepang Malaysia,2.82,101.643
JLN ARENA ARENA XCHANGE WARISAN PUTERI Dengkil Sepang Malaysia,2.8607,101.6647
JALAN PP 5E TMN PUTRA PERDANA Dengkil Sepang Malaysia,2.8629,101.6514
JLN PUTRA PERDANA 5E TMN PUTRA PERDANA Dengkil Sepang Malaysia,2.875,101.638
JALAN E3/8 TAMAN EHSAN Bandar Kepong Gombak Malaysia,3.2248,101.6506
TAMAN KOI TAMAN KOI Hulu Klang Gombak Malaysia,3.2237,101.7512
BANGI BOULEVARD/JALAN MEDAN PUSAT BANDAR PUSAT BDR BARU BANGI Bandar Baru Bangi Hulu Langat Malaysia,2.9656,101.7572
DAHLIA BANDAR SG BUAYA Serendah Hulu Selangor Malaysia,3.339,101.6205
JLN 1/82B BANGSAR UTAMA Kuala Lumpur Town Centre Kuala Lumpur Malaysia,3.1575,101.7117
JLN BANGSAR UTAMA 1 BANGSAR UTAMA Kuala Lumpur Town Centre Kuala Lumpur Malaysia,3.107,101.666
JALAN METRO PUDU FRASER BUSINESS Kuala Lumpur Town Centre Kuala Lumpur Malaysia,3.1387,101.7112
JLN METRO PUDU FRASER BUSINESS Kuala Lumpur Town Centre Kuala Lumpur Malaysia,3.1448,101.7087
JLN METRO PUDU 2 FRASER BUSINESS Kuala Lumpur Town Centre Kuala Lumpur Malaysia,3.15,101.71
JLN YAP AH SHAK JALAN DANG WANGI Kuala Lumpur Town Centre Kuala Lumpur Malaysia,3.1567,101.7046
JLN HANG KASTURI JALAN HANG KASTURI/JALAN RODGER Kuala Lumpur Town Centre Kuala Lumpur Malaysia,3.1468,101.7006
MEDAN PASAR JALAN HANG KASTURI/JALAN RODGER Kuala Lumpur Town Centre Kuala Lumpur Malaysia,3.1509,101.6964
JLN MASJID INDIA (BGN NUCW) JALAN MASJID INDIA Kuala Lumpur Town Centre Kuala Lumpur Malaysia,3.1569,101.7037
JLN MELAYU JALAN MASJID INDIA Kuala Lumpur Town Centre Kuala Lumpur Malaysia,3.1548,101.7018
JALAN PETALING JALAN PETALING Kuala Lumpur Town Centre Kuala Lumpur Malaysia,3.1466,101.6967
JALAN TUN TAN SIEW SIN JALAN SILANG Kuala Lumpur Town Centre Kuala Lumpur Malaysia,3.1452,101.6968
JALAN LUMUT KOMPLEKS DAMAI Kuala Lumpur Town Centre Kuala Lumpur Malaysia,3.1633,101.7094
JLN DATO HJ YUSOFF KOMPLEKS DAMAI Kuala Lumpur Town Centre Kuala Lumpur Malaysia,3.1573,101.7076
LEBOH AMPANG LEBOH AMPANG Kuala Lumpur Town Centre Kuala Lumpur Malaysia,3.1517,101.7127
JLN MEDAN TUANKU 1 MEDAN TUANKU Kuala Lumpur Town Centre Kuala Lumpur Malaysia,3.1647,101.6947
JALAN MEDAN TUANKU 1 MEDAN TUANKU Kuala Lumpur Town Centre Kuala Lumpur Malaysia,3.1638,101.7004
JLN MEDAN TUANKU MEDAN TUANKU Kuala Lumpur Town Centre Kuala Lumpur Malaysia,3.1599,101.7055
JLN MESUI OFF JLN BKT BINTANG/JLN HICKS/JLN ALOR Kuala Lumpur Town Centre Kuala Lumpur Malaysia,3.1479,101.7112
JALAN 13/48A SENTUL RAYA Kuala Lumpur Town Centre Kuala Lumpur Malaysia,3.1826,101.6931
JLN 15/48A SENTUL RAYA Kuala Lumpur Town Centre Kuala Lumpur Malaysia,3.1667,101.7
"432A-432E, JALAN TUANKU ABDUL RAHMAN TAMAN GEMILANG Kuala Lumpur Town Centre Kuala Lumpur Malaysia",3.1628,101.6964
JALAN ROBSON TAMAN SEPUTEH Kuala Lumpur Town Centre Kuala Lumpur Malaysia,3.139,101.6869
DATARAN NIAGA SG BESI MIDFIELDS SQUARE SHOP OFFICE Mukim Kuala Lumpur Kuala Lumpur Malaysia,3.0715,101.7171
JALAN TASIK UTAMA 3 THE TRILLIUM Mukim Petaling Kuala Lumpur Malaysia,3.085,101.594
JALAN TASIK UTAMA 4 THE TRILLIUM Mukim Petaling Kuala Lumpur Malaysia,3.1068,101.6308
JLN 9/23A SETAPAK BUSINESS CENTRE Mukim Setapak Kuala Lumpur Malaysia,3.1936,101.7217
JLN 4/27A VISTA VIRA 2 Mukim Setapak Kuala Lumpur Malaysia,3.2167,101.7167
JALAN SEROJA 1/6 SG. BULOH COUNTRY RESORT Ijok Kuala Selangor Malaysia,3.2215,101.5278
JLN SS 6/12 SS 6 PETALING JAYA Bandar Petaling Jaya Petaling Malaysia,3.0696,101.6128
JLN PLUMBUM P7/P SEKSYEN 7 - SHAH ALAM Bandar Shah Alam Petaling Malaysia,3.0859,101.5331
"JLN KAJIBUMI U1/70 TEMASYA IND. PARK, SHAH ALAM Bdr Glenmarie Petaling Malaysia",3.0707,101.5955
PERSIARAN SETIA  PRIMA  U13/R BDR SETIA ALAM Bukit Raja Petaling Malaysia,3.0939,101.4396
USJ SENTRAL 3 USJ SENTRAL Damansara Petaling Malaysia,3.0567,101.5982
JLN PJU 1/39 DATARAN PRIMA Pekan Chempaka Petaling Malaysia,3.1147,101.7019
JALAN USJ SENTRAL 3 USJ SENTRAL Pekan Subang Jaya Petaling Malaysia,3.0508,101.5936
JLN USJ SENTRAL 3 USJ SENTRAL Pekan Subang Jaya Petaling Malaysia,3.067,101.589
JLN NOVA K U5/K BANDAR PINGGIRAN SUBANG Sungai Buluh Petaling Malaysia,3.199,101.583
PERSIARAN MULTIMEDIA TAMARIND SQUARE CYBERJAYA Bandar Cyberjaya Sepang Malaysia,2.9217,101.6412
PERSIARAN BESTARI TAMARIND SQUARE CYBERJAYA Dengkil Sepang Malaysia,2.9267,101.6565
PERSIARAN MULTIMEDIA TAMARIND SQUARE CYBERJAYA Dengkil Sepang Malaysia,2.9267,101.6503
JALAN PERMATA MERAH TAMAN SELAYANG PERMATA Bandar Selayang Gombak Malaysia,3.235,101.635
JLN SELAMAN 1 TMN DATUK  AHMAD RAZALI Bandar Ampang Hulu Langat Malaysia,3.1438,101.7641
JLN PANDAN CAHAYA 2/1 TMN PANDAN RIA Bandar Ampang Hulu Langat Malaysia,3.129,101.749
JALAN JELOK 3 MKH AVENUE KAJANG Bandar Kajang Hulu Langat Malaysia,3.033,101.791
JALAN REKO SAVILLE @KAJANG Bandar Kajang Hulu Langat Malaysia,3.0035,101.7938
JLN ANGGERIK VANILLA X31/X KOTA KEMUNING Kelang Klang Malaysia,3.0105,101.5218
FRASER BUSINESS PARK FRASER BUSINESS Kuala Lumpur Town Centre Kuala Lumpur Malaysia,3.1586,101.7125
JALAN METRO PUDU 2 FRASER BUSINESS Kuala Lumpur Town Centre Kuala Lumpur Malaysia,3.1327,101.7214
JLN DANG WANGI JALAN DANG WANGI Kuala Lumpur Town Centre Kuala Lumpur Malaysia,3.1544,101.7059
JLN MAHARAJALELA JALAN MAHARAJALELA Kuala Lumpur Town Centre Kuala Lumpur Malaysia,3.1428,101.7012
LORONG MERANTI JALAN PETALING Kuala Lumpur Town Centre Kuala Lumpur Malaysia,3.139,101.6869
JLN PETALING JALAN PETALING Kuala Lumpur Town Centre Kuala Lumpur Malaysia,3.1457,101.6976
JLN TUN RAZAK WISMA INDAH / WISMA SHEN COURT Kuala Lumpur Town Centre Kuala Lumpur Malaysia,3.1505,101.7086
JALAN KASKAS CHERAS BUSINESS CENTRE Mukim Kuala Lumpur Kuala Lumpur Malaysia,3.086,101.745
JLN SRI HARTAMAS PLAZA DAMAS Mukim Kuala Lumpur Kuala Lumpur Malaysia,3.1665,101.6553
JLN SRI HARTAMAS 1 PLAZA DAMAS Mukim Kuala Lumpur Kuala Lumpur Malaysia,3.1656,101.6674
JALAN KELANG LAMA 28 @ OLD KLANG ROAD Mukim Petaling Kuala Lumpur Malaysia,3.0856,101.6689
JLN 4/146 BANDAR TASIK SELATAN Mukim Petaling Kuala Lumpur Malaysia,3.0507,101.7187
JLN 8/146 BDR TASIK SELATAN BANDAR TASIK SELATAN Mukim Petaling Kuala Lumpur Malaysia,3.0675,101.7069
LORONG 3/137C BEDFORD BUSINESS PARK Mukim Petaling Kuala Lumpur Malaysia,3.107,101.655
JLN 1/116B KUCHAI ENTREPRENEURS PARK Mukim Petaling Kuala Lumpur Malaysia,3.0859,101.6828
JALAN 3/144A MEDAN CONNAUGHT Mukim Petaling Kuala Lumpur Malaysia,3.112,101.721
JALAN JALIL PERKASA 1 THE LINK 2 @ BUKIT JALIL Mukim Petaling Kuala Lumpur Malaysia,3.0556,101.6945
JALAN 3/50 DIAMOND SQUARE Mukim Setapak Kuala Lumpur Malaysia,3.205,101.718
JLN PUTERI 7/13 LE PAVILLION-BDR PUTERI Petaling Petaling Malaysia,3.0289,101.6156
LINGKARAN CYBER POINT TIMUR CYBERJAYA STAR CENTRAL Bandar Cyberjaya Sepang Malaysia,2.9257,101.6586
JLN TEKNOKRAT 6 CYBERJAYA Dengkil Sepang Malaysia,2.9086,101.6588
JALAN ENGGANG KAWASAN PERINDUSTRIAN AMPANG/HULU KELANG Bandar Hulu Kelang Gombak Malaysia,3.1503,101.7664
JALAN KIP 7 MEDA INDUSTRIAL PARK Bandar Kepong Gombak Malaysia,3.2239,101.6555
PERSIARAN KIP 1 MEDA INDUSTRIAL PARK Bandar Kepong Gombak Malaysia,3.2089,101.6643
JALAN KPK 1/1 KUNDANG INDUSTRIAL PARK Bandar Kundang Gombak Malaysia,3.2257,101.5588
JALAN KPK 1/3 KUNDANG INDUSTRIAL PARK Bandar Kundang Gombak Malaysia,3.2316,101.5974
JALAN KPK 1/5 KUNDANG INDUSTRIAL PARK Bandar Kundang Gombak Malaysia,3.2769,101.5817
JALAN KPK 1/7 KUNDANG INDUSTRIAL PARK Bandar Kundang Gombak Malaysia,3.2775,101.5896
JALAN KPK 1/10 KUNDANG INDUSTRIAL PARK Bandar Kundang Gombak Malaysia,3.2365,101.5525
JALAN KPK 4/1 KUNDANG INDUSTRIAL PARK Bandar Kundang Gombak Malaysia,3.3249,101.5387
JALAN KPK 4/3 KUNDANG INDUSTRIAL PARK Bandar Kundang Gombak Malaysia,3.2489,101.4965
JALAN KPK 4/4 KUNDANG INDUSTRIAL PARK Bandar Kundang Gombak Malaysia,3.2816,101.5435
JLN KPK 1/3 KUNDANG INDUSTRIAL PARK Bandar Kundang Gombak Malaysia,3.2578,101.5939
JLN KPK 1/7 KUNDANG INDUSTRIAL PARK Bandar Kundang Gombak Malaysia,3.2505,101.5252
JLN KPK 4/4 KUNDANG INDUSTRIAL PARK Bandar Kundang Gombak Malaysia,3.2455,101.5208
JALAN SUNGAI BAKAU SUNGAI BAKAU Bandar Kundang Gombak Malaysia,3.279,101.543
JALAN TASIK PUTERI SUNGAI BAKAU Bandar Kundang Gombak Malaysia,3.3435,101.6072
OFF JALAN BT ARANG SUNGAI BAKAU Bandar Kundang Gombak Malaysia,3.2208,101.6584
JALAN PUTERI PERMAI TAMAN INDUSTRI PUTERI PERMAI Bandar Kundang Gombak Malaysia,3.233,101.614
JALAN INDUSTRI SMD TAMAN PERINDUSTRIAN SMD KUNDANG Bandar Kundang Gombak Malaysia,3.261,101.564
JALAN VELOX 1 TAMAN VELOX RAWANG Bandar Kundang Gombak Malaysia,3.321,101.563
JALAN VELOX 26 TAMAN VELOX RAWANG Bandar Kundang Gombak Malaysia,3.2956,101.5782
OFF JALAN IPOH-RAWANG KAWASAN INDUSTRI BUKIT RAWANG JAYA Bandar Rawang Gombak Malaysia,3.3005,101.623
JALAN PERUSAHAAN P3/1 KAWASAN PERUSAHAAN BATU 20 Bandar Rawang Gombak Malaysia,3.3319,101.5797
1367 OFF BATU 17 JLN RAWANG-IPOH PERUSAHAAN RINGAN SELANGOR Bandar Rawang Gombak Malaysia,3.315,101.575
JALAN KUALA GARING PERUSAHAAN RINGAN SELANGOR SEK 18 Bandar Rawang Gombak Malaysia,3.3224,101.5789
OFF TMN GARING UTAMA PERUSAHAAN RINGAN SELANGOR SEK 18 Bandar Rawang Gombak Malaysia,3.3503,101.5769
JALAN INDUSTRI 2/1 RAWANG INTERGRATED INDUSTRIAL PARK Bandar Rawang Gombak Malaysia,3.3219,101.5766
JALAN INDUSTRI 3/2 RAWANG INTERGRATED INDUSTRIAL PARK Bandar Rawang Gombak Malaysia,3.3298,101.5337
JALAN INDUSTRI 3/7 RAWANG INTERGRATED INDUSTRIAL PARK Bandar Rawang Gombak Malaysia,3.3219,101.5764
JALAN RP 3 RAWANG INTERGRATED INDUSTRIAL PARK Bandar Rawang Gombak Malaysia,3.3209,101.5927
LINGKARAN TMN. IND. INTERGRASI RAWANG 3 RAWANG INTERGRATED INDUSTRIAL PARK Bandar Rawang Gombak Malaysia,3.318,101.562
OFF PERSIARAN RAWANG 1 RAWANG INTERGRATED INDUSTRIAL PARK Bandar Rawang Gombak Malaysia,3.3207,101.5765
JALAN RP 3 TAMAN RAWANG PERDANA Bandar Rawang Gombak Malaysia,3.3228,101.5761
JALAN IND.BATU CAVES 1/1 BT CAVES INDUSTRIAL CTRE/ T DESA BT CAVE Bandar Selayang Gombak Malaysia,3.2369,101.6819
JALAN INDUSTRI 1/6 BT CAVES INDUSTRIAL CTRE/ T DESA BT CAVE Bandar Selayang Gombak Malaysia,3.2628,101.6914
JLN INDUSTRI BATU CAVES 1/1 BT CAVES INDUSTRIAL CTRE/ T DESA BT CAVE Bandar Selayang Gombak Malaysia,3.2399,101.6744
JALAN 2 KAMPONG SELAYANG BARU Bandar Selayang Gombak Malaysia,3.2406,101.6518
JALAN 2 TAMAN SELAYANG BARU Bandar Selayang Gombak Malaysia,3.238,101.67
JALAN 4 TAMAN SELAYANG BARU Bandar Selayang Gombak Malaysia,3.2302,101.6526
JALAN INDUSTRI BATU CAVES 1/2 TAMAN SRI BATU CAVES Bandar Selayang Gombak Malaysia,3.2359,101.6714
JALAN IDA 1B Kampung DESA AMAN Bandar Sungai Buloh Gombak Malaysia,3.2039,101.554
JALAN YTN 3 Kampung DESA AMAN Bandar Sungai Buloh Gombak Malaysia,3.2286,101.6576
JALAN KUSTA TAMAN INDUSTRI SB JAYA SUNGAI BULOH Bandar Sungai Buloh Gombak Malaysia,3.2583,101.5768
JALAN E 1/1 KAWASAN PERINDUSTRIAN TMN EHSAN KEPONG Batu Gombak Malaysia,3.231,101.663
JALAN E 1/2 KAWASAN PERINDUSTRIAN TMN EHSAN KEPONG Batu Gombak Malaysia,3.218,101.662
JLN USAHA EHSAN KAWASAN PERINDUSTRIAN TMN EHSAN KEPONG Batu Gombak Malaysia,3.2019,101.6553
JALAN PERUSAHAAN 1 PERUSAHAAN BATU CAVES Batu Gombak Malaysia,3.2258,101.6778
JALAN PERUSAHAAN 4 PERUSAHAAN BATU CAVES Batu Gombak Malaysia,3.2657,101.6806
JALAN PERUSAHAAN DUA PERUSAHAAN BATU CAVES Batu Gombak Malaysia,3.2278,101.6807
JALAN KUSTA TAMAN INDUSTRI SB JAYA SUNGAI BULOH Batu Gombak Malaysia,3.238,101.57
JLN KUSTA TAMAN INDUSTRI SB JAYA SUNGAI BULOH Batu Gombak Malaysia,3.222,101.575
JALAN 2 TAMAN SELAYANG BARU Batu Gombak Malaysia,3.2405,101.6582
JALAN BESAR TAMAN SELAYANG BARU Batu Gombak Malaysia,3.229,101.653
JALAN SBC 5 TAMAN SRI BATU CAVES Batu Gombak Malaysia,3.2415,101.6948
LORONG ENGGANG 29 KAWASAN PERINDUSTRIAN AU Hulu Klang Gombak Malaysia,3.1575,101.7544
JALAN PERUSAHAAN 1 KAWASAN PERUSAHAAN RINGAN PKNS BT 17 Rawang Gombak Malaysia,3.3229,101.5727
JALAN PERUSAHAAN 4 KAWASAN PERUSAHAAN RINGAN PKNS BT 17 Rawang Gombak Malaysia,3.3538,101.5705
JALAN PERUSAHAAN 5 KAWASAN PERUSAHAAN RINGAN PKNS BT 17 Rawang Gombak Malaysia,3.382,101.574
JALAN INDAH 1/3 RAWANG INTERGRATED INDUSTRIAL PARK Rawang Gombak Malaysia,3.3235,101.579
JALAN INDUSTRI 2/1 RAWANG INTERGRATED INDUSTRIAL PARK Rawang Gombak Malaysia,3.3217,101.575
JALAN INDUSTRI 2/2 RAWANG INTERGRATED INDUSTRIAL PARK Rawang Gombak Malaysia,3.3208,101.5756
JALAN INDUSTRI 2/5 RAWANG INTERGRATED INDUSTRIAL PARK Rawang Gombak Malaysia,3.3296,101.5748
LINGKARAN TMN. IND. INTERGRASI RAWANG 3 RAWANG INTERGRATED INDUSTRIAL PARK Rawang Gombak Malaysia,3.321,101.533
JALAN STR 2 SAUJANA TEKNOLOGI RAWANG Rawang Gombak Malaysia,3.3258,101.5748
JALAN STR 3 SAUJANA TEKNOLOGI RAWANG Rawang Gombak Malaysia,3.3517,101.5706
JLN 9/1B TAMAN BUKIT RAHMAN PUTRA Rawang Gombak Malaysia,3.2259,101.6008
JALAN KRI 7 TAMAN RAWANG IDAMAN Rawang Gombak Malaysia,3.3242,101.5718
JALAN 11 KG BARU CHINA Ampang Hulu Langat Malaysia,3.1359,101.7601
JALAN KPAT 2 KG BARU CHINA Ampang Hulu Langat Malaysia,3.1407,101.7639
JLN 11 KG BARU CHINA Ampang Hulu Langat Malaysia,3.1469,101.7501
JLN KPAT 2 KG BARU CHINA Ampang Hulu Langat Malaysia,3.137,101.764
JLN KENCANA  30 KG CHERAS BARU Ampang Hulu Langat Malaysia,3.0667,101.7667
JALAN 14 KG BARU CHINA Bandar Ampang Hulu Langat Malaysia,3.137,101.763
JLN 11 KG BARU CHINA Bandar Ampang Hulu Langat Malaysia,3.1314,101.7464
JLN 14 KG BARU CHINA Bandar Ampang Hulu Langat Malaysia,3.0732,101.7528
JLN KPAT 2 KG BARU CHINA Bandar Ampang Hulu Langat Malaysia,3.1303,101.7494
JLN MERDEKA RIA 1 KG BARU CHINA Bandar Ampang Hulu Langat Malaysia,3.1527,101.7497
JLN BKT PERMAI UTAMA 3 TMN INDUSTRI BKT PERMAI Bandar Ampang Hulu Langat Malaysia,3.1085,101.7598
JALAN P10/21 SEK 10 BDR BARU BANGI Bandar Baru Bangi Hulu Langat Malaysia,2.9667,101.7606
JALAN P10/21 SEKSYEN 10 BANDAR BARU BANGI Bandar Baru Bangi Hulu Langat Malaysia,3.0708,101.7383
JLN P10/21 SEKSYEN 10 BANDAR BARU BANGI Bandar Baru Bangi Hulu Langat Malaysia,2.9625,101.7564
JALAN P4/1 BDR TEKNOLOGI Bandar Batu 18 Semenyih Hulu Langat Malaysia,3.049,101.846
JALAN P4/6 BDR TEKNOLOGI Bandar Batu 18 Semenyih Hulu Langat Malaysia,2.957,101.865
JALAN PERUSAHAAN 1 KAW PERUSAHAAN BERANANG Bandar Batu 26 Beranang Hulu Langat Malaysia,2.8958,101.8837
JLN PERUSAHAAN 1 KAW PERUSAHAAN BERANANG Bandar Batu 26 Beranang Hulu Langat Malaysia,2.9125,101.869
JLN PERUSAHAAN 3 KAW PERUSAHAAN BERANANG Bandar Batu 26 Beranang Hulu Langat Malaysia,2.999,101.869
JLN KESUMA 2/1 BDR TASIK KESUMA Beranang Hulu Langat Malaysia,2.9002,101.9408
JLN KESUMA LAKEE 2/2 BDR TASIK KESUMA Beranang Hulu Langat Malaysia,2.885,101.895
JALAN PERUSAHAAN 2 KAW PERUSAHAAN BERANANG Beranang Hulu Langat Malaysia,2.925,101.87
JALAN PERINDUSTRIAN MAHKOTA  UTAMA LION INDUSTRIAL PARK Beranang Hulu Langat Malaysia,2.905,101.863
JALNA PERINDUSTRIAN MAHKOTA UTAMA LION INDUSTRIAL PARK Beranang Hulu Langat Malaysia,2.8833,101.9
JLN P'INDUSTRIAN MAHKOTA 11A LION INDUSTRIAL PARK Beranang Hulu Langat Malaysia,2.887,101.871
JLN PERINDURIAN MAHKOTA 9A LION INDUSTRIAL PARK Beranang Hulu Langat Malaysia,2.9196,101.9064
JLN PERINDUSTRIAN MAHKOTA 1 LION INDUSTRIAL PARK Beranang Hulu Langat Malaysia,2.9146,101.8721
JLN PERINDUSTRIAN MAHKOTA 5 LION INDUSTRIAL PARK Beranang Hulu Langat Malaysia,2.8828,101.9209
JLN PERINDUSTRIAN MAHKOTA  UTAMA LION INDUSTRIAL PARK Beranang Hulu Langat Malaysia,2.908,101.885
JLN 3 KAW PERUSAHAAN CHERAS JAYA Cheras Hulu Langat Malaysia,3.0605,101.7672
JALAN 1 KAW PERUSAHAAN CHERAS JAYA Cheras Hulu Langat Malaysia,3.062,101.76
JALAN 3A KAW PERUSAHAAN CHERAS JAYA Cheras Hulu Langat Malaysia,3.0869,101.7552
JLN 6 KAW PERUSAHAAN CHERAS JAYA Cheras Hulu Langat Malaysia,3.062,101.758
JLN CJ 1/ 1B KAW PERUSAHAAN CHERAS JAYA Cheras Hulu Langat Malaysia,3.0956,101.7917
JLN  CJ 7 KAW PERUSAHAAN CHERAS JAYA Cheras Hulu Langat Malaysia,3.0467,101.7812
JALAN KPB 7 KAW PERUSAHAAN RINGAN BALAKONG Cheras Hulu Langat Malaysia,3.0619,101.7746
JALAN KPB7 KAW PERUSAHAAN RINGAN BALAKONG Cheras Hulu Langat Malaysia,3.005,101.773
JLN KB 11 KAW PERUSAHAAN RINGAN BALAKONG Cheras Hulu Langat Malaysia,3.0419,101.7589
JLN KPB 7 KAW PERUSAHAAN RINGAN BALAKONG Cheras Hulu Langat Malaysia,3.0146,101.7558
OFF JLN KG BARU BALAKONG KAW PERUSAHAAN RINGAN BALAKONG Cheras Hulu Langat Malaysia,3.0352,101.7574
JALAN KPB 5 OFF JLN BALAKONG Cheras Hulu Langat Malaysia,3.0172,101.7494
KAW PERINDUSTRIAN BALAKONG JAYA 2 JLN BALAKONG Kajang Hulu Langat Malaysia,3.0102,101.7737
PERSIARAN SG. CHUA KAW PERUSAHAAN SG CHUA Kajang Hulu Langat Malaysia,3.0066,101.7688
JLN INDUSTRI BALAKONG JAYA TMN INDUSTRI BALAKONG JAYA Kajang Hulu Langat Malaysia,3.001,101.76
JLN PERINDUSTRIAN BALAKONG JAYA 1/3 TMN INDUSTRI BALAKONG JAYA Kajang Hulu Langat Malaysia,3.0038,101.7456
JLN TAMING 3 TMN TAMING JAYA Kajang Hulu Langat Malaysia,3.0349,101.7667
JLN TAMING 5 TMN TAMING JAYA Kajang Hulu Langat Malaysia,3.0375,101.7897
JLN TANMING 5 TMN TAMING JAYA Kajang Hulu Langat Malaysia,3.0509,101.7935
OFF VILLARAYA IND PARK OFF JLN SG LALANG Pekan Batu 23 Sg Lalang Hulu Langat Malaysia,3.0745,101.8236
JLN VILLARAYA 2/3 VILLARAYA INDUSTRIAL PARK Pekan Batu 23 Sg Lalang Hulu Langat Malaysia,3.093,101.836
JLN KPB KAW PERUSAHAAN RINGAN BALAKONG Pekan Cheras Hulu Langat Malaysia,3.0007,101.7738
JLN KPB 2 KAW PERUSAHAAN RINGAN BALAKONG Pekan Cheras Hulu Langat Malaysia,3.0167,101.7667
JLN KPB 4 KAW PERUSAHAAN RINGAN BALAKONG Pekan Cheras Hulu Langat Malaysia,3.025,101.738
JLN KPB 7 KAW PERUSAHAAN RINGAN BALAKONG Pekan Cheras Hulu Langat Malaysia,3.0296,101.7576
JLN KPB 10 KAW PERUSAHAAN RINGAN BALAKONG Pekan Cheras Hulu Langat Malaysia,3.033,101.737
JALAN BA/3 KAW PERUSAHAAN BKT ANGKAT Pekan Kajang Hulu Langat Malaysia,2.9944,101.7906
JALAN 6/2B TAMAN INDUSTRI TALENT JAYA Pekan Kajang Hulu Langat Malaysia,3.0048,101.7856
JLN 6/2B TAMAN INDUSTRI TALENT JAYA Pekan Kajang Hulu Langat Malaysia,2.9879,101.7905
JLN 6/2B INDUSTRI SELESA JAYA TAMAN INDUSTRI TALENT JAYA Pekan Kajang Hulu Langat Malaysia,3.009,101.787
JALAN NOUVELLE TMN INDUSTRI BALAKONG JAYA Pekan Kajang Hulu Langat Malaysia,3.039,101.75
JLN ONE INDUSTRIAL PARK 1 TMN INDUSTRI BALAKONG JAYA Pekan Kajang Hulu Langat Malaysia,3.0266,101.7503
JLN ONE INDUSTRIAL PARK 2 TMN INDUSTRI BALAKONG JAYA Pekan Kajang Hulu Langat Malaysia,3.0125,101.748
JLN PERINDUSTRIAN BALAKONG JAYA 1/3 TMN INDUSTRI BALAKONG JAYA Pekan Kajang Hulu Langat Malaysia,3.0375,101.7625
JLN PERINDUSTRIAN BALAKONG JAYA 2/1 TMN INDUSTRI BALAKONG JAYA Pekan Kajang Hulu Langat Malaysia,3.0336,101.7556
JLN PERINDUSTRIAN BJ 2T 1/1 TMN INDUSTRI BALAKONG JAYA Pekan Kajang Hulu Langat Malaysia,2.9866,101.7428
OFF JLN BALAKONG TMN INDUSTRI BALAKONG JAYA Pekan Kajang Hulu Langat Malaysia,3.002,101.748
ONE INDUSTRIAL TMN INDUSTRI BALAKONG JAYA Pekan Kajang Hulu Langat Malaysia,3.033333,101.75
JLN INDUSTRI TAMING MAS TMN TAMING JAYA Pekan Kajang Hulu Langat Malaysia,3.0305,101.7768
JLN TERAS 4 TMN TERAS BALAKONG Pekan Kajang Hulu Langat Malaysia,3.0095,101.7828
JLN HI-TECH 3/1 SEMENYIH HI-TECH 3 Pekan Semenyih Hulu Langat Malaysia,2.9577,101.8476
JALAN P4/8 BANDAR TEKNOLOGI Semenyih Hulu Langat Malaysia,2.9775,101.8697
JALAN 6/2 BDR RINCHING Semenyih Hulu Langat Malaysia,2.9658,101.8396
JALAN P2/18 SEK 2 BDR TEKNOLOGI Semenyih Hulu Langat Malaysia,2.9356,101.7922
JALAN P4/6 BDR TEKNOLOGI Semenyih Hulu Langat Malaysia,2.925,101.848
JLN P4/8 BDR TEKNOLOGI Semenyih Hulu Langat Malaysia,3.0148,101.7949
JLN P6/2 BDR TEKNOLOGI Semenyih Hulu Langat Malaysia,2.9405,101.8629
JLN 1 KAW PERINDUSTRIAN HI-TECH 2 Semenyih Hulu Langat Malaysia,2.9286,101.8658
JLN SEMENYIH BANGI OFF JLN BANGI LAMA Semenyih Hulu Langat Malaysia,2.9512,101.8366
JLN HI-TECH 7/7 SEMENYIH HI-TECH 7 Semenyih Hulu Langat Malaysia,2.9285,101.8323
JALAN HI-TECH 7/1 SEMENYIH HI-TECH 7 Semenyih Hulu Langat Malaysia,2.9445,101.8508
JLN HI-TECH 7 SEMENYIH HI-TECH 7 Semenyih Hulu Langat Malaysia,2.9456,101.8644
JLN HI-TECH 7/1 SEMENYIH HI-TECH 7 Semenyih Hulu Langat Malaysia,2.9629,101.8468
JALAN BESI 1/1 TAMAN INDUSTRI SUNGAI PURUN Semenyih Hulu Langat Malaysia,2.9654,101.8705
VILLARAYA INDUSTRIAL PARK 3 VILLARAYA INDUSTRIAL PARK Semenyih Hulu Langat Malaysia,2.917,101.865
JALAN ZURAH 3A/1 KAW PER & KEJURUTERAAN RASA Bandar Rasa Hulu Selangor Malaysia,3.4468,101.6473
JALAN JASMINE 5 BUKIT BERUNTUNG Bandar Serendah Hulu Selangor Malaysia,3.4094,101.5826
JALAN KAMUNTING 2A/2 BUKIT BERUNTUNG Bandar Serendah Hulu Selangor Malaysia,3.3785,101.6098
JALAN KAMUNTING 2B BUKIT BERUNTUNG Bandar Serendah Hulu Selangor Malaysia,3.4123,101.6329
JALAN MELATI 2 BUKIT BERUNTUNG Bandar Serendah Hulu Selangor Malaysia,3.4271,101.6068
JALAN BUNGA RAYA 6A/1 BUKIT SENTOSA Bandar Serendah Hulu Selangor Malaysia,3.3605,101.5978
JALAN SERI PAGI 4 BUKIT SENTOSA Bandar Serendah Hulu Selangor Malaysia,3.3805,101.5152
JLN E9 PERODUA BUKIT SENTOSA Bandar Serendah Hulu Selangor Malaysia,3.4963,101.5828
OFF TMN MELATI AUTO INDUSTRI GABUNG SENTOSA INDUSTRIAL PARK Bandar Serendah Hulu Selangor Malaysia,3.416,101.658
OFF JLN KL -TANJUNG MALIM MIEL BATANG KALI Batang Kali Hulu Selangor Malaysia,3.625,101.633
YEW HING WORKS MIEL BATANG KALI Batang Kali Hulu Selangor Malaysia,3.5598,101.7698
"BATU 29 JALAN KL-IPOH KAW PERINDUSTRIAN BATU 29, HULU YAM LAMA Hulu Yam Hulu Selangor Malaysia",3.395,101.65
BKT BERUNTUNG BUKIT BERUNTUNG Serendah Hulu Selangor Malaysia,3.388,101.618
JALAN SEROJA 7 BUKIT SENTOSA Serendah Hulu Selangor Malaysia,3.4699,101.6318
JALAN KESIDANG 4 KAMPUNG MOHD TAIB Serendah Hulu Selangor Malaysia,3.4147,101.622
PERINDUSTERIAN SG CHOH (KG MOHD TAIB) KAMPUNG MOHD TAIB Serendah Hulu Selangor Malaysia,3.4406,101.6416
JALAN STESYEN SUNGAI CHOH Serendah Hulu Selangor Malaysia,3.4689,101.6036
JLN SULTAN MOHAMED 2 KAW PERUSAHAAN SELAT KLANG UTARA Bandar Shah Alam Klang Malaysia,3.0439,101.3883
LEBUH SULTAN MOHAMED 1 KAW PERUSAHAAN SELAT KLANG UTARA Bandar Shah Alam Klang Malaysia,3.0733,101.431
LEBUH SULTAN MOHAMED 2 KAW PERUSAHAAN SELAT KLANG UTARA Bandar Shah Alam Klang Malaysia,3.095,101.434
LINGKARAN SULTAN MOHAMED 2 KAWASAN PERUSAHAAN SELAT KLANG UTARA Bandar Shah Alam Klang Malaysia,3.0565,101.3976
JALAN INAI 2D/KU5 BDR BUKIT RAJA 2 Kapar Klang Malaysia,3.0829,101.4693
JLN INAI 2A/KU5 BDR BUKIT RAJA 2 Kapar Klang Malaysia,3.0575,101.4467
JLN INAI 2B/KU5 BDR BUKIT RAJA 2 Kapar Klang Malaysia,3.0776,101.3847
JLN INAI 2C/KU5 BDR BUKIT RAJA 2 Kapar Klang Malaysia,3.0406,101.3797
JLN INAI 2D/KU5 BDR BUKIT RAJA 2 Kapar Klang Malaysia,3.0909,101.4494
JLN INAI 2DKU5 BDR BUKIT RAJA 2 Kapar Klang Malaysia,3.062,101.409
"BT 5, JLN MERU BT 5 MERU Kapar Klang Malaysia",3.1562,101.4364
JLN ANDING 3/KU5 BUKIT RAJA 3 INDUSTRIAL PARK Kapar Klang Malaysia,3.129,101.424
JLN ASTANA 1E/KU2 BUKIT RAJA PRIME IND PARK Kapar Klang Malaysia,3.0898,101.4343
JALAN ASTANA 1D BUKIT RAJA PRIME IND PARK Kapar Klang Malaysia,3.127,101.44
JALAN ASTANA 1D/KU2 BUKIT RAJA PRIME IND PARK Kapar Klang Malaysia,3.109,101.458
JALAN INAI 2B/KU5 BUKIT RAJA PRIME IND PARK Kapar Klang Malaysia,3.108,101.386
JLN ASTANA 1E BUKIT RAJA PRIME IND PARK Kapar Klang Malaysia,3.107,101.433
JLN ASTANA 1F BUKIT RAJA PRIME IND PARK Kapar Klang Malaysia,3.0856,101.4204
JLN ASTANA 5 BUKIT RAJA PRIME IND PARK Kapar Klang Malaysia,3.0719,101.4427
JLN INAI 2A/KU5 BUKIT RAJA PRIME IND PARK Kapar Klang Malaysia,3.106,101.433
JLN INAI 2B/KU5 BUKIT RAJA PRIME IND PARK Kapar Klang Malaysia,3.0999,101.4495
JLN WAJA BUKIT RAJA PRIME IND PARK Kapar Klang Malaysia,3.065,101.445
LORONG KELULI 1C BUKIT RAJA PRIME IND PARK Kapar Klang Malaysia,3.094,101.434
PERSIARAN WAJA BUKIT RAJA PRIME IND PARK Kapar Klang Malaysia,3.0858,101.4318
JALAN BESTARI 1/KU7 KAPAR BESTARI (ZONE INNOVATION PARK) Kapar Klang Malaysia,3.025,101.404
JLN BESTARI 2/KU7 KAPAR BESTARI (ZONE INNOVATION PARK) Kapar Klang Malaysia,3.0906,101.3929
JLN SKI 6/KU7 KAW INDUSTRI HI-TECH SG. KAPAR INDAH Kapar Klang Malaysia,3.075,101.341
JALAN SKI 4/KU7 KAW INDUSTRI HI-TECH SG. KAPAR INDAH Kapar Klang Malaysia,3.158,101.394
JLN SG KAPAR INDAH 1/KU7 KAW INDUSTRI HI-TECH SG. KAPAR INDAH Kapar Klang Malaysia,3.1196,101.4231
"JLN SG KAPAR INDAH 9/KU7, HI-TECH IND. KAW INDUSTRI HI-TECH SG. KAPAR INDAH Kapar Klang Malaysia",3.0705,101.3789
JLN SKI 3/KU7 KAW INDUSTRI HI-TECH SG. KAPAR INDAH Kapar Klang Malaysia,3.151,101.443
JALAN SUNGAI PULOH KAW PERINDUSTRIAN SG PULOH Kapar Klang Malaysia,3.077,101.403
JLN TUN PERAK 3 KAW PERUSAHAAN SELAT KLANG UTARA Kapar Klang Malaysia,3.095,101.369
JLN TUN TEJA 2 KAW PERUSAHAAN SELAT KLANG UTARA Kapar Klang Malaysia,3.062,101.329
LEBUH SULTAN ALAUDDIN/KU17 KAW PERUSAHAAN SELAT KLANG UTARA Kapar Klang Malaysia,3.1556,101.4031
LEBUH SULTAN HISHAMUDDIN 1 KAW PERUSAHAAN SELAT KLANG UTARA Kapar Klang Malaysia,3.125,101.389
LINGKARAN SULTAN HISHAMUDDIN KAW PERUSAHAAN SELAT KLANG UTARA Kapar Klang Malaysia,3.1296,101.4069
LINGKUNGAN SULTAN HISHAMUDIN KAW PERUSAHAAN SELAT KLANG UTARA Kapar Klang Malaysia,3.1436,101.3948
SOLOK SULTAN HISHAMUDDIN 5 KAW PERUSAHAAN SELAT KLANG UTARA Kapar Klang Malaysia,3.126,101.39
SOLOK SULTAN HISHAMUDDIN 7 KAW PERUSAHAAN SELAT KLANG UTARA Kapar Klang Malaysia,3.037,101.423
SOLOK SULTAN HISHAMUDDIN 8 KAW PERUSAHAAN SELAT KLANG UTARA Kapar Klang Malaysia,3.169,101.383
LENGKUNGAN SULTAN HISHAMUDDIN KAWASAN PERUSAHAAN SELAT KLANG UTARA Kapar Klang Malaysia,3.0947,101.3156
LINGKARAN SULTAN HISHAMUDDIN KAWASAN PERUSAHAAN SELAT KLANG UTARA Kapar Klang Malaysia,3.1005,101.3711
SOLOK HISHAMUDDIN 6 KAWASAN PERUSAHAAN SELAT KLANG UTARA Kapar Klang Malaysia,3.0806,101.3467
JALAN 5/KU6 KWSN PERINDUSTRIAN SG PULOH Kapar Klang Malaysia,3.085,101.392
JALAN KORPORAT 2/KU9 MERU INDUSTRIAL PARK Kapar Klang Malaysia,3.1017,101.3936
"BT 7 1/2, JLN KAPAR OFF JALAN KAPAR Kapar Klang Malaysia",3.0867,101.3829
BT 71/2 JALAN KAPAR OFF JALAN KAPAR Kapar Klang Malaysia,3.0845,101.3839
JALAN KAPAR OFF JALAN KAPAR Kapar Klang Malaysia,3.125,101.433
JLN LADANG ACCOB OFF JALAN KAPAR Kapar Klang Malaysia,3.0461,101.4063
"NO. 5, JLN LADANG ACCOB OFF JALAN KAPAR Kapar Klang Malaysia",3.0321,101.3997
JLN TUN TEJA 1/KU16 PERDANA INDUSTRIAL PARK Kapar Klang Malaysia,3.122,101.433
JLN TUN TEJA 2 PERDANA INDUSTRIAL PARK Kapar Klang Malaysia,3.148,101.4
JLN WAWASAN 1/KU7 SG KAPAR INDAH Kapar Klang Malaysia,3.0817,101.3699
JALAN WAWASAN 3 SG KAPAR INDAH Kapar Klang Malaysia,3.105,101.387
JLN BESTARI 5 SG KAPAR INDAH Kapar Klang Malaysia,3.0979,101.4117
JLN WAWASAN 1/K47 SG KAPAR INDAH Kapar Klang Malaysia,3.0939,101.4212
JLN WAWASAN 1B/KU7 SG KAPAR INDAH Kapar Klang Malaysia,3.0519,101.3812
JLN WAWASAN 2/KU7 SG KAPAR INDAH Kapar Klang Malaysia,3.1095,101.3925
JLN KAPAR SHEET 82A Kapar Klang Malaysia,3.121,101.357
JALAN KAPAR-KUALA SELANG SYIT 82D Kapar Klang Malaysia,3.12,101.4167
JALAN KERETAPI LAMA SYIT 82D Kapar Klang Malaysia,3.1135,101.4045
BATU 4 OFF JALAN KAPAR/JLN K'TAPI LAMA SYIT 90B Kapar Klang Malaysia,3.125,101.416
JLN HJ SIRAT SYIT 91-A Kapar Klang Malaysia,3.1209,101.3512
JLN HAJI SIRAT SYIT 91A Kapar Klang Malaysia,3.0906,101.3999
OFF JLN GENTING SYIT 91A Kapar Klang Malaysia,3.1237,101.3926
JLN OTHMAN SYIT 91C Kapar Klang Malaysia,3.0903,101.391
LRG SG RASAU 27A SYIT 91D Kapar Klang Malaysia,3.1167,101.45
JALAN SUNAGI KERAMAT 2 TMN  KLANG UTAMA Kapar Klang Malaysia,3.0946,101.4463
JLN SG KERAMAT 2 TMN  KLANG UTAMA Kapar Klang Malaysia,3.0855,101.4312
JLN SG KERAMAT 4 TMN  KLANG UTAMA Kapar Klang Malaysia,3.1333,101.45
JLN SG. BATU 6/KU6 TMN  KLANG UTAMA Kapar Klang Malaysia,3.0886,101.4215
JALAN SUNGAI BATU 8/KU6 TMN KLANG UTAMA Kapar Klang Malaysia,3.0986,101.4354
JLN SUNGAI BATU 32/KU6 TMN KLANG UTAMA Kapar Klang Malaysia,3.059,101.411
LRG SG KERAMAT 2B TMN KLANG UTAMA Kapar Klang Malaysia,3.1225,101.385
JLN BESTARI 2/KU7 WORLDWIDE IZONE Kapar Klang Malaysia,3.099,101.35
JLN BESTARI 2A/KU 7 WORLDWIDE IZONE Kapar Klang Malaysia,3.0783,101.3496
JLN BESTARI 2A/KU7 WORLDWIDE IZONE Kapar Klang Malaysia,3.131,101.339
JALAN OMBOH SATU 34/1A ALPINE INDUSRIAL AREA Kelang Klang Malaysia,3.0205,101.4436
JLN OMBOH 34/1 ALPINE INDUSRIAL AREA Kelang Klang Malaysia,3.0473,101.4494
JLN SG. KAYU ARA 32/38 BERJAYA INDUSTRIAL PARK Kelang Klang Malaysia,3.0468,101.4494
JLN KG AIR HITAM BLACK WATER ESTATE Kelang Klang Malaysia,3.0469,101.4463
JALAN SUNGAI TERAP 32/173 BUKIT KEMUNING (P/L 1908) Kelang Klang Malaysia,3.0395,101.4876
PERSIARAN KEMUNING PRIMA BUKIT KEMUNING (P/L 1908) Kelang Klang Malaysia,3.0449,101.4562
JALAN BUKIT KEMUNING (BATU 6 1/2) BUKIT KEMUNING LIGHT IND PARK Kelang Klang Malaysia,3.019,101.45
JLN BUKIT KEMUNING BUKIT KEMUNING LIGHT IND PARK Kelang Klang Malaysia,3.0058,101.5057
JLN KECAPI 33/2 ELITE INDUSTRIAL AREA Kelang Klang Malaysia,3.0443,101.4438
"JLN KECAPI 33/2, SEK.33 ELITE INDUSTRIAL AREA Kelang Klang Malaysia",3.0327,101.4469
"JLN PERUSAHAAN 26 KAW INDUSTRI KG IDAMAN, KLANG Kelang Klang Malaysia",3.0435,101.4459
OFF JLN TELOK GONG KAWASAN IND. TELOK GONG Kelang Klang Malaysia,3.0002,101.3769
OFF JLN  PANDAMARAN KG BHARU PANDAMARAN Kelang Klang Malaysia,3.0175,101.4105
JALAN ANGGERIK MOKARA 31/47 KOTA KEMUNING INDUSTRIAL PARK Kelang Klang Malaysia,3.0095,101.5348
JALAN ANGGERIK MOKARA 31/48 KOTA KEMUNING INDUSTRIAL PARK Kelang Klang Malaysia,3.0046,101.5354
JALAN ANGGERIK MOKARA 31/50 KOTA KEMUNING INDUSTRIAL PARK Kelang Klang Malaysia,3.0095,101.5225
JLN ANGGERIK MOKARA 31/47 KOTA KEMUNING INDUSTRIAL PARK Kelang Klang Malaysia,3.0008,101.5198
JLN ANGGERIK MOKARA  31/48 KOTA KEMUNING INDUSTRIAL PARK Kelang Klang Malaysia,3.0,101.5
JLN ANGGERIK MOKARA 31/59 KOTA KEMUNING INDUSTRIAL PARK Kelang Klang Malaysia,3.0083,101.5794
JLN KLINIK KOTA KEMUNING INDUSTRIAL PARK Kelang Klang Malaysia,3.0025,101.5558
"JLN PERUSAHAAN 21 KWSN INDUSTRI KG IDAMAN, KLANG Kelang Klang Malaysia",3.0207,101.4533
JLN PELABUHAN UTARA PELABUHAN KLANG Kelang Klang Malaysia,3.0,101.4
JALAN PERIGI NANAS 7/2/KS11 PULAU INDAH INDUSTRIAL PARK Kelang Klang Malaysia,3.0259,101.3943
JALAN PERIGI NENAS 7/2 PULAU INDAH INDUSTRIAL PARK Kelang Klang Malaysia,3.0086,101.3866
JALAN PERIGI NENAS 8/7 PULAU INDAH INDUSTRIAL PARK Kelang Klang Malaysia,2.9845,101.3167
JALAN SUNGAI PINANG 5/12 PULAU INDAH INDUSTRIAL PARK Kelang Klang Malaysia,3.0126,101.3972
JALAN SUNGAI PINANG 5/14 PULAU INDAH INDUSTRIAL PARK Kelang Klang Malaysia,3.027,101.381
JLN PERIGI NANAS 7/3 PULAU INDAH INDUSTRIAL PARK Kelang Klang Malaysia,3.0394,101.3996
JLN PERIGI NENAS 7/2 PULAU INDAH INDUSTRIAL PARK Kelang Klang Malaysia,3.0248,101.3912
JLN PERIGI NENAS 8/1 PULAU INDAH INDUSTRIAL PARK Kelang Klang Malaysia,3.0026,101.3984
JLN PERIGI NENAS 8/10 PULAU INDAH INDUSTRIAL PARK Kelang Klang Malaysia,3.0,101.3833
JLN PERIGI NENAS7/3 PULAU INDAH INDUSTRIAL PARK Kelang Klang Malaysia,3.0045,101.3905
JLN SG PINANG 5/1 PULAU INDAH INDUSTRIAL PARK Kelang Klang Malaysia,3.041,101.363
JLN SUNGAI CHANDONG 22/KS11 PULAU INDAH INDUSTRIAL PARK Kelang Klang Malaysia,3.0065,101.378
JLN SUNGAI PINANG 4/8 PULAU INDAH INDUSTRIAL PARK Kelang Klang Malaysia,3.0025,101.4018
"BT 6.5,J.BKT KEMUNING SYIT 100A Kelang Klang Malaysia",3.0446,101.4466
JALAN BUKIT KEMUNING SYIT 100A Kelang Klang Malaysia,3.0141,101.4495
JLN BKT KEMUNING SYIT 100A Kelang Klang Malaysia,3.0,101.45
JLN BUKIT KEMUNING SYIT 100A Kelang Klang Malaysia,3.0137,101.4808
JLN OMBOH 34/1 SYIT 100A Kelang Klang Malaysia,3.0445,101.449
OFF JALAN BUKIT KEMUNING SYIT 100A Kelang Klang Malaysia,3.014,101.471
JLN TELOK GONG TELOK GONG Kelang Klang Malaysia,3.0136,101.3795
JLN UDANG GALAH TELOK GONG Kelang Klang Malaysia,3.0445,101.4487
OFF JLN IKAN BAWAL TELOK GONG Kelang Klang Malaysia,3.002,101.444
JLN SUNGAI KAYU ARA 32/38 TMN INDUSTRI BERJAYA Kelang Klang Malaysia,3.034,101.447
LORONG SERULING 59/1 TMN  KLANG JAYA Kelang Klang Malaysia,3.0219,101.4442
JALAN HAJI ABDUL KARIM/KS02 TMN KLANG JAYA Kelang Klang Malaysia,3.0289,101.4376
JLN SERULING 57 TMN KLANG JAYA Kelang Klang Malaysia,3.0245,101.4098
OFF JLN BUKIT KEMUNING SYIT 100A Pekan Bukit Kemuning Klang Malaysia,3.0048,101.531
"JLN PERUSAHAAN 25 KAW INDUSTRI KG IDAMAN, KLANG Pekan Pendamaran Klang Malaysia",3.0,101.4
JALAN PETAI KG BHARU PANDAMARAN Pekan Pendamaran Klang Malaysia,3.0069,101.3994
"JLN PERUSAHAAN 20 KWSN INDUSTRI KG IDAMAN, KLANG Pekan Pendamaran Klang Malaysia",3.005,101.397
JLN SELAT SELATAN 2 SOBENA JAYA Pekan Pendamaran Klang Malaysia,3.0,101.4
JLN PELABUHAN UTARA PULAU INDAH Pekan Port Swettenham Klang Malaysia,3.0106,101.4142
JALAN PERDANA 3 BDR INDUSTRIAL ZONE Bandar Kuala Langat Malaysia,2.8102,101.5146
OFF JLN PUSARA BDR INDUSTRIAL ZONE Bandar Kuala Langat Malaysia,2.8087,101.4865
JALAN GANGSA BDR. BANTING Bandar Banting Kuala Langat Malaysia,2.8139,101.5034
JALAN PP LSM 2 BANDAR SIJANGKANG Bandar Sijangkang Kuala Langat Malaysia,2.884,101.545
JALAN 4 KOMPLEKS PERABOT OLAK LEMPIT Pekan Bukit Changgang Kuala Langat Malaysia,2.8237,101.6029
JALAN SATU KOMPLEKS PERABOT OLAK LEMPIT Pekan Bukit Changgang Kuala Langat Malaysia,2.789,101.644
JLN OLAK LEMPIT/BKT CHANGGANG KOMPLEKS PERABOT OLAK LEMPIT Pekan Bukit Changgang Kuala Langat Malaysia,2.8139,101.5986
"JLN ENGGANG KAW PERUSAHAAN PKNS, TPG Pekan Teluk Kuala Langat Malaysia",2.825,101.501
JLN PSS 2 TMN PERINDUSTRIAN SG SEDU Pekan Tg Dua Belas Kuala Langat Malaysia,2.8466,101.5214
COMPASS COMPASS- INDUSTRI PARK Tanjung 12 Kuala Langat Malaysia,2.8216,101.5142
JALAN TPP 12 I-HUB PUCHONG Tanjung 12 Kuala Langat Malaysia,2.9935,101.6145
JLN TPP 10 I-HUB PUCHONG Tanjung 12 Kuala Langat Malaysia,3.0129,101.5558
JLN TPP 16 I-HUB PUCHONG Tanjung 12 Kuala Langat Malaysia,3.003,101.614
JALAN 4 KOMPLEKS PERABOT OLAK LEMPIT Tanjung 12 Kuala Langat Malaysia,2.847,101.51
JLN 1 KOMPLEKS PERABOT OLAK LEMPIT Tanjung 12 Kuala Langat Malaysia,2.8123,101.5382
JALAN SANITARY LANDFILL NCT SMART INDUSTRIAL PARK Tanjung 12 Kuala Langat Malaysia,2.787,101.475
"JALAN TPP 3 PUTRA INDUSTRIAL PARK, PUCHONG Tanjung 12 Kuala Langat Malaysia",3.0067,101.6281
"JALAN TPP3 PUTRA INDUSTRIAL PARK, PUCHONG Tanjung 12 Kuala Langat Malaysia",3.0217,101.6127
"JLN TPP 5 PUTRA INDUSTRIAL PARK, PUCHONG Tanjung 12 Kuala Langat Malaysia",3.015,101.63
"PUTRA INDUSTRIAL PARK @ PUCHONG PUTRA INDUSTRIAL PARK, PUCHONG Tanjung 12 Kuala Langat Malaysia",3.0333,101.6167
JLN KLANG - BANTING SHIT 107D Tanjung 12 Kuala Langat Malaysia,2.8111,101.507
OFF JLN SG RAMBAI JENJAROM INDUSTRIAL PARK Telok Panglima Garang Kuala Langat Malaysia,2.8885,101.5108
JLN SEGENTING OFF JALAN KLANG-BANTING KAW PERINDUSTRIAN SG.RAMBAI Telok Panglima Garang Kuala Langat Malaysia,2.9669,101.5005
OFF BT. JLN BANTING (KG SG RAMBAI) KAW PERINDUSTRIAN SG.RAMBAI Telok Panglima Garang Kuala Langat Malaysia,2.847,101.478
"LRG PERAK 3 KAW PERUSAHAAN PKNS, TPG Telok Panglima Garang Kuala Langat Malaysia",3.0086,101.4306
TELUK MENGKUANG SHIT 107D Telok Panglima Garang Kuala Langat Malaysia,3.0,101.5
JLN TELOK MENGKUANG TPG INDUSTRIAL PARK Telok Panglima Garang Kuala Langat Malaysia,2.9115,101.5138
JALAN 4 KAW PERUSAHAAN JLN CHAN SOW LIN Kuala Lumpur Town Centre Kuala Lumpur Malaysia,3.1239,101.7105
JALAN DUA KAW PERUSAHAAN JLN CHAN SOW LIN Kuala Lumpur Town Centre Kuala Lumpur Malaysia,3.1219,101.7104
JALAN LIMA KAW PERUSAHAAN JLN CHAN SOW LIN Kuala Lumpur Town Centre Kuala Lumpur Malaysia,3.1217,101.7154
JLN CHAN SOW LIN 6 KAW PERUSAHAAN JLN CHAN SOW LIN Kuala Lumpur Town Centre Kuala Lumpur Malaysia,3.125,101.705
JLN DUA KAW PERUSAHAAN JLN CHAN SOW LIN Kuala Lumpur Town Centre Kuala Lumpur Malaysia,3.1478,101.717
JLN SG BESI KAW. IND. DKT LAPANGAN TERBANG SG.BESI Kuala Lumpur Town Centre Kuala Lumpur Malaysia,3.1235,101.7158
JLN BESI OFF JALAN SUNGAI BESI Kuala Lumpur Town Centre Kuala Lumpur Malaysia,3.1383,101.7109
JALAN 2/37A BUKIT MALURI Mukim Batu Kuala Lumpur Malaysia,3.2167,101.6508
JALAN 3/37A BUKIT MALURI Mukim Batu Kuala Lumpur Malaysia,3.1929,101.6478
JALAN 6/37A BUKIT MALURI Mukim Batu Kuala Lumpur Malaysia,3.2019,101.6528
JALAN 2/32A JINJANG SELATAN Mukim Batu Kuala Lumpur Malaysia,3.2045,101.6863
JALAN CIRCULAR JINJANG UTARA Mukim Batu Kuala Lumpur Malaysia,3.1817,101.7033
JALAN JINJANG AMAN 5 JINJANG UTARA Mukim Batu Kuala Lumpur Malaysia,3.1903,101.7065
OFF BT 6 1/2 JLN KEPONG JINJANG UTARA Mukim Batu Kuala Lumpur Malaysia,3.2069,101.6794
JALAN HELANG BELALANG KEPONG BARU Mukim Batu Kuala Lumpur Malaysia,3.1997,101.6478
JLN 3/32A KEPONG GARDEN Mukim Batu Kuala Lumpur Malaysia,3.1994,101.6659
JALAN 2 KEPONG GARDEN Mukim Batu Kuala Lumpur Malaysia,3.2046,101.6433
JALAN KUANG BULAN KEPONG GARDEN Mukim Batu Kuala Lumpur Malaysia,3.2089,101.6826
JLN KUANG BULAN KEPONG GARDEN Mukim Batu Kuala Lumpur Malaysia,3.1979,101.6564
LORONG  KUANG BULAN KEPONG GARDEN Mukim Batu Kuala Lumpur Malaysia,3.2183,101.6488
LORONG KUANG BULAN KEPONG GARDEN Mukim Batu Kuala Lumpur Malaysia,3.2097,101.6539
OFF JLN 2 KEPONG GARDEN Mukim Batu Kuala Lumpur Malaysia,3.1953,101.6678
JALAN SEGAMBUT PUSAT SEGAMBUT INDUSTRIAL AREA Mukim Batu Kuala Lumpur Malaysia,3.1772,101.6796
JLN SEGAMBUT ATAS SEGAMBUT INDUSTRIAL AREA Mukim Batu Kuala Lumpur Malaysia,3.1849,101.6689
JLN SEGAMBUT TENGAH SEGAMBUT INDUSTRIAL AREA Mukim Batu Kuala Lumpur Malaysia,3.1825,101.6659
JALAN 7/34B SRI EDARAN LIGHT INDUSTRIAL PARK Mukim Batu Kuala Lumpur Malaysia,3.1869,101.6769
JALAN SEGAMBUT PUSAT TEH WANG SANG Mukim Batu Kuala Lumpur Malaysia,3.185,101.672
JLN SEGAMBUT ATAS TEH WANG SANG Mukim Batu Kuala Lumpur Malaysia,3.1839,101.6724
JLN SEGAMBUT PUSAT TEH WANG SANG Mukim Batu Kuala Lumpur Malaysia,3.1786,101.6703
PERSIARAN SEGAMBUT TENGAH TEH WANG SANG Mukim Batu Kuala Lumpur Malaysia,3.1849,101.6785
PESIARAN SEGAMBUT TENGAH TEH WANG SANG Mukim Batu Kuala Lumpur Malaysia,3.1808,101.6746
OFF JALAN SUNGAI BESI Mukim Kuala Lumpur Kuala Lumpur Malaysia,3.0708,101.7071
JLN KUCHAI LAMA OFF JALAN SUNGAI BESI Mukim Kuala Lumpur Kuala Lumpur Malaysia,3.0656,101.6989
JLN KILANG MIDAH TAMAN MIDAH Mukim Kuala Lumpur Kuala Lumpur Malaysia,3.1022,101.7467
4/118B DESA TUN RAZAK 2 Mukim Petaling Kuala Lumpur Malaysia,3.0865,101.7315
JLN. 6/118C DESA TUN RAZAK 2 Mukim Petaling Kuala Lumpur Malaysia,3.087,101.711
JALAN GENTING KLANG SETAPAK INDUSTRIAL AREA Mukim Setapak Kuala Lumpur Malaysia,3.1939,101.7238
JALAN USAHAWAN 5 SETAPAK INDUSTRIAL AREA Mukim Setapak Kuala Lumpur Malaysia,3.2029,101.7257
JLN PERUSAHAAN KIRI SETAPAK INDUSTRIAL AREA Mukim Setapak Kuala Lumpur Malaysia,3.188,101.733
LRG PERUSAHAAN RINGAN SETAPAK INDUSTRIAL AREA Mukim Setapak Kuala Lumpur Malaysia,3.1932,101.7207
JLN ECO PERINDUSTRIAN 1/5E ECO PERINDUSTRIAN 5 Ijok Kuala Selangor Malaysia,3.252,101.321
PRESINT 3A ECO PERINDUSTRIAN V Ijok Kuala Selangor Malaysia,3.2239,101.2658
IJOK SYIT 67A Ijok Kuala Selangor Malaysia,3.235,101.333
JALAN RUKUN SYIT 67A Ijok Kuala Selangor Malaysia,3.278,101.387
JLN HARMONI 1 SYIT 67A Ijok Kuala Selangor Malaysia,3.257,101.31
JALAN BUKIT BADONG SYIT 67D Ijok Kuala Selangor Malaysia,3.2811,101.2756
JLN TITANIUM SYIT 67D Ijok Kuala Selangor Malaysia,3.2535,101.5045
JALAN TIAJ 2/1 TMN INDUSTRI ALAM JAYA Ijok Kuala Selangor Malaysia,3.3569,101.4459
JALAN TIAJ 2/5 TMN INDUSTRI ALAM JAYA Ijok Kuala Selangor Malaysia,3.2506,101.4242
JALAN TIAJ 2/7 TMN INDUSTRI ALAM JAYA Ijok Kuala Selangor Malaysia,3.2498,101.3037
JALAN TIAJ 3/2/1 TMN INDUSTRI ALAM JAYA Ijok Kuala Selangor Malaysia,3.2606,101.3058
JLN TIAJ 2/1 TMN INDUSTRI ALAM JAYA Ijok Kuala Selangor Malaysia,3.2606,101.3658
JLN TIAJ 2/3 TMN INDUSTRI ALAM JAYA Ijok Kuala Selangor Malaysia,3.2472,101.3183
JLN TIAJ 2/4 TMN INDUSTRI ALAM JAYA Ijok Kuala Selangor Malaysia,3.217,101.469
JLN TIAJ 2/5 TMN INDUSTRI ALAM JAYA Ijok Kuala Selangor Malaysia,3.3092,101.4607
JLN TIAJ 2/6 TMN INDUSTRI ALAM JAYA Ijok Kuala Selangor Malaysia,3.285,101.38
JLN TIAJ 2/7 TMN INDUSTRI ALAM JAYA Ijok Kuala Selangor Malaysia,3.226,101.375
JLN TIAJ 2/8 TMN INDUSTRI ALAM JAYA Ijok Kuala Selangor Malaysia,3.323,101.398
JLN TIAJ 2/9 TMN INDUSTRI ALAM JAYA Ijok Kuala Selangor Malaysia,3.216,101.425
PT 41749 (PL2954) TMN INDUSTRI ALAM JAYA Ijok Kuala Selangor Malaysia,3.2363,101.4215
"BATU 14 1/2 JLN KELANG SYIT 82A, KUALA SELANGOR Jeram Kuala Selangor Malaysia",3.1269,101.3236
"OFF JLN KLANG / K. SEL. SYIT 82A, KUALA SELANGOR Jeram Kuala Selangor Malaysia",3.119,101.322
OFF JLN BKT BADONG SYIT 67A Pekan Simpang Tiga Ijok Kuala Selangor Malaysia,3.4833,101.25
"BATU 14 1/2 JLN KELANG SYIT 82A, KUALA SELANGOR Pekan Tambak Jawa Kuala Selangor Malaysia",3.3869,101.2508
JALAN KEMAJUAN SEKSYEN 13 PETALING JAYA Bandar Petaling Jaya Petaling Malaysia,3.0934,101.6108
JLN.13/1 PJ SEKSYEN 13 PETALING JAYA Bandar Petaling Jaya Petaling Malaysia,3.1077,101.6368
"JALAN 51A/241 SEKSYEN 51 , PETALING JAYA Bandar Petaling Jaya Petaling Malaysia",3.0848,101.6464
"JLN 51A/223 SEKSYEN 51 , PETALING JAYA Bandar Petaling Jaya Petaling Malaysia",3.0946,101.6299
"JALAN 51A/225 SEKSYEN 51/51A , PETALING JAYA Bandar Petaling Jaya Petaling Malaysia",3.1039,101.6357
"JLN 51/206-A SEKSYEN 51/51A , PETALING JAYA Bandar Petaling Jaya Petaling Malaysia",3.0936,101.6377
"JLN 51/215 OFF JLN TEMPLER SEKSYEN 51/51A , PETALING JAYA Bandar Petaling Jaya Petaling Malaysia",3.0875,101.6367
"JLN 51A/219 SEKSYEN 51/51A , PETALING JAYA Bandar Petaling Jaya Petaling Malaysia",3.0827,101.6096
"JLN 51A/222 SEKSYEN 51/51A , PETALING JAYA Bandar Petaling Jaya Petaling Malaysia",3.0815,101.6494
"JLN 51A/225 SEKSYEN 51/51A , PETALING JAYA Bandar Petaling Jaya Petaling Malaysia",3.1059,101.6167
"JLN 51A/230 SEKSYEN 51/51A , PETALING JAYA Bandar Petaling Jaya Petaling Malaysia",3.097,101.642
"JLN 51A/241 SEKSYEN 51/51A , PETALING JAYA Bandar Petaling Jaya Petaling Malaysia",3.1089,101.6439
"JLN 51A/243 SEKSYEN 51/51A , PETALING JAYA Bandar Petaling Jaya Petaling Malaysia",3.1046,101.6368
"JLN 219 (OFF LEBUHRAYA PERSEKUTUAN) SEKSYEN 51/51A , PETALING JAYA Bandar Petaling Jaya Petaling Malaysia",3.1056,101.6383
"JLN PENCHALA SEKSYEN 51/51A , PETALING JAYA Bandar Petaling Jaya Petaling Malaysia",3.104,101.645
"JLN TANDANG SEKSYEN 51/51A , PETALING JAYA Bandar Petaling Jaya Petaling Malaysia",3.1096,101.6367
"JLN TANDANG 51/204A SEKSYEN 51/51A , PETALING JAYA Bandar Petaling Jaya Petaling Malaysia",3.1005,101.6417
"JALAN SS 8/4, SUNGAI WAY SS8, PETALING JAYA Bandar Petaling Jaya Petaling Malaysia",3.082,101.615
"JLN SS 8/4 SS8, PETALING JAYA Bandar Petaling Jaya Petaling Malaysia",3.0727,101.6336
"JLN UTAS 15/7 SEK. 15, SHAH ALAM Bandar Shah Alam Petaling Malaysia",3.0807,101.5417
"JLN BEREMBAN 15/12 SEK. 15, SHAH ALAM Bandar Shah Alam Petaling Malaysia",3.0738,101.5173
"JLN RAGUM 15/17 SEK. 15, SHAH ALAM Bandar Shah Alam Petaling Malaysia",3.0707,101.5212
"PERSIARAN SELANGOR SEK. 15, SHAH ALAM Bandar Shah Alam Petaling Malaysia",3.0716,101.5278
"JALAN PAHAT 16/8A SEK. 16, SHAH ALAM Bandar Shah Alam Petaling Malaysia",3.0728,101.5193
"JLN DAWAI 16/2 SEK. 16, SHAH ALAM Bandar Shah Alam Petaling Malaysia",3.0728,101.5285
"JLN GUDANG 16/9 SEK. 16, SHAH ALAM Bandar Shah Alam Petaling Malaysia",3.0667,101.5167
"JLN HALBA 16/16 SEK. 16, SHAH ALAM Bandar Shah Alam Petaling Malaysia",3.0632,101.5438
"JLN HALBA SATU 16/16A SEK. 16, SHAH ALAM Bandar Shah Alam Petaling Malaysia",3.0736,101.5204
"JLN LADA HITAM 16/12 SEK. 16, SHAH ALAM Bandar Shah Alam Petaling Malaysia",3.0617,101.4865
"PRSN RAJA MUDA SEK. 16, SHAH ALAM Bandar Shah Alam Petaling Malaysia",3.0619,101.5222
"PERSIARAN PERUSAHAAN SEK. 23, SHAH ALAM Bandar Shah Alam Petaling Malaysia",3.0497,101.5191
"JALAN PASARAN 23/5 SEK. 23, SHAH ALAM Bandar Shah Alam Petaling Malaysia",3.0921,101.5437
"JLN 23/5 SEK. 23, SHAH ALAM Bandar Shah Alam Petaling Malaysia",3.074,101.519
"JALAN SS 13/3A SS 13 , SUBANG JAYA Bandar Subang Jaya Petaling Malaysia",3.0763,101.5883
"JALAN SS 13/3F SS 13 , SUBANG JAYA Bandar Subang Jaya Petaling Malaysia",3.0758,101.5836
"JLN SS 13/3C SS 13 , SUBANG JAYA Bandar Subang Jaya Petaling Malaysia",3.0759,101.5845
"JLN SS 13/3D SS 13 , SUBANG JAYA Bandar Subang Jaya Petaling Malaysia",3.0795,101.5818
"JLN SS 13/3F SS 13 , SUBANG JAYA Bandar Subang Jaya Petaling Malaysia",3.0737,101.5829
"JLN SS 13/6A SS 13 , SUBANG JAYA Bandar Subang Jaya Petaling Malaysia",3.0779,101.5867
"JLN SS 13/6B SS 13 , SUBANG JAYA Bandar Subang Jaya Petaling Malaysia",3.0569,101.5823
JLN JURUNILAI U1/20 GLENMARIE IND. PARK Bdr Glenmarie Petaling Malaysia,3.0909,101.5898
JLN PEGUAM U1/25 GLENMARIE IND. PARK Bdr Glenmarie Petaling Malaysia,3.107,101.577
JLN PEMAJU U1/15 GLENMARIE IND. PARK Bdr Glenmarie Petaling Malaysia,3.1129,101.5836
JLN PEMAJU U1/115 GLENMARIE IND. PARK Bdr Glenmarie Petaling Malaysia,3.1134,101.5606
JLN PENSYARAH U1/28 GLENMARIE IND. PARK Bdr Glenmarie Petaling Malaysia,3.1087,101.5879
"BATU 8 1/2, JALAN KLANG LAMA TAMAN DESARIA Bdr Petaling Jaya Selatan Petaling Malaysia",3.077,101.669
JLN PJS 3/1 (JALAN MEDAN 1) TMN MEDAN Bdr Petaling Jaya Selatan Petaling Malaysia,3.0817,101.6638
JLN EMAS SD 5/1 BDR BARU SRI DAMANSARA Bdr Sri Damansara Petaling Malaysia,3.1958,101.6205
JALAN CIKU KG BARU SUBANG (U6/U9) Bukit Raja Petaling Malaysia,3.131,101.548
JLN 4D KG BARU SUBANG (U6/U9) Bukit Raja Petaling Malaysia,3.1406,101.5542
JLN CIKU KG BARU SUBANG (U6/U9) Bukit Raja Petaling Malaysia,3.123,101.534
JLN KG. BARU SUBANG U9 KG BARU SUBANG (U6/U9) Bukit Raja Petaling Malaysia,3.0986,101.456
JLN MONTEREZ GOLF CLUB KG BARU SUBANG (U6/U9) Bukit Raja Petaling Malaysia,3.1439,101.5565
Jln Sigma U6/14 KG BUKIT CERAKAH Bukit Raja Petaling Malaysia,3.0986,101.4547
SHSH ALAM-SG BULOH KG BUKIT CERAKAH Bukit Raja Petaling Malaysia,3.125,101.525
JLN ASTAKA U8/84 BUKIT JELUTONG Damansara Petaling Malaysia,3.1108,101.5627
JLN TIANG U8/92 BUKIT JELUTONG Damansara Petaling Malaysia,3.1125,101.558
JALAN TP 5 SIME UEP INDUSTRIAL PARK Damansara Petaling Malaysia,3.0396,101.5769
JALAN TP 7 SIME UEP INDUSTRIAL PARK Damansara Petaling Malaysia,3.0236,101.5889
JLN TP 7 SIME UEP INDUSTRIAL PARK Damansara Petaling Malaysia,3.033,101.553
SIME UEP IND PARK SIME UEP INDUSTRIAL PARK Damansara Petaling Malaysia,3.0727,101.5576
JALAN SUBANG 8 SUNGAI PENAGA Damansara Petaling Malaysia,3.103,101.526
JLN KARTUNIS U1/47 TEMASYA INDUSTRIAL PARK Damansara Petaling Malaysia,3.1247,101.5578
JLN PELUKIS U1/46 TEMASYA INDUSTRIAL PARK Damansara Petaling Malaysia,3.0836,101.5767
JLN PENYAIR U1/44 TEMASYA INDUSTRIAL PARK Damansara Petaling Malaysia,3.138,101.586
"SU 5,PERS TENGKU AMPUAN LION IND. PARK,SHAH ALAM Pekan Baru Hicom Petaling Malaysia",3.0081,101.5308
"PERSIARAN JUBLI PERAK SEK. 22, SHAH ALAM Pekan Baru Hicom Petaling Malaysia",3.0169,101.5245
JLN NAUTIKA B U20/B BDR BARU SRI DAMANSARA Pekan Baru Sg Buluh Petaling Malaysia,3.2205,101.5758
JALAN HAJI SURIN KG BARU SUBANG Pekan Baru Sg Buluh Petaling Malaysia,3.1807,101.5757
JLN BARU SUNGAI BULOH KG. BARU SG. BULOH Pekan Baru Sg Buluh Petaling Malaysia,3.219,101.577
JALAN BARU SUNGAI BULOH KG. BARU SG. BULOH Pekan Baru Sg Buluh Petaling Malaysia,3.2086,101.5623
JALAN INDUSTRI 2 @ JALAN KAMPUNG KG. BARU SG. BULOH Pekan Baru Sg Buluh Petaling Malaysia,3.2079,101.5833
JALAN INDUSTRI 12 KG. BARU SG. BULOH Pekan Baru Sg Buluh Petaling Malaysia,3.226,101.574
"JALAN INDUSTRI 12, KG BARU SG BULOH KG. BARU SG. BULOH Pekan Baru Sg Buluh Petaling Malaysia",3.208,101.565
JALAN INDUSTRI KG BARU SG BULOH KG. BARU SG. BULOH Pekan Baru Sg Buluh Petaling Malaysia,3.2069,101.5681
JALAN KHALIFAH ZAKARIA 2 KG. BARU SG. BULOH Pekan Baru Sg Buluh Petaling Malaysia,3.2075,101.5769
JALAN SG BULOH KG. BARU SG. BULOH Pekan Baru Sg Buluh Petaling Malaysia,3.215,101.574
JLN INDUSTRI KG. BARU SG. BULOH Pekan Baru Sg Buluh Petaling Malaysia,3.206,101.574
JLN INDUSTRI 12 KG. BARU SG. BULOH Pekan Baru Sg Buluh Petaling Malaysia,3.2103,101.5596
KG. BARU SUNGAI BULOH KG. BARU SG. BULOH Pekan Baru Sg Buluh Petaling Malaysia,3.205,101.589
JALAN TSB 9 SUNGAI BULOH INDUSTRIAL PARK Pekan Baru Sg Buluh Petaling Malaysia,3.201,101.577
JLN APOLLO U5/194 SUBANG INTERNATIONAL LIGHT IND. PARK 1 Pekan Baru Subang Petaling Malaysia,3.1158,101.5507
JLN DELIMA 1/1 SUBANG HI-TECH Pekan Country Heights Petaling Malaysia,3.0,101.6
JLN TPP 5/1 TMN INDUSTRI PUCHONG Pekan Desa Puchong Petaling Malaysia,3.0119,101.6219
"JALAN PEREPAT 27/95 SEK 27, SHAH ALAM Pekan Hicom Petaling Malaysia",3.029,101.53
"JLN MANDOLIN 33/5 SEK 27, SHAH ALAM Pekan Hicom Petaling Malaysia",3.0786,101.5228
"JLN API-API 26/1 SEK. 26, SHAH ALAM Pekan Hicom Petaling Malaysia",3.0573,101.5259
"JLN HULU TINGGI 26/6 SEK. 26, SHAH ALAM Pekan Hicom Petaling Malaysia",3.0059,101.5034
"PERSIARAN SABAK BERNAM SEK. 26, SHAH ALAM Pekan Hicom Petaling Malaysia",3.034,101.535
JLN BK 1/11 PERUMAHAN KINRARA Pekan Kinrara Petaling Malaysia,3.0498,101.6463
JLN BK 1/15 PERUMAHAN KINRARA Pekan Kinrara Petaling Malaysia,3.058,101.675
JLN TPK 2/3 TMN INDUSTRI PUCHONG RAYA Pekan Kinrara Petaling Malaysia,3.0333,101.6167
JALAN SUBANG 4 SUNGAI PENAGA Pekan Penaga Petaling Malaysia,3.1125,101.5625
JALAN  TS 6/1 SUNGAI PENAGA Pekan Penaga Petaling Malaysia,3.068,101.633
JLN SUBANG 3 SUNGAI PENAGA Pekan Penaga Petaling Malaysia,3.1259,101.5846
JLN SUBANG 6 SUNGAI PENAGA Pekan Penaga Petaling Malaysia,3.0969,101.5636
JLN SUBANG 9 SUNGAI PENAGA Pekan Penaga Petaling Malaysia,3.1569,101.5917
JALAN SUBANG 7 TMN INDUSTRI SUBANG Pekan Penaga Petaling Malaysia,3.096,101.521
BATU 7 1/2 JLN PUCHONG CP 21690 Pekan Puchong Jaya Petaling Malaysia,3.0369,101.6484
JALAN UTAMA 2/30 PERINDUSTRIAN MAJU JAYA (PUCHONG) Pekan Puchong Perdana Petaling Malaysia,3.0172,101.6226
JLN PPU 3A PUSAT TEKNOLOGI SINAR PUCHONG Pekan Puchong Perdana Petaling Malaysia,3.0447,101.6493
JLN UTAMA 1/8 TMN INDUSTRI PUCHONG PERDANA Pekan Puchong Perdana Petaling Malaysia,3.0315,101.639
JALAN PPU 3 TMN INDUSTRI PUCHONG UTAMA Pekan Puchong Perdana Petaling Malaysia,3.0388,101.6157
BS 9/13 BUKIT SERDANG LIGHT INDUSTRIAL PARK Pekan Serdang Petaling Malaysia,3.0269,101.6866
JLN BS 9/12 BUKIT SERDANG LIGHT INDUSTRIAL PARK Pekan Serdang Petaling Malaysia,3.0,101.708
JLN MAWAR (BKT SERDANG SEK. 9) BUKIT SERDANG LIGHT INDUSTRIAL PARK Pekan Serdang Petaling Malaysia,3.0275,101.725
JLN 6/2 SERDANG RAYA (P.K.N.S) Pekan Serdang Petaling Malaysia,3.004,101.616
JALAN 1D KG BARU SUBANG Pekan Subang Petaling Malaysia,3.112,101.528
JALAN 4D KG BARU SUBANG Pekan Subang Petaling Malaysia,3.1465,101.5313
JLN 2C KG BARU SUBANG Pekan Subang Petaling Malaysia,3.1535,101.6162
JLN TUDM KG BARU SUBANG Pekan Subang Petaling Malaysia,3.129,101.548
LRG 1B KG BARU SUBANG Pekan Subang Petaling Malaysia,3.2023,101.5803
JALAN SUBANG 3 SUNGAI PENAGA Pekan Subang Jaya Petaling Malaysia,3.0587,101.5807
JALAN SUBANG 4 SUNGAI PENAGA Pekan Subang Jaya Petaling Malaysia,3.071,101.588
JLN SUBANG 3 SUNGAI PENAGA Pekan Subang Jaya Petaling Malaysia,3.0464,101.5825
JALAN BP 4/6 BDR BUKIT PUCHONG Petaling Petaling Malaysia,3.0048,101.6228
JALAN BP 4/7 BDR BUKIT PUCHONG Petaling Petaling Malaysia,3.0063,101.5892
JLN BP 4/2 BDR BUKIT PUCHONG Petaling Petaling Malaysia,3.0267,101.5907
JLN BP 4/5 BDR BUKIT PUCHONG Petaling Petaling Malaysia,3.0208,101.6158
JLN BP 4/9 BDR BUKIT PUCHONG Petaling Petaling Malaysia,3.0369,101.6319
JALAN BS 7/22 BUKIT SERDANG LIGHT INDUSTRIAL PARK Petaling Petaling Malaysia,3.0076,101.7458
BATU 7 1/2 JLN PUCHONG CP 21690 Petaling Petaling Malaysia,3.047,101.632
JALAN BK 1/13 PERUMAHAN KINRARA Petaling Petaling Malaysia,3.045,101.67
JLN BK 1/13(TYPE A1) PERUMAHAN KINRARA Petaling Petaling Malaysia,3.025,101.67
"JLN TPP 6/12 PINWANG INDUSTRIAL PARK, PUCHONG Petaling Petaling Malaysia",3.0372,101.6158
"JLN IND PBP 9 PINWANG INDUSTRIAL PARK, PUCHONG Petaling Petaling Malaysia",3.0139,101.6184
"JLN TPP 6/13 PINWANG INDUSTRIAL PARK, PUCHONG Petaling Petaling Malaysia",3.0007,101.6152
JLN PBP 3 PUSAT BDR PUCHONG Petaling Petaling Malaysia,3.0233,101.6139
JLN 6/4 SERDANG RAYA (P.K.N.S) Petaling Petaling Malaysia,3.0326,101.7147
JLN UTAMA 1/9 TMN INDUSTRI PUCHONG PERDANA Petaling Petaling Malaysia,3.0369,101.6227
JLN TPK 1/9 TMN INDUSTRI PUCHONG RAYA Petaling Petaling Malaysia,3.005,101.609
JLN TPK 2/3 TMN INDUSTRI PUCHONG RAYA Petaling Petaling Malaysia,3.0287,101.6309
TPK 2/4 TMN INDUSTRI PUCHONG RAYA Petaling Petaling Malaysia,3.0226,101.6108
JLN BT 7 1/2 TMN PAIK SIONG Petaling Petaling Malaysia,3.1595,101.6545
JLN PUCHONG BT 7 1/2 TMN PAIK SIONG Petaling Petaling Malaysia,3.021,101.613
JLN UTARID U5/1 BDR PINGGIRAN SUBANG Sungai Buluh Petaling Malaysia,3.1587,101.5664
JLN ELMINA INDSUTRIAL PARK ELMINA EAST INDUSTRIAL Sungai Buluh Petaling Malaysia,3.278,101.581
JLN METEOR U16/148 ELMINA EAST INDUSTRIAL Sungai Buluh Petaling Malaysia,3.207,101.602
JALAN 2C KG BARU SUBANG Sungai Buluh Petaling Malaysia,3.202,101.575
JALAN 3C KG BARU SUBANG Sungai Buluh Petaling Malaysia,3.2016,101.559
JLN 8D KG BARU SUBANG Sungai Buluh Petaling Malaysia,3.1431,101.7141
JLN PEKAN SUBANG KG BARU SUBANG Sungai Buluh Petaling Malaysia,3.1587,101.5561
JALAN INDUSTRI KG. BARU SG. BULOH Sungai Buluh Petaling Malaysia,3.2131,101.5633
JALAN INDUSTRI 10 KG. BARU SG. BULOH Sungai Buluh Petaling Malaysia,3.2108,101.5753
JALAN INDUSTRI 12 KG. BARU SG. BULOH Sungai Buluh Petaling Malaysia,3.195,101.57
JALAN SG BULOH KG. BARU SG. BULOH Sungai Buluh Petaling Malaysia,3.2038,101.5819
JLN INDUSTRI KG. BARU SG. BULOH Sungai Buluh Petaling Malaysia,3.2028,101.5679
JLN INDUSTRI 5 KG. BARU SG. BULOH Sungai Buluh Petaling Malaysia,3.2088,101.5833
JLN INDUSTRI 9 KG. BARU SG. BULOH Sungai Buluh Petaling Malaysia,3.198,101.567
Kampung BARU SUNGAI BULOH KG. BARU SG. BULOH Sungai Buluh Petaling Malaysia,3.207,101.585
OFF JALAN BARU SUNGAI BULOH KG. BARU SG. BULOH Sungai Buluh Petaling Malaysia,3.198,101.572
JALAN U5/16 MAH SING INTERGRATED IND. PARK Sungai Buluh Petaling Malaysia,3.1745,101.5337
JALAN UTARID U5/14 MAH SING INTERGRATED IND. PARK Sungai Buluh Petaling Malaysia,3.2072,101.5619
JALAN UTARID U5/15 MAH SING INTERGRATED IND. PARK Sungai Buluh Petaling Malaysia,3.1247,101.5198
JLN U5/12 MAH SING INTERGRATED IND. PARK Sungai Buluh Petaling Malaysia,3.2027,101.5771
JLN U5/16 MAH SING INTERGRATED IND. PARK Sungai Buluh Petaling Malaysia,3.2004,101.5829
JLN UTARID U5/13 MAH SING INTERGRATED IND. PARK Sungai Buluh Petaling Malaysia,3.1935,101.5828
JLN UTARID U5/16 MAH SING INTERGRATED IND. PARK Sungai Buluh Petaling Malaysia,3.196,101.575
U5/14 MAH SING INTERGRATED IND. PARK Sungai Buluh Petaling Malaysia,3.2167,101.55
UTARID U5/13 MAH SING INTERGRATED IND. PARK Sungai Buluh Petaling Malaysia,3.2127,101.5821
JLN AUTOVILLE 2 AUTOVILLE@CYBERJAYA Dengkil Sepang Malaysia,2.9222,101.6588
JALAN CIPTA SERENIA 4 @CIPTA 3A CIPTA SERENIA @ SERENIA CITY Dengkil Sepang Malaysia,2.8325,101.6935
JALAN CIPTA SERENIA 8 CIPTA SERENIA @ SERENIA CITY Dengkil Sepang Malaysia,2.8,101.683
JALAN CIPTA SERENIA 8B CIPTA SERENIA @ SERENIA CITY Dengkil Sepang Malaysia,2.847,101.647
JALAN CIPTA SERENIA 8G CIPTA SERENIA @ SERENIA CITY Dengkil Sepang Malaysia,2.8465,101.652
JALAN CIPTA SERINIA 1 CIPTA SERENIA @ SERENIA CITY Dengkil Sepang Malaysia,2.8568,101.7415
JLN MERANTI JAYA 16 TMN MERANTI JAYA Dengkil Sepang Malaysia,2.8567,101.6662
OFF BATU 16 TMN MERANTI JAYA Dengkil Sepang Malaysia,2.9208,101.7057
JALAN PP 11/3 TMN PERINDUSTRIAN ALAM PERDANA Dengkil Sepang Malaysia,2.8739,101.6471
JLN PP 11/1 TMN PERINDUSTRIAN ALAM PERDANA Dengkil Sepang Malaysia,2.8739,101.6162
JLN MU 1/9 TMN PERINDUSTRIAN MERANTI UTAMA Dengkil Sepang Malaysia,2.8797,101.6533
JLN PULAU MERANTI TMN PERINDUSTRIAN MERANTI UTAMA Dengkil Sepang Malaysia,2.896,101.667
JLN SEPANG SEPANG INDUSTRIAL PARK Sepang Sepang Malaysia,2.7575,101.7031
SEPANG INDUSTRI PARK SEPANG INDUSTRIAL PARK Sepang Sepang Malaysia,2.7373,101.6883
TMN TEKNOLOGI GEMILANG (P/L 6519) Kapar Klang Malaysia,3.1276,101.3308
KAW PERUSAHAAN SELAT KLANG UTARA Kelang Klang Malaysia,3.0266,101.4456
KOMPLEK PERINDUSTRIAN TRISEGI Kuala Lumpur Town Centre Kuala Lumpur Malaysia,3.1606,101.7175
ANZEN BUSINESS PARK Mukim Batu Kuala Lumpur Malaysia,3.1953,101.6955
BINOVA INDUSTRI  AREA Mukim Batu Kuala Lumpur Malaysia,3.1935,101.6812
RESOURCE IND. CENTRE Mukim Batu Kuala Lumpur Malaysia,3.2017,101.6999
KL INDUSTRIAL PARK Mukim Petaling Kuala Lumpur Malaysia,3.0916,101.6373
SEKSYEN 13 PETALING JAYA Bandar Petaling Jaya Petaling Malaysia,3.0855,101.574
"SEKSYEN 51 , PETALING JAYA Bandar Petaling Jaya Petaling Malaysia",3.0833,101.6167
"SEKSYEN 51/51A , PETALING JAYA Bandar Petaling Jaya Petaling Malaysia",3.107,101.628
EM HUB Pekan Baru Sg Buluh Petaling Malaysia,3.2208,101.5754
"SEKSYEN 3, KOTA DAMANSARA Pekan Baru Sg Buluh Petaling Malaysia",3.1578,101.6296
TMN INDUSTRI PUCHONG Pekan Desa Puchong Petaling Malaysia,3.016,101.616
BUKIT SERDANG LIGHT INDUSTRIAL PARK Petaling Petaling Malaysia,3.0158,101.7078
ANDAMAN UKAY Bandar Hulu Kelang Gombak Malaysia,3.2055,101.7681
MELAWATI CORPORATE CENTRE Bandar Hulu Kelang Gombak Malaysia,3.1872,101.7572
TAMAN KERAMAT PERMAI Bandar Hulu Kelang Gombak Malaysia,3.181,101.7705
UKAY BOULEVARD Bandar Hulu Kelang Gombak Malaysia,3.2229,101.7441
UKAY PERDANA Bandar Hulu Kelang Gombak Malaysia,3.1785,101.7758
DESA AMAN PURI Bandar Kepong Gombak Malaysia,3.2199,101.6547
PEKAN KALUMPANG Bandar Kepong Gombak Malaysia,3.3395,101.6572
PUSAT PERDAGANGAN DESA JAYA Bandar Kepong Gombak Malaysia,3.2507,101.6538
SRI EHSAN SHOP APARTMENT Bandar Kepong Gombak Malaysia,3.2044,101.6709
TAMAN BUKIT DESA JAYA Bandar Kepong Gombak Malaysia,3.214,101.657
WANGSA PERMAI Bandar Kepong Gombak Malaysia,3.203,101.666
BANDAR COUNTRY HOMES Bandar Kundang Gombak Malaysia,3.275,101.596
PUSAT KOMERSIAL ANGGUN CITY Bandar Kundang Gombak Malaysia,3.2617,101.5502
BANDAR BARU RAWANG Bandar Rawang Gombak Malaysia,3.3199,101.5759
RAWANG COMMERCIAL CENTRE(THE REEF) Bandar Rawang Gombak Malaysia,3.3195,101.5768
TAMAN RAWANG MUTIARA Bandar Rawang Gombak Malaysia,3.3179,101.5784
162 RESIDENCY Bandar Selayang Gombak Malaysia,3.2496,101.6436
BOLTON INDUSTRIAL PARK Bandar Selayang Gombak Malaysia,3.263,101.642
MEDAN SELAYANG Bandar Selayang Gombak Malaysia,3.198,101.734
TAMAN AMANIAH MULIA Bandar Selayang Gombak Malaysia,3.2492,101.6578
TAMAN SRI BATU CAVES Bandar Selayang Gombak Malaysia,3.2375,101.684
TAMAN SRI GOMBAK Bandar Selayang Gombak Malaysia,3.2419,101.6806
LIGHTGREY SUNGAI BULOH Bandar Sungai Buloh Gombak Malaysia,3.217,101.572
PARAGON VALLEY Batu Gombak Malaysia,5.0406,101.1964
TAMAN BUKIT IDAMAN Batu Gombak Malaysia,3.123,101.686
TAMAN DAYA Batu Gombak Malaysia,1.5319,103.7107
WANGSA PERMAI Batu Gombak Malaysia,4.583,101.1
UKAY PERDANA Hulu Klang Gombak Malaysia,3.2028,101.7234
IMPIAN INDAH (P L 1855) Pekan Kuang Gombak Malaysia,3.271,101.618
BANDAR TASIK PUTERI Rawang Gombak Malaysia,3.3435,101.5238
THE MARK @ CHERAS Ampang Hulu Langat Malaysia,3.1145,101.7485
TMN DESA MEWAH Ampang Hulu Langat Malaysia,3.1306,101.7665
TMN PANDAN INDAH Ampang Hulu Langat Malaysia,3.1116,101.7457
TMN PANDAN JAYA Ampang Hulu Langat Malaysia,3.1058,101.7625
TMN PANDAN PERDANA Ampang Hulu Langat Malaysia,3.121,101.762
AMPANG PUTRA RESIDENCY (STRATA SHOP OFFI Bandar Ampang Hulu Langat Malaysia,3.1529,101.7567
BDR BARU AMPANG Bandar Ampang Hulu Langat Malaysia,3.1446,101.7621
TAMAN PANDAN INDAH Bandar Ampang Hulu Langat Malaysia,3.0635,101.7936
TMN DAGANG Bandar Ampang Hulu Langat Malaysia,3.0947,101.7886
TMN DATUK  AHMAD RAZALI Bandar Ampang Hulu Langat Malaysia,3.1488,101.7508
TMN MUDA Bandar Ampang Hulu Langat Malaysia,3.0828,101.7636
TMN PANDAN INDAH Bandar Ampang Hulu Langat Malaysia,3.1319,101.7456
TMN PANDAN JAYA Bandar Ampang Hulu Langat Malaysia,3.107,101.763
TMN PANDAN PERDANA Bandar Ampang Hulu Langat Malaysia,3.1276,101.7559
TMN PINGGIRAN CHERAS Bandar Ampang Hulu Langat Malaysia,3.1125,101.7639
BANGI BUSINESS PARK KOMPLEKS DIAMOND Bandar Baru Bangi Hulu Langat Malaysia,2.9629,101.7624
BANGI GATEWAY Bandar Baru Bangi Hulu Langat Malaysia,2.9626,101.7267
OSTIA BANGI Bandar Baru Bangi Hulu Langat Malaysia,2.9606,101.7621
PUSAT BDR BARU BANGI Bandar Baru Bangi Hulu Langat Malaysia,2.9643,101.7763
SEK  9 BDR BARU BANGI Bandar Baru Bangi Hulu Langat Malaysia,3.0106,101.7277
SEK 9 BDR BARU BANGI Bandar Baru Bangi Hulu Langat Malaysia,3.0496,101.7578
TMN SEPAKAT INDAH Bandar Baru Bangi Hulu Langat Malaysia,3.0172,101.6916
DATARAN C180 Bandar Cheras Hulu Langat Malaysia,3.0833,101.75
LANDMARK RESIDENCE Bandar Cheras Hulu Langat Malaysia,3.086,101.75
RESIDENSI NETIZEN Bandar Cheras Hulu Langat Malaysia,3.0667,101.7667
SILK RESIDENCE Bandar Cheras Hulu Langat Malaysia,3.0706,101.7819
TAMAN KASTURI Bandar Cheras Hulu Langat Malaysia,3.046,101.782
TMN KASTURI Bandar Cheras Hulu Langat Malaysia,3.087,101.748
MKH AVENUE KAJANG Bandar Kajang Hulu Langat Malaysia,3.0303,101.7927
MKH BOULEVARD JALAN BUKIT Bandar Kajang Hulu Langat Malaysia,3.0239,101.7875
PUSAT PERHENTIAN KAJANG Bandar Kajang Hulu Langat Malaysia,3.0167,101.7883
SEK 5 BDR BARU BANGI Bandar Kajang Hulu Langat Malaysia,2.9579,101.7607
TKS BUSINESS CENTRE(KAJANG) Bandar Kajang Hulu Langat Malaysia,3.0024,101.7907
TMN KAJANG PERDANA Bandar Kajang Hulu Langat Malaysia,3.0483,101.7897
TMN KAJANG UTAMA Bandar Kajang Hulu Langat Malaysia,3.0396,101.7879
TMN PRIMA SAUJANA Bandar Kajang Hulu Langat Malaysia,3.0213,101.7883
TMN SRI LANGAT 2 Bandar Kajang Hulu Langat Malaysia,2.9947,101.7893
TMN SEMENYIH SENTRAL Bandar Semenyih Hulu Langat Malaysia,2.9357,101.8433
BDR MAHKOTA CHERAS Cheras Hulu Langat Malaysia,3.0807,101.7494
DATARAN C Cheras Hulu Langat Malaysia,3.0817,101.7445
DATARAN C180 Cheras Hulu Langat Malaysia,3.1091,101.7444
MAHKOTA SQUARE Cheras Hulu Langat Malaysia,3.0719,101.7597
PRIMA BUSSINESS CENTRE Cheras Hulu Langat Malaysia,3.0731,101.7298
TMN JUARA JAYA Cheras Hulu Langat Malaysia,3.0856,101.7667
TMN SEGAR PERDANA Cheras Hulu Langat Malaysia,3.0619,101.7626
TMN PUTRA KAJANG Kajang Hulu Langat Malaysia,3.0175,101.7897
TMN SENTOSA Kajang Hulu Langat Malaysia,2.9975,101.7858
PRIMA BUSSINESS CENTRE Pekan Cheras Hulu Langat Malaysia,3.0886,101.7559
TMN EMAS Pekan Cheras Hulu Langat Malaysia,3.0867,101.7667
AKASA CHERAS SOUTH Pekan Kajang Hulu Langat Malaysia,3.0535,101.745
TMN SRI KENARI Pekan Kajang Hulu Langat Malaysia,3.035,101.788
BUKIT BERUNTUNG Bandar Serendah Hulu Selangor Malaysia,3.405,101.631
BUKIT SENTOSA Bandar Serendah Hulu Selangor Malaysia,3.5288,101.6779
BUKIT SENTOSA Serendah Hulu Selangor Malaysia,3.543,101.641
CENTRO Bandar Kelang Klang Malaysia,3.0425,101.4455
GOLDEN CITY POINT CENTRE Bandar Kelang Klang Malaysia,3.0436,101.4495
INTANIA KLANG Bandar Kelang Klang Malaysia,3.0316,101.4458
KOMERSIAL CENTRO Bandar Kelang Klang Malaysia,3.0343,101.4452
PEL. KLANG(PERSIARAN R.M.MUSA) Bandar Kelang Klang Malaysia,3.0225,101.4434
PELABUHAN KLANG (PRSN RAJA MUDA MUSA) Bandar Kelang Klang Malaysia,3.0,101.4
PELANGI POINT Bandar Kelang Klang Malaysia,3.0319,101.4557
PELANGI PROMENADE Bandar Kelang Klang Malaysia,3.0437,101.4478
PRIMA KLANG AVENUE Bandar Kelang Klang Malaysia,3.0442,101.4493
PUSAT PERNIAGAAN RAYA BARAT Bandar Kelang Klang Malaysia,3.0445,101.4502
SEK. 21-28 BDR KLANG Bandar Kelang Klang Malaysia,3.043,101.449
TMN SRI ANDALAS Bandar Kelang Klang Malaysia,3.0146,101.4316
TMN WANGI (TEPI SUNGAI) Bandar Kelang Klang Malaysia,3.0206,101.4467
"WANGSA INTAN, KLANG Bandar Kelang Klang Malaysia",3.0447,101.4498
BDR BARU KLANG Kapar Klang Malaysia,3.1596,101.4468
INTAN MILLENNIUM SQUARE Kapar Klang Malaysia,3.0756,101.3838
KLANG SENTRAL Kapar Klang Malaysia,3.0667,101.45
KRISTAL COMMERCIAL CENTRE Kapar Klang Malaysia,3.026,101.43
"MUTIARA POINT, BDR BUKIT RAJA Kapar Klang Malaysia",3.079,101.445
PORT TECH TOWER Kapar Klang Malaysia,3.1135,101.3578
"TAMAN INTAN,BATU 3 Kapar Klang Malaysia",3.0597,101.4465
BANDAR PUTERI Kelang Klang Malaysia,3.0106,101.4457
BDR ARMADA PUTRA Kelang Klang Malaysia,3.045,101.449
BDR BUKIT TINGGI Kelang Klang Malaysia,3.0333,101.45
BDR PARKLANDS Kelang Klang Malaysia,3.0349,101.4457
"BDR PUTERI, KLANG Kelang Klang Malaysia",3.0377,101.4472
BUKIT RIMAU Kelang Klang Malaysia,3.0333,101.4833
D'KEBUN COMMERCIAL CENTRE Kelang Klang Malaysia,3.0369,101.4446
"GAYA RESORT HOMES, BUKIT RIMAU Kelang Klang Malaysia",3.0059,101.5485
KNOX WAWASAN (GEO BUKIT RIMAU) Kelang Klang Malaysia,3.0375,101.4509
KOTA KEMUNING Kelang Klang Malaysia,3.003,101.526
PELABUHAN KLANG Kelang Klang Malaysia,3.0,101.4
SRI SENTOSA COMMERCIAL CENTRE(P/L 10370) Kelang Klang Malaysia,3.0233,101.448
T. SENTOSA DYNASTY (P/L 10472 - 10474) Kelang Klang Malaysia,3.0333,101.45
THE GAMUDA BIZ SUITES Kelang Klang Malaysia,3.0133,101.4477
THE LANDMARK @ BBT2 Kelang Klang Malaysia,3.0444,101.4499
TMN AUR Kelang Klang Malaysia,3.0333,101.45
TMN INTAN SURIA SEK21 Kelang Klang Malaysia,3.0633,101.4496
TMN MILLENIUM SENTOSA Kelang Klang Malaysia,3.043,101.45
TMN SENTOSA DYNASTY (P/L 10472 - 10474) Kelang Klang Malaysia,3.0126,101.4594
TMN SENTOSA DYNASTY (PL 10474) Kelang Klang Malaysia,3.0277,101.4458
TMN SENTOSA PERDANA (P/L 10430 & 10431) Kelang Klang Malaysia,3.0456,101.449
TMN SRI INDAH Kelang Klang Malaysia,3.0319,101.4454
TMN SRI SENTOSA Kelang Klang Malaysia,3.0345,101.4458
TMN WANGSA (P/L 10445) Kelang Klang Malaysia,3.1107,101.6522
"BBT ONE BOULEVARD, BDR BUKIT TINGGI Pekan Pendamaran Klang Malaysia",3.0018,101.3929
BDR BUKIT TINGGI Pekan Pendamaran Klang Malaysia,3.0436,101.4458
PELABUHAN KLANG Pekan Port Swettenham Klang Malaysia,3.0048,101.3988
3 TOWERS Kuala Lumpur Town Centre Kuala Lumpur Malaysia,3.1596,101.7144
AMBASSY BUSSINESS PARK Kuala Lumpur Town Centre Kuala Lumpur Malaysia,3.1601,101.7072
BANGUNAN SAFUAN Kuala Lumpur Town Centre Kuala Lumpur Malaysia,3.1612,101.7122
BOULEVARD Kuala Lumpur Town Centre Kuala Lumpur Malaysia,3.1576,101.7118
CITY TOWER Kuala Lumpur Town Centre Kuala Lumpur Malaysia,3.1579,101.7116
D6 SENTUL EAST Kuala Lumpur Town Centre Kuala Lumpur Malaysia,3.152,101.7035
D7 @SENTUL EAST Kuala Lumpur Town Centre Kuala Lumpur Malaysia,3.1288,101.6869
GLEANEAGLES MEDICAL CENTRE Kuala Lumpur Town Centre Kuala Lumpur Malaysia,3.1546,101.7102
HERITAGE HOUSE Kuala Lumpur Town Centre Kuala Lumpur Malaysia,3.1577,101.7085
INDAH UPC Kuala Lumpur Town Centre Kuala Lumpur Malaysia,3.1599,101.7123
JALAN CHERAS Kuala Lumpur Town Centre Kuala Lumpur Malaysia,3.1319,101.7115
JALAN IPOH Kuala Lumpur Town Centre Kuala Lumpur Malaysia,3.1607,101.7004
JALAN KAMPUNG PANDAN Kuala Lumpur Town Centre Kuala Lumpur Malaysia,3.1497,101.7217
JALAN LOKE YEW Kuala Lumpur Town Centre Kuala Lumpur Malaysia,3.1438,101.7078
JALAN RAJA MUDA Kuala Lumpur Town Centre Kuala Lumpur Malaysia,3.1656,101.6978
JALAN SULTAN ISMAIL Kuala Lumpur Town Centre Kuala Lumpur Malaysia,3.1628,101.7073
JLN THAMBOOSAMY Kuala Lumpur Town Centre Kuala Lumpur Malaysia,3.1579,101.7123
KAW JLN TUN SAMBANTHAN (BRICKFIELDS) Kuala Lumpur Town Centre Kuala Lumpur Malaysia,3.1333,101.6869
KAWASAN  JALAN KENANGA Kuala Lumpur Town Centre Kuala Lumpur Malaysia,3.1619,101.7077
KL ECO CITY Kuala Lumpur Town Centre Kuala Lumpur Malaysia,3.1336,101.6761
KL TRILLION Kuala Lumpur Town Centre Kuala Lumpur Malaysia,3.1567,101.7124
KOMERSIAL VIVO Kuala Lumpur Town Centre Kuala Lumpur Malaysia,3.1606,101.7171
KOMPLEK WILAYAH Kuala Lumpur Town Centre Kuala Lumpur Malaysia,3.1597,101.7153
KOMPLEKS RUBY Kuala Lumpur Town Centre Kuala Lumpur Malaysia,3.1569,101.7108
KOMPLEKS UDARAMA Kuala Lumpur Town Centre Kuala Lumpur Malaysia,3.1567,101.7126
MENARA CENTARA Kuala Lumpur Town Centre Kuala Lumpur Malaysia,3.1606,101.7179
MENARA KLH BUSSSINESS CENTRE Kuala Lumpur Town Centre Kuala Lumpur Malaysia,3.1585,101.6985
MENARA MBMR Kuala Lumpur Town Centre Kuala Lumpur Malaysia,3.1577,101.7103
MENARA MUTIARA BANGSAR Kuala Lumpur Town Centre Kuala Lumpur Malaysia,3.140853,101.670051
MENARA PROMET Kuala Lumpur Town Centre Kuala Lumpur Malaysia,3.1655,101.7179
MENARA PUTRA Kuala Lumpur Town Centre Kuala Lumpur Malaysia,3.1628,101.7174
MENARA SENTRAL VISTA Kuala Lumpur Town Centre Kuala Lumpur Malaysia,3.1626,101.7174
MENARA SUTERA DAMAI@SCARLETZ SUITES KLCC Kuala Lumpur Town Centre Kuala Lumpur Malaysia,3.1539,101.7076
MENARA UOA BANGSAR Kuala Lumpur Town Centre Kuala Lumpur Malaysia,3.1339,101.6867
MERCU SUMMER SUITES Kuala Lumpur Town Centre Kuala Lumpur Malaysia,3.1586,101.7146
NORTH POINT ( MID - VALLEY ) Kuala Lumpur Town Centre Kuala Lumpur Malaysia,3.1569,101.7129
NORTH POINT (RESIDENCES) Kuala Lumpur Town Centre Kuala Lumpur Malaysia,3.1599,101.7177
OFF JALAN AMPANG Kuala Lumpur Town Centre Kuala Lumpur Malaysia,3.1579,101.7132
PAVILION EMBASSY Kuala Lumpur Town Centre Kuala Lumpur Malaysia,3.1569,101.7229
PHILEO AVENUE Kuala Lumpur Town Centre Kuala Lumpur Malaysia,3.1606,101.7167
PHILEO PROMENADE Kuala Lumpur Town Centre Kuala Lumpur Malaysia,3.1561,101.7105
PLAZA 138 Kuala Lumpur Town Centre Kuala Lumpur Malaysia,3.1617,101.7117
PLAZA 393 Kuala Lumpur Town Centre Kuala Lumpur Malaysia,3.1616,101.7166
PLAZA HAJI TAIB Kuala Lumpur Town Centre Kuala Lumpur Malaysia,3.1566,101.7078
PLAZA PEKELILING Kuala Lumpur Town Centre Kuala Lumpur Malaysia,3.1678,101.6867
PLAZA SENTRAL Kuala Lumpur Town Centre Kuala Lumpur Malaysia,3.1577,101.7005
PUSAT KOMERSIL SOUTHGATE Kuala Lumpur Town Centre Kuala Lumpur Malaysia,3.1502,101.7122
PUTRA MAJESTIK Kuala Lumpur Town Centre Kuala Lumpur Malaysia,3.1368,101.6957
Q SENTRAL Kuala Lumpur Town Centre Kuala Lumpur Malaysia,3.1658,101.6836
RESIDENSI TUN RAZAK Kuala Lumpur Town Centre Kuala Lumpur Malaysia,3.1606,101.7083
RICHMOORE HOTEL SUIT/ACE ELECTRONIC MALL Kuala Lumpur Town Centre Kuala Lumpur Malaysia,3.1578,101.7089
ROYCE RESIDENCE @ MENARA 8 Kuala Lumpur Town Centre Kuala Lumpur Malaysia,3.1598,101.7093
SUASANA BUKIT CEYLON Kuala Lumpur Town Centre Kuala Lumpur Malaysia,3.1517,101.7086
SUNWAY VELOCITY Kuala Lumpur Town Centre Kuala Lumpur Malaysia,3.1266,101.7224
THE AMPWALK Kuala Lumpur Town Centre Kuala Lumpur Malaysia,3.1597,101.7081
TONG NAM BUILDING Kuala Lumpur Town Centre Kuala Lumpur Malaysia,3.1538,101.7145
UNCANG EMAS Kuala Lumpur Town Centre Kuala Lumpur Malaysia,3.1547,101.7115
UOA CENTRE Kuala Lumpur Town Centre Kuala Lumpur Malaysia,3.1586,101.7146
VIVA RESIDENCY Kuala Lumpur Town Centre Kuala Lumpur Malaysia,3.1577,101.7163
VORTEX SUITES & RESIDENCES @KLCC Kuala Lumpur Town Centre Kuala Lumpur Malaysia,3.1576,101.7149
VUE RESIDENCES Kuala Lumpur Town Centre Kuala Lumpur Malaysia,3.1596,101.7093
WISMA 730 (THE TRAX) Kuala Lumpur Town Centre Kuala Lumpur Malaysia,3.1596,101.7153
WISMA CENTRAL Kuala Lumpur Town Centre Kuala Lumpur Malaysia,3.1586,101.7108
WISMA CHINESE CHAMBER Kuala Lumpur Town Centre Kuala Lumpur Malaysia,3.1568,101.7105
WISMA INDAH / WISMA SHEN COURT Kuala Lumpur Town Centre Kuala Lumpur Malaysia,3.1577,101.7146
WISMA MAH SENG (WISMA MUTIARA) Kuala Lumpur Town Centre Kuala Lumpur Malaysia,3.1597,101.7159
WISMA STEPHENS / WISMA COSWAY Kuala Lumpur Town Centre Kuala Lumpur Malaysia,3.1605,101.7164
WISMA UOA II Kuala Lumpur Town Centre Kuala Lumpur Malaysia,3.1599,101.7168
ARTE PLUS @ JALAN AMPANG Mukim Ampang Kuala Lumpur Malaysia,3.1478,101.7137
DESA PANDAN Mukim Ampang Kuala Lumpur Malaysia,3.138,101.757
KOMPLEKS MALURI Mukim Ampang Kuala Lumpur Malaysia,3.1353,101.7092
WISMA MAHKOTA Mukim Ampang Kuala Lumpur Malaysia,3.1459,101.7377
ARCORIS MONT KIARA Mukim Batu Kuala Lumpur Malaysia,3.1667,101.6633
ARTE MON'T KIARA Mukim Batu Kuala Lumpur Malaysia,3.1697,101.6587
ARTE MONT KIARA Mukim Batu Kuala Lumpur Malaysia,3.1699,101.6518
BOULEVARD BUSINESS PARK Mukim Batu Kuala Lumpur Malaysia,3.2277,101.6869
FORTUNE PERDANA @ RESIDENSI PERDANA Mukim Batu Kuala Lumpur Malaysia,3.2036,101.6739
FORTUNE SQUARE Mukim Batu Kuala Lumpur Malaysia,3.1839,101.7022
"GATEWAY KIARAMAS, CORPORATE SUITES Mukim Batu Kuala Lumpur Malaysia",3.178,101.702
KIARA 163 Mukim Batu Kuala Lumpur Malaysia,3.2045,101.6821
KIARA DESIGNER Mukim Batu Kuala Lumpur Malaysia,3.1738,101.7001
KIPARK BUSINESS AVENUE Mukim Batu Kuala Lumpur Malaysia,3.2133,101.6926
KOMPLEKS KANTONMEN PRIMA Mukim Batu Kuala Lumpur Malaysia,3.1959,101.6918
KOMPLEKS MUTIARA (PLAZA MUTIARA) Mukim Batu Kuala Lumpur Malaysia,3.1675,101.7167
M SUITE @ DESA PARK NORTH Mukim Batu Kuala Lumpur Malaysia,3.1972,101.6796
MEDAN PUTRA BUSINESS CENTRA Mukim Batu Kuala Lumpur Malaysia,3.1905,101.6918
MENARA THE MET Mukim Batu Kuala Lumpur Malaysia,3.1974,101.6739
METRO PRIMA Mukim Batu Kuala Lumpur Malaysia,3.1747,101.6922
ONE MONT' KIARA Mukim Batu Kuala Lumpur Malaysia,3.1656,101.6648
"PLAZA ARCADIA, DESA PARKCITY Mukim Batu Kuala Lumpur Malaysia",3.1821,101.6385
PLAZA MONT' KIARA Mukim Batu Kuala Lumpur Malaysia,3.1769,101.6667
PLAZA PRIMA SHOP LOTS Mukim Batu Kuala Lumpur Malaysia,3.2022,101.6756
PLAZA SINAR Mukim Batu Kuala Lumpur Malaysia,3.1759,101.6941
PUSAT KEPONG BARU Mukim Batu Kuala Lumpur Malaysia,3.1956,101.6404
SKY AWANI (COMMERCIAL) Mukim Batu Kuala Lumpur Malaysia,3.179,101.686
SKY AWANI RESIDENCE 2 (KOMERSIAL) Mukim Batu Kuala Lumpur Malaysia,3.2008,101.7046
SOLARIS DUTAMAS Mukim Batu Kuala Lumpur Malaysia,3.1769,101.6866
SOLARIS MONT KIARA Mukim Batu Kuala Lumpur Malaysia,3.1685,101.6522
SUITE SERVIS SURIA Mukim Batu Kuala Lumpur Malaysia,3.2007,101.6922
TAMAN KEPONG INDAH Mukim Batu Kuala Lumpur Malaysia,3.2145,101.6594
TAMAN MASTIARA Mukim Batu Kuala Lumpur Malaysia,3.1942,101.7099
TAMAN SRI SINAR Mukim Batu Kuala Lumpur Malaysia,3.1916,101.6865
TMN KEPONG INDAH Mukim Batu Kuala Lumpur Malaysia,3.2059,101.6364
TAMAN BUKIT CHERAS Mukim Cheras Kuala Lumpur Malaysia,3.0807,101.7437
AMBER BUSINESS PLAZA Mukim Kuala Lumpur Kuala Lumpur Malaysia,3.1376,101.6881
ARTE MON'T KIARA Mukim Kuala Lumpur Kuala Lumpur Malaysia,3.1767,101.6589
BANGSAR SOUTH Mukim Kuala Lumpur Kuala Lumpur Malaysia,3.1106,101.6659
BEDFORD BUSINESS PARK Mukim Kuala Lumpur Kuala Lumpur Malaysia,3.1477,101.7034
CHERAS BUSINESS CENTRE Mukim Kuala Lumpur Kuala Lumpur Malaysia,3.0975,101.7344
DESA PETALING Mukim Kuala Lumpur Kuala Lumpur Malaysia,3.1478,101.6953
EKO RESIDENCE Mukim Kuala Lumpur Kuala Lumpur Malaysia,3.1517,101.7072
EKOCHERAS OFFICE SUITES Mukim Kuala Lumpur Kuala Lumpur Malaysia,3.1058,101.7378
FABER PLAZA Mukim Kuala Lumpur Kuala Lumpur Malaysia,3.1453,101.6998
FABER TOWER Mukim Kuala Lumpur Kuala Lumpur Malaysia,3.1546,101.7123
GALERIA HARTAMAS Mukim Kuala Lumpur Kuala Lumpur Malaysia,3.1736,101.6887
GLOMAC DAMANSARA SHOP OFFICES Mukim Kuala Lumpur Kuala Lumpur Malaysia,3.1478,101.6167
JALAN DUNGUN Mukim Kuala Lumpur Kuala Lumpur Malaysia,3.1628,101.6983
JALAN KELANG LAMA Mukim Kuala Lumpur Kuala Lumpur Malaysia,3.0906,101.6726
KG.KERINCHI PANTAI DALAM Mukim Kuala Lumpur Kuala Lumpur Malaysia,3.1159,101.6608
KL GATEWAY (MENARA SUEZCAP) Mukim Kuala Lumpur Kuala Lumpur Malaysia,3.1036,101.6448
KOMPLEKS PERMAISURI Q Mukim Kuala Lumpur Kuala Lumpur Malaysia,3.092,101.679
MENARA MUTIARA SENTRAL Mukim Kuala Lumpur Kuala Lumpur Malaysia,3.1623,101.6973
MIDFIELDS SQUARE SHOP OFFICE Mukim Kuala Lumpur Kuala Lumpur Malaysia,3.1467,101.6953
MILLERZ SQUARE @ OKR Mukim Kuala Lumpur Kuala Lumpur Malaysia,3.1367,101.6954
OVAL@DAMANSARA Mukim Kuala Lumpur Kuala Lumpur Malaysia,3.1386,101.6155
PAVILION DAMANSARA HEIGHTS Mukim Kuala Lumpur Kuala Lumpur Malaysia,3.1512,101.6695
PLAZA DAMANSARA Mukim Kuala Lumpur Kuala Lumpur Malaysia,3.1646,101.6602
PLAZA DAMAS Mukim Kuala Lumpur Kuala Lumpur Malaysia,3.1451,101.6848
PLAZA DAMAS 3 Mukim Kuala Lumpur Kuala Lumpur Malaysia,3.1488,101.6667
PLAZA DWI TASIK Mukim Kuala Lumpur Kuala Lumpur Malaysia,3.1478,101.6996
SCOTT GARDEN (METRO CENTER) Mukim Kuala Lumpur Kuala Lumpur Malaysia,3.1788,101.6657
SOUTHBANK RESIDENCE Mukim Kuala Lumpur Kuala Lumpur Malaysia,3.139,101.6869
TAMAN ABADI INDAH COMMERCIAL CENTRE Mukim Kuala Lumpur Kuala Lumpur Malaysia,3.1266,101.6744
TAMAN MIDAH Mukim Kuala Lumpur Kuala Lumpur Malaysia,3.0935,101.7198
TAMAN SHAMELIN PERKASA Mukim Kuala Lumpur Kuala Lumpur Malaysia,3.1293,101.7264
TAMAN SRI HARTAMAS Mukim Kuala Lumpur Kuala Lumpur Malaysia,3.1488,101.6539
THE PLAZA Mukim Kuala Lumpur Kuala Lumpur Malaysia,3.1478,101.7081
WISMA UOA DAMANSARA Mukim Kuala Lumpur Kuala Lumpur Malaysia,3.1237,101.6227
WISMA ZELAN (NUMBER ONE BUSINESS CENTRE) Mukim Kuala Lumpur Kuala Lumpur Malaysia,3.1506,101.7035
WISMA ZELAN(NUMBER ONE BUSINESS CENTRE) Mukim Kuala Lumpur Kuala Lumpur Malaysia,3.1425,101.7042
28 @ OLD KLANG ROAD Mukim Petaling Kuala Lumpur Malaysia,3.1305,101.6838
BEDFORD BUSINESS PARK Mukim Petaling Kuala Lumpur Malaysia,3.073,101.663
CONNAUGHT AVENUE Mukim Petaling Kuala Lumpur Malaysia,3.1278,101.6693
DESA PETALING Mukim Petaling Kuala Lumpur Malaysia,3.1292,101.6865
DESA PETALING PHASE 5 SHOPLEX Mukim Petaling Kuala Lumpur Malaysia,3.1167,101.6667
ENDAH PROMENADE Mukim Petaling Kuala Lumpur Malaysia,3.1037,101.6578
HAPPY GARDEN Mukim Petaling Kuala Lumpur Malaysia,3.0827,101.6453
IKON CONNAUGHT Mukim Petaling Kuala Lumpur Malaysia,3.1556,101.7142
JALAN PUCHONG Mukim Petaling Kuala Lumpur Malaysia,3.057,101.615
KUCHAI AVENUE Mukim Petaling Kuala Lumpur Malaysia,3.106,101.674
KUCHAI BUSINESS CENTRE Mukim Petaling Kuala Lumpur Malaysia,3.091,101.672
KUCHAI ENTREPRENEURS PARK Mukim Petaling Kuala Lumpur Malaysia,3.1089,101.6408
KUCHAI EXCHANGE Mukim Petaling Kuala Lumpur Malaysia,3.0734,101.6219
LANGSARI BUSINESS CENTRE Mukim Petaling Kuala Lumpur Malaysia,3.1046,101.6508
MAJU LINQ Mukim Petaling Kuala Lumpur Malaysia,3.0825,101.6779
MEDAN CONNAUGHT Mukim Petaling Kuala Lumpur Malaysia,3.0656,101.6724
MEGAN COPORATE PARK(KL BUSINESS PARK) Mukim Petaling Kuala Lumpur Malaysia,3.0789,101.6723
MILLERZ SQUARE @ OKR Mukim Petaling Kuala Lumpur Malaysia,3.1149,101.6554
OG BUSINESS PARK Mukim Petaling Kuala Lumpur Malaysia,3.085,101.666
OVERSEAS UNION GARDEN Mukim Petaling Kuala Lumpur Malaysia,3.1046,101.6628
PHOENIX BUSINESS PARK Mukim Petaling Kuala Lumpur Malaysia,3.1473,101.6639
PLAZA PRIMA Mukim Petaling Kuala Lumpur Malaysia,3.0709,101.6142
PUSAT PERDAGANGAN @ PAVILION BUKIT JALIL Mukim Petaling Kuala Lumpur Malaysia,3.0655,101.6799
RESIDENSI PARK 2 @ PAVILION BUKIT JALIL Mukim Petaling Kuala Lumpur Malaysia,3.0586,101.6758
RESIDENSI PLATINUM ARENA Mukim Petaling Kuala Lumpur Malaysia,3.1265,101.6392
RESIDENSI RIMBUNAN @ PETALZ RESIDENSI Mukim Petaling Kuala Lumpur Malaysia,3.0828,101.6827
SERI GEMBIRA AVENUE Mukim Petaling Kuala Lumpur Malaysia,3.1172,101.6662
SRI DESA ENTREPRENEUR PARK Mukim Petaling Kuala Lumpur Malaysia,3.0819,101.6836
TAMAN CONNAUGHT (TAMAN SRI CENDIKIA) Mukim Petaling Kuala Lumpur Malaysia,3.095,101.683
TAMAN DESA CHERAS Mukim Petaling Kuala Lumpur Malaysia,3.0897,101.7395
TAMAN DESA TASEK Mukim Petaling Kuala Lumpur Malaysia,3.0833,101.6833
TAMAN SRI SENTOSA Mukim Petaling Kuala Lumpur Malaysia,3.0862,101.6689
THE PARK @ PAVILION BUKIT JALIL Mukim Petaling Kuala Lumpur Malaysia,3.0642,101.6766
UNITED GARDEN Mukim Petaling Kuala Lumpur Malaysia,3.0733,101.6758
BANDAR BARU WANGSA MAJU Mukim Setapak Kuala Lumpur Malaysia,3.2117,101.7392
DIAMOND SQUARE Mukim Setapak Kuala Lumpur Malaysia,3.1892,101.7197
KLSC Mukim Setapak Kuala Lumpur Malaysia,3.1808,101.7355
MH PLATINUM RESIDENSI Mukim Setapak Kuala Lumpur Malaysia,3.2069,101.7253
PANTAI PANORAMA KONDO Mukim Setapak Kuala Lumpur Malaysia,3.1879,101.7146
PLATINUM MONDRIAN (PV128) Mukim Setapak Kuala Lumpur Malaysia,3.1953,101.7235
PLATINUM WALK Mukim Setapak Kuala Lumpur Malaysia,3.1986,101.7357
SETAPAK BUSINESS SQUARE Mukim Setapak Kuala Lumpur Malaysia,3.2047,101.7264
STARPARC POINT Mukim Setapak Kuala Lumpur Malaysia,3.1956,101.7206
TAMAN MELATI Mukim Setapak Kuala Lumpur Malaysia,3.1963,101.7157
TAMAN SETIAWANGSA Mukim Setapak Kuala Lumpur Malaysia,3.1875,101.7369
TAMAN ZETA @ ZETAPARK Mukim Setapak Kuala Lumpur Malaysia,3.1828,101.7208
WANGSA 118 Mukim Setapak Kuala Lumpur Malaysia,3.1704,101.7233
WISMA RAMPAI Mukim Setapak Kuala Lumpur Malaysia,3.1766,101.7269
TMN SAUJANA UTAMA Ijok Kuala Selangor Malaysia,3.3249,101.5019
19 SENTRAL (THE HUB) Bandar Petaling Jaya Petaling Malaysia,3.091,101.632
AMCORP MALL Bandar Petaling Jaya Petaling Malaysia,3.1079,101.5835
AMCORP SERVICED SUITES Bandar Petaling Jaya Petaling Malaysia,3.1126,101.6371
BANDAR UTAMA Bandar Petaling Jaya Petaling Malaysia,3.1378,101.6074
BDR SUNWAY PJS 7 Bandar Petaling Jaya Petaling Malaysia,3.0716,101.6108
DAMANSARA INTAN Bandar Petaling Jaya Petaling Malaysia,3.1139,101.6526
DATARAN 32 Bandar Petaling Jaya Petaling Malaysia,3.1067,101.6295
DATARAN PELANGI UTAMA - JLN PJU 6A Bandar Petaling Jaya Petaling Malaysia,3.1298,101.6136
FAS AVENUE Bandar Petaling Jaya Petaling Malaysia,3.0732,101.6078
GLOMAC BUSINESS CENTRE Bandar Petaling Jaya Petaling Malaysia,3.0978,101.6454
GLOMAC SQUARE Bandar Petaling Jaya Petaling Malaysia,3.107,101.608
"ICON CITY - SS 8, PETALING JAYA Bandar Petaling Jaya Petaling Malaysia",3.1066,101.6398
JAYA ONE Bandar Petaling Jaya Petaling Malaysia,3.107,101.636
KELANA BUSINESS CENTRE Bandar Petaling Jaya Petaling Malaysia,3.1105,101.6193
KELANA CENTRE POINT Bandar Petaling Jaya Petaling Malaysia,3.0827,101.6487
KELANA JAYA URBAN CENTRE Bandar Petaling Jaya Petaling Malaysia,3.1102,101.6067
KELANA SQUARE Bandar Petaling Jaya Petaling Malaysia,3.1079,101.5959
KELANA STREET MALL Bandar Petaling Jaya Petaling Malaysia,3.1025,101.6167
MAYANG PLAZA DAMANSARA Bandar Petaling Jaya Petaling Malaysia,3.1419,101.6187
"ONE AVENUE,DAMANSARA Bandar Petaling Jaya Petaling Malaysia",3.1489,101.6167
PACIFIC 63 Bandar Petaling Jaya Petaling Malaysia,3.1156,101.6079
PACIFIC STAR Bandar Petaling Jaya Petaling Malaysia,3.1079,101.6067
PELANGI SQUARE DAMANSARA Bandar Petaling Jaya Petaling Malaysia,3.1416,101.6273
PETALING JAYA SEKSYEN 3 Bandar Petaling Jaya Petaling Malaysia,3.1084,101.6329
PETALING JAYA SEKSYEN 7 Bandar Petaling Jaya Petaling Malaysia,3.1075,101.6298
PETALING JAYA SEKSYEN 8 Bandar Petaling Jaya Petaling Malaysia,3.0978,101.6386
PETALING JAYA SEKSYEN 14 Bandar Petaling Jaya Petaling Malaysia,3.1078,101.6401
PETALING JAYA SEKSYEN 51A Bandar Petaling Jaya Petaling Malaysia,3.0889,101.6326
PHILEO DAMANSARA Bandar Petaling Jaya Petaling Malaysia,3.1579,101.6276
PINNACLE KELANA JAYA Bandar Petaling Jaya Petaling Malaysia,3.1183,101.5916
PINNACLE PJ Bandar Petaling Jaya Petaling Malaysia,3.1086,101.6065
PJ 8 SERVICE SUITES Bandar Petaling Jaya Petaling Malaysia,3.1127,101.6394
PJ EXCHANGE (PJX) Bandar Petaling Jaya Petaling Malaysia,3.0738,101.5183
PLAZA GLOMAC Bandar Petaling Jaya Petaling Malaysia,3.1304,101.6238
PLAZA KELANA JAYA Bandar Petaling Jaya Petaling Malaysia,3.1089,101.6086
SS 3 PETALING JAYA Bandar Petaling Jaya Petaling Malaysia,3.1073,101.6059
SS 6 PETALING JAYA Bandar Petaling Jaya Petaling Malaysia,3.1073,101.6067
SS 7 PETALING JAYA Bandar Petaling Jaya Petaling Malaysia,3.127887,101.594488
SS 20 DAMANSARA UTAMA Bandar Petaling Jaya Petaling Malaysia,3.1348,101.6237
SS 21 DAMANSARA UTAMA Bandar Petaling Jaya Petaling Malaysia,3.1527,101.6296
SUNWAY PJ @ 51A Bandar Petaling Jaya Petaling Malaysia,3.1077,101.6067
ZENITH CORPORATE PARK Bandar Petaling Jaya Petaling Malaysia,3.1078,101.6116
"DATARAN OTOMOBIL, SEK. 15 SHAH ALAM Bandar Shah Alam Petaling Malaysia",3.0717,101.5193
EMIRA RESIDENCE Bandar Shah Alam Petaling Malaysia,3.054,101.5206
I - SOVO-SEK.7 SHAH ALAM Bandar Shah Alam Petaling Malaysia,3.078,101.522
MUTIARA RESIDENCE-SERVICE APT-SERDANG Bandar Shah Alam Petaling Malaysia,3.0756,101.5241
SEK. 14 SHAH ALAM Bandar Shah Alam Petaling Malaysia,3.0738,101.5183
"SEKSYEN 3, SHAH ALAM Bandar Shah Alam Petaling Malaysia",3.0733,101.5185
SEKSYEN 7 - SHAH ALAM Bandar Shah Alam Petaling Malaysia,3.0738,101.5183
SEKSYEN 9 - SHAH ALAM Bandar Shah Alam Petaling Malaysia,3.0707,101.5205
SEKSYEN 13 - SHAH ALAM Bandar Shah Alam Petaling Malaysia,3.0738,101.5183
SURI PUTERI SERVICE APARTMENT Bandar Shah Alam Petaling Malaysia,3.0736,101.5189
VISTA ALAM (SOHO) Bandar Shah Alam Petaling Malaysia,3.0736,101.5156
"WORLDWIDE BUS. PARK, S13 Bandar Shah Alam Petaling Malaysia",3.0833,101.5333
EMPIRE SUBANG (SOHO) Bandar Subang Jaya Petaling Malaysia,3.0833,101.5833
FIRST SUBANG Bandar Subang Jaya Petaling Malaysia,3.0569,101.5869
SS 14 & SS 15 Bandar Subang Jaya Petaling Malaysia,3.0575,101.5871
MERCHANT SQUARE TROPICANA Bdr Damansara Petaling Malaysia,3.1425,101.6167
TROPICANA AVNUE - PJU3 Bdr Damansara Petaling Malaysia,3.1319,101.6061
TROPICANA GOLF & COUNTRY RESORT Bdr Damansara Petaling Malaysia,3.1434,101.6478
TEMASYA 8 - U1 GLENMARIE Bdr Glenmarie Petaling Malaysia,3.1047,101.5868
UOA BUSINESS PARK (KENCANA SQUARE) Bdr Glenmarie Petaling Malaysia,3.1082,101.5868
PETALING JAYA COMMERCIAL CITY (PJS 5) Bdr Petaling Jaya Selatan Petaling Malaysia,3.082,101.648
TAMAN DESARIA Bdr Petaling Jaya Selatan Petaling Malaysia,3.0539,101.6469
TAMAN PETALING UTAMA Bdr Petaling Jaya Selatan Petaling Malaysia,3.095,101.637
TAMAN SRI MANJA Bdr Petaling Jaya Selatan Petaling Malaysia,3.0767,101.6667
8TRIUM@SRI DAMANSARA Bdr Sri Damansara Petaling Malaysia,3.198,101.625
ATIVO PLAZA Bdr Sri Damansara Petaling Malaysia,3.1925,101.6119
BDR BARU SRI DAMANSARA Bdr Sri Damansara Petaling Malaysia,3.1932,101.6265
DESA MENTARI Bdr Sunway Petaling Malaysia,3.0669,101.6045
LEISURE COMMERCE SQUARE Bdr Sunway Petaling Malaysia,3.0769,101.5934
MENTARI BUSINEES PARK (SUNWAY MENTARI) Bdr Sunway Petaling Malaysia,3.0675,101.6048
PJS 8 Bdr Sunway Petaling Malaysia,3.074,101.607
SUNWAY GEOSENSE Bdr Sunway Petaling Malaysia,3.0719,101.6057
BDR SETIA ALAM Bukit Raja Petaling Malaysia,3.073,101.461
EDU SENTRAL Bukit Raja Petaling Malaysia,3.0819,101.4668
ARA DAMANSARA Damansara Petaling Malaysia,3.1183,101.5799
"BUKIT JELUTONG, SHAH ALAM Damansara Petaling Malaysia",3.1192,101.5309
D'AMAN CRIMSON Damansara Petaling Malaysia,3.1569,101.6113
"EVE SUITES,ARA DAMANSARA Damansara Petaling Malaysia",3.1416,101.5938
MENARA SURIA(V12 SOVO) Damansara Petaling Malaysia,3.1235,101.6147
OASIS SERVICED SUITES Damansara Petaling Malaysia,3.1469,101.6116
PACIFIC PLACE COMMERCIAL CENTRE Damansara Petaling Malaysia,3.1408,101.6125
PUSAT DAGANGAN DANA 1 Damansara Petaling Malaysia,3.1519,101.6233
RADIA RESIDENCES @ BUKIT JELUTONG Damansara Petaling Malaysia,3.1109,101.5963
SAUJANA INDAH IND PARK Damansara Petaling Malaysia,3.1189,101.6188
SEK. 26 SHAH ALAM Damansara Petaling Malaysia,3.0792,101.5183
SEKSYEN 22 Damansara Petaling Malaysia,3.1035,101.6319
SIERA PARK Damansara Petaling Malaysia,3.149,101.616
SKY PARK ONE CITY Damansara Petaling Malaysia,3.1367,101.6118
USJ 25 Damansara Petaling Malaysia,3.1569,101.6403
RESIDENSI ESTETIKA - MINES RESORT CITY Pekan Baru Sg Besi Petaling Malaysia,3.0129,101.7076
BUKIT RAHMAN PUTRA - PUTRA 1 RESIDENCE Pekan Baru Sg Buluh Petaling Malaysia,3.217,101.578
CASCADES @KOTA DAMANSARA Pekan Baru Sg Buluh Petaling Malaysia,3.1653,101.5748
DATARAN SUNWAY Pekan Baru Sg Buluh Petaling Malaysia,3.2146,101.5836
"EMPORIS - SEKYSEN 3, KOTA DAMANSARA Pekan Baru Sg Buluh Petaling Malaysia",3.1606,101.5939
ENCORP STRAND GARDEN Pekan Baru Sg Buluh Petaling Malaysia,3.2261,101.5836
KOTA DAMANSARA Pekan Baru Sg Buluh Petaling Malaysia,3.155,101.609
MENARA MITRALAND Pekan Baru Sg Buluh Petaling Malaysia,3.2139,101.5787
PUSAT DAGANGAN SERI UTAMA Pekan Baru Sg Buluh Petaling Malaysia,3.2015,101.5612
"SEKSYEN 4, KOTA DAMANSARA Pekan Baru Sg Buluh Petaling Malaysia",3.1475,101.5925
TAMAN BUKIT RAHMAN PUTRA Pekan Baru Sg Buluh Petaling Malaysia,3.2546,101.6018
SUBANG PERDANA Pekan Baru Subang Petaling Malaysia,3.0833,101.5333
DATARAN PRIMA Pekan Chempaka Petaling Malaysia,3.0869,101.7312
MASALAM COM. CENTRE Pekan Chempaka Petaling Malaysia,3.1036,101.6844
PLAZA KLH BUS. CENTRE Pekan Desa Puchong Petaling Malaysia,3.0135,101.6176
PUSAT BDR PUCHONG Pekan Desa Puchong Petaling Malaysia,3.002,101.616
SEK. 26 SHAH ALAM Pekan Hicom Petaling Malaysia,3.0333,101.5333
10 BOULEVARD - KAYU ARA Pekan Kayu Ara Petaling Malaysia,3.125,101.618
KG SG KAYU ARA Pekan Kayu Ara Petaling Malaysia,3.1493,101.6144
BDR PUCHONG JAYA Pekan Kinrara Petaling Malaysia,3.017,101.633
PERUMAHAN KINRARA Pekan Kinrara Petaling Malaysia,3.045,101.631
PUSAT BDR PUCHONG Pekan Kinrara Petaling Malaysia,3.015,101.631
SETIA WALK (PUSAT BANDAR PUCHONG) Pekan Kinrara Petaling Malaysia,3.0569,101.6234
SETIAWALK Pekan Kinrara Petaling Malaysia,3.0357,101.6328
THE ZEST @ KINRARA 9 Pekan Kinrara Petaling Malaysia,3.0448,101.6604
EDUMETRO (EMPIRA REMIX 2) @ SUBANG JAYA Pekan Penaga Petaling Malaysia,3.0588,101.5874
TAMAN SUBANG MEWAH Pekan Penaga Petaling Malaysia,3.0383,101.5328
USJ 1 Pekan Penaga Petaling Malaysia,3.1604,101.5958
BDR PUCHONG JAYA Pekan Puchong Jaya Petaling Malaysia,3.0443,101.6312
ONE PUCHONG BUSSINES PARK Pekan Puchong Jaya Petaling Malaysia,3.005,101.62
PUSAT BDR PUCHONG Pekan Puchong Jaya Petaling Malaysia,3.0396,101.6232
SKYPOD RESIDENCES Pekan Puchong Jaya Petaling Malaysia,3.0046,101.6169
TMN KINRARA SEKSYEN 3 Pekan Puchong Jaya Petaling Malaysia,3.0565,101.6265
TMN PUCHONG PRIMA Pekan Puchong Perdana Petaling Malaysia,3.0333,101.6167
TMN TASIK PRIMA Pekan Puchong Perdana Petaling Malaysia,3.0416,101.6087
CHEONG HIN COMMERCIAL CITY Pekan Serdang Petaling Malaysia,3.0208,101.6467
ONE SOUTH STREET MALL Pekan Serdang Petaling Malaysia,3.0268,101.7058
PUSAT PERD. SRI KEMBANGAN Pekan Serdang Petaling Malaysia,3.0333,101.7167
"SOUTH CITY, SERI KEMBANGAN Pekan Serdang Petaling Malaysia",3.0067,101.7113
DAMANSARA INTAN Pekan Sg Penchala Petaling Malaysia,3.1333,101.6528
SS 20 DAMANSARA UTAMA Pekan Sg Penchala Petaling Malaysia,3.1576,101.6347
PUSAT BANDAR SUBANG UTAMA Pekan Subang Petaling Malaysia,3.0439,101.5256
DA:MEN USJ SERVICE APARTMENT Pekan Subang Jaya Petaling Malaysia,3.0583,101.5807
DAMEN USJ SERVICE APARTMENT Pekan Subang Jaya Petaling Malaysia,3.0565,101.5873
THE SQUARE ONE CITY Pekan Subang Jaya Petaling Malaysia,3.0867,101.5822
USJ 9 Pekan Subang Jaya Petaling Malaysia,3.075,101.591
USJ 25 Pekan Subang Jaya Petaling Malaysia,3.0416,101.553
BANDAR PUTERI Petaling Petaling Malaysia,3.0225,101.615
BANDAR PUTERI - STELLAR SUITES Petaling Petaling Malaysia,3.025,101.7
LE PAVILLION-BDR PUTERI Petaling Petaling Malaysia,3.1077,101.646
TAMAN EQUINE Petaling Petaling Malaysia,3.0767,101.6141
TAMAN PUTRA PERMAI Petaling Petaling Malaysia,3.0707,101.6056
TMN PINGGIRAN PUTRA SEK. 2 Petaling Petaling Malaysia,3.0283,101.6796
BDR DAMANSARA PERDANA Sungai Buluh Petaling Malaysia,3.1566,101.6084
DAMANSARA DAMAI Sungai Buluh Petaling Malaysia,3.1833,101.6167
METROPOLITAN SQUARE DAMANSARA PERDANA Sungai Buluh Petaling Malaysia,3.1699,101.6123
MY LOFT (EMPIRE CITY)-BDR D'SARA PERDANA Sungai Buluh Petaling Malaysia,3.2129,101.5756
NEO DAMANSARA Sungai Buluh Petaling Malaysia,3.2013,101.5859
PERDANA THE PLACE Sungai Buluh Petaling Malaysia,3.2089,101.5878
TMN MEDAN MAS Sungai Buluh Petaling Malaysia,3.1206,101.5445
KENWINGSTON BUSINESS CENTRE Bandar Cyberjaya Sepang Malaysia,2.9269,101.6566
"MASRECA 19, CYBERJAYA Bandar Cyberjaya Sepang Malaysia",2.9216,101.6527
RADIUS BUSINESS PARK Bandar Cyberjaya Sepang Malaysia,2.9297,101.6646
SKYPARK@CYBERJAYA (SOFO) Bandar Cyberjaya Sepang Malaysia,2.9209,101.6527
TAMARIND SQUARE CYBERJAYA Bandar Cyberjaya Sepang Malaysia,2.9256,101.6534
TAMARIND SUITES (SOFO) CYBERJAYA Bandar Cyberjaya Sepang Malaysia,2.9269,101.6586
COSMOPLEX (BB SALAK TINGGI) Baru Baru Salak Tinggi Sepang Malaysia,2.818,101.703
CBD PERDANA (CYBERJAYA) Dengkil Sepang Malaysia,2.9247,101.6762
CONEZION COMMERCIAL Dengkil Sepang Malaysia,2.8369,101.6626
CYBER BISTARI (HYVE) Dengkil Sepang Malaysia,2.8789,101.6549
CYBERJAYA-NEOCYBER Dengkil Sepang Malaysia,2.9269,101.6764
GALLERIA CYBERJAYA Dengkil Sepang Malaysia,2.9199,101.6558
SUNSURIA CITY Dengkil Sepang Malaysia,2.8847,101.6308
TAMARIND SQUARE CYBERJAYA Dengkil Sepang Malaysia,2.9264,101.6613
TAMARIND SUITES (SOFO) CYBERJAYA Dengkil Sepang Malaysia,2.9197,101.6582
TMN MAS SEPANG Dengkil Sepang Malaysia,2.8143,101.6587
TMN PUTRA PERDANA Dengkil Sepang Malaysia,2.8423,101.6586
THE PLACE @ CYBERJAYA Pekan Bukit Prang Sepang Malaysia,2.9026,101.6558
DELUXE BUSINESS PARK Pekan Dengkil Sepang Malaysia,2.8137,101.6759
"SEKSYEN 6 KOTA PUTERI, BANDAR BATU ARANG Bandar Batu Arang Gombak Malaysia",3.285,101.556
"JALAN KP 1 KOTA PUTERI, BANDAR BATU ARANG Bandar Batu Arang Gombak Malaysia",3.3506,101.5124
"JALAN KP 2 KOTA PUTERI, BANDAR BATU ARANG Bandar Batu Arang Gombak Malaysia",3.3489,101.5966
"JALAN KP 6 KOTA PUTERI, BANDAR BATU ARANG Bandar Batu Arang Gombak Malaysia",3.3919,101.5843
"KOTA PUTERI SEKSYEN 6 KOTA PUTERI, BANDAR BATU ARANG Bandar Batu Arang Gombak Malaysia",3.377,101.538
"OFF JALAN KUALA SELANGOR KOTA PUTERI, BANDAR BATU ARANG Bandar Batu Arang Gombak Malaysia",3.341,101.462
JALAN 1 KEPONG LIGHT INDUSTRIAL PARK Bandar Kepong Gombak Malaysia,3.205,101.688
JALAN KIP 10 MEDA INDUSTRIAL PARK Bandar Kepong Gombak Malaysia,3.2135,101.6508
JALAN KIP 11 MEDA INDUSTRIAL PARK Bandar Kepong Gombak Malaysia,3.2089,101.6326
JALAN KP 3/1 TAMAN PERINDUSTRIAN SMD KUNDANG Bandar Kundang Gombak Malaysia,3.2439,101.5272
JALAN INDUSTRI BRJ 2 KAWASAN INDUSTRI BUKIT RAWANG JAYA Bandar Rawang Gombak Malaysia,3.325,101.575
OFF JALAN RAWANG - IPOH KAWASAN PERINDUSTRIAN AMPANG/HULU KELANG Bandar Rawang Gombak Malaysia,3.3172,101.548
JALAN PERUSAHAAN 3/3 KAWASAN PERUSAHAAN BATU 20 Bandar Rawang Gombak Malaysia,3.3087,101.5729
JALAN SMS 3 SMS PERDANA INDUSTRIAL PARK Bandar Rawang Gombak Malaysia,3.3169,101.5764
JALAN PERUSAHAAN AMARI AMARI BUSINESS PARK Bandar Selayang Gombak Malaysia,3.2476,101.6626
JLN PERUSAHAAN 1 AMARI BUSINESS PARK Bandar Selayang Gombak Malaysia,3.2515,101.6457
JLN PERUSAHAAN AMARI AMARI BUSINESS PARK Bandar Selayang Gombak Malaysia,3.2339,101.6546
JALAN INDUSTRI 1/4 BT CAVES INDUSTRIAL CTRE/ T DESA BT CAVE Bandar Selayang Gombak Malaysia,3.2598,101.6866
JALAN INDUSTRI BT CAVES 1/4 BT CAVES INDUSTRIAL CTRE/ T DESA BT CAVE Bandar Selayang Gombak Malaysia,3.2379,101.6818
JLN INDUSTRI 1/4 BT CAVES INDUSTRIAL CTRE/ T DESA BT CAVE Bandar Selayang Gombak Malaysia,3.2315,101.6824
JLN TIB 4 KAWASAN INDUSTRIAL BOLTON Bandar Selayang Gombak Malaysia,3.2459,101.6533
JLN PERINDUSTRIAN DA 1A KAMPUNG DESA AMAN Bandar Sungai Buloh Gombak Malaysia,3.226,101.6
JALAN IDA 1A KAMPUNG DESA AMAN Bandar Sungai Buloh Gombak Malaysia,3.1688,101.5947
JALAN IDA 1B KAMPUNG DESA AMAN Bandar Sungai Buloh Gombak Malaysia,3.237,101.549
JLN IDA 2A KAMPUNG DESA AMAN Bandar Sungai Buloh Gombak Malaysia,3.2237,101.5625
JLN YTN 3 KAMPUNG DESA AMAN Bandar Sungai Buloh Gombak Malaysia,3.1938,101.5859
JALAN EHSAN JAYA 1 KEPONG LIGHT INDUSTRIAL PARK Batu Gombak Malaysia,3.2044,101.6415
JLN SBJ 13 TAMAN INDUSTRI SB JAYA SUNGAI BULOH Pekan Sungai Buloh Gombak Malaysia,3.225,101.569
JALAN INOVASI 1 KOTA ELMINA Rawang Gombak Malaysia,3.3833,101.6036
JALAN INOVASI 2 KOTA ELMINA Rawang Gombak Malaysia,3.2936,101.5378
JALAN INOVASI 3 KOTA ELMINA Rawang Gombak Malaysia,3.3019,101.5616
JALAN SINERGI 1 KOTA ELMINA Rawang Gombak Malaysia,3.3086,101.5297
JALAN USAHAWAN 2 KOTA ELMINA Rawang Gombak Malaysia,3.2606,101.5512
JALAN USAHAWAN 2/1 KOTA ELMINA Rawang Gombak Malaysia,3.228,101.545
"KE-I24-20, JALAN TEKNOLOGI 9 KOTA ELMINA Rawang Gombak Malaysia",3.2819,101.5307
JALAN INR 1 PLATINUM INDUSTRIAL PARK Rawang Gombak Malaysia,3.3016,101.5518
JALAN PLATINUM 2 PLATINUM INDUSTRIAL PARK Rawang Gombak Malaysia,3.365,101.545
JALAN STR 1 SAUJANA TEKNOLOGI RAWANG Rawang Gombak Malaysia,3.328,101.584
JALAN RAWANG-BESTARI JAYA TAMAN PERINDUSTRIAN UB RAWANG Rawang Gombak Malaysia,3.362,101.575
JALAN UB 1 TAMAN PERINDUSTRIAN UB RAWANG Rawang Gombak Malaysia,3.3359,101.5727
JALAN UBI1 TAMAN PERINDUSTRIAN UB RAWANG Rawang Gombak Malaysia,3.3167,101.555
JALAN 6/14 KG TASIK TAMBAHAN Ampang Hulu Langat Malaysia,3.1436,101.7624
JLN 6/14 KG TASIK TAMBAHAN Ampang Hulu Langat Malaysia,3.1275,101.7617
JALAN KENCANA 18 TMN KENCANA Ampang Hulu Langat Malaysia,3.115,101.761
JALAN SC 6 KAW PERUSAHAAN SG CHUA Bandar Baru Bangi Hulu Langat Malaysia,3.0179,101.7486
JLN SC 6 KAW PERUSAHAAN SG CHUA Bandar Baru Bangi Hulu Langat Malaysia,3.022,101.748
SUNGAI CHUA INDUSTRIAL PARK KAW PERUSAHAAN SG CHUA Bandar Baru Bangi Hulu Langat Malaysia,3.0326,101.7623
JALAN SC 6 KAWASAN PERUSAHAAN SUNGAI CHUA Bandar Baru Bangi Hulu Langat Malaysia,3.0007,101.7406
JALAN 9/3 SEK 9 BDR BARU BANGI Bandar Baru Bangi Hulu Langat Malaysia,2.9597,101.7562
JALAN 9/4 SEK 9 BDR BARU BANGI Bandar Baru Bangi Hulu Langat Malaysia,2.961,101.756
JALAN 9/6 SEK 9 BDR BARU BANGI Bandar Baru Bangi Hulu Langat Malaysia,3.067,101.768
JLN 9/3 SEK 9 BDR BARU BANGI Bandar Baru Bangi Hulu Langat Malaysia,3.052,101.746
JLN 9/4 SEK 9 BDR BARU BANGI Bandar Baru Bangi Hulu Langat Malaysia,2.957,101.78
JLN IKS 9/6 SEK 9 BDR BARU BANGI Bandar Baru Bangi Hulu Langat Malaysia,3.0776,101.7465
TAMAN IKS SEK 9 BDR BARU BANGI Bandar Baru Bangi Hulu Langat Malaysia,2.9566,101.7526
JLN P15 SEK 10 BDR BARU BANGI Bandar Baru Bangi Hulu Langat Malaysia,2.9667,101.775
JALAN P/14 SEK 10 BDR BARU BANGI Bandar Baru Bangi Hulu Langat Malaysia,2.9277,101.7789
P10/14 SEK 10 BDR BARU BANGI Bandar Baru Bangi Hulu Langat Malaysia,3.017,101.698
HUB P`INDUSTR SEK 13 BDR BARU BANGI Bandar Baru Bangi Hulu Langat Malaysia,2.9651,101.7586
JLN P' INDUSTRIAN SUNTRACK SEK 13 BDR BARU BANGI Bandar Baru Bangi Hulu Langat Malaysia,2.959,101.747
JLN PERINDUSTRIAN SUNTRACK SEK 13 BDR BARU BANGI Bandar Baru Bangi Hulu Langat Malaysia,3.0435,101.7497
JALAN P4/8B BDR TEKNOLOGI Bandar Batu 18 Semenyih Hulu Langat Malaysia,3.0426,101.8624
JALAN P2/1 BDR TEKNOLOGI Bandar Batu 18 Semenyih Hulu Langat Malaysia,2.925,101.842
JALAN P2/18 BDR TEKNOLOGI Bandar Batu 18 Semenyih Hulu Langat Malaysia,2.9565,101.8445
JLN P4/8B BDR TEKNOLOGI Bandar Batu 18 Semenyih Hulu Langat Malaysia,3.0469,101.9076
JALAN JENARIS 2A DESA SRI JENARIS Bandar Kajang Hulu Langat Malaysia,3.027,101.786
JLN JENARIS 2B DESA SRI JENARIS Bandar Kajang Hulu Langat Malaysia,3.0043,101.7975
JALAN PERINDUSTRIAN SIS 1 228 SMART INDUSTRIAL SERIES Beranang Hulu Langat Malaysia,2.9948,101.8507
JLN PERINDUSTRIAN SIS 228 SMART INDUSTRIAL SERIES Beranang Hulu Langat Malaysia,2.9025,101.8958
JLN PERINDUSTRIAN SIS 1 228 SMART INDUSTRIAL SERIES Beranang Hulu Langat Malaysia,2.9246,101.8606
JLN PERINDUSTRIAN SIS 2 228 SMART INDUSTRIAL SERIES Beranang Hulu Langat Malaysia,2.9199,101.8699
JLN PERINDUSTRIAN SIS 3 228 SMART INDUSTRIAL SERIES Beranang Hulu Langat Malaysia,2.8937,101.8562
JALAN BUDIMAN BUDIMAN BUSINESS PARK Cheras Hulu Langat Malaysia,3.094,101.744
JLN BUDIMAN BUDIMAN BUSINESS PARK Cheras Hulu Langat Malaysia,3.0456,101.7689
OFF JLN SG LONG BUDIMAN BUSINESS PARK Cheras Hulu Langat Malaysia,3.053,101.754
COM INDUSTRIAL 2/1 COMM INDUSTRIAL PARK Cheras Hulu Langat Malaysia,3.0883,101.7738
JLN 2A KAW PERUSAHAAN CHERAS JAYA Cheras Hulu Langat Malaysia,3.0905,101.7852
JLN CJ1/2A KAW PERUSAHAAN CHERAS JAYA Cheras Hulu Langat Malaysia,3.058,101.747
JALAN KPB 10 KAW PERUSAHAAN RINGAN BALAKONG Cheras Hulu Langat Malaysia,3.0417,101.7488
JLN KPB 10 KAW PERUSAHAAN RINGAN BALAKONG Cheras Hulu Langat Malaysia,3.0358,101.7569
JLN P1 KAW PERUSAHAAN RINGAN BALAKONG Cheras Hulu Langat Malaysia,3.031,101.766
JALAN KPB 3 RICHWEY INDUSTRIAL PARK Cheras Hulu Langat Malaysia,3.059,101.764
RICHWAY INDUSTRIAL PARK RICHWEY INDUSTRIAL PARK Cheras Hulu Langat Malaysia,3.0789,101.7426
JALAN SURIA PARK 2 SURIA INDUSTRIAL PARK Cheras Hulu Langat Malaysia,3.0576,101.7538
JLN SURIA PARK 1 SURIA INDUSTRIAL PARK Cheras Hulu Langat Malaysia,3.0846,101.7398
JLN SURIA PARK 1 (AZ SIX INDUSTRIAL ) SURIA INDUSTRIAL PARK Cheras Hulu Langat Malaysia,3.0676,101.7736
KAWASAN PERUSAHAAN BALAKONG SURIA INDUSTRIAL PARK Cheras Hulu Langat Malaysia,3.0195,101.7922
CREST HILL IND. PARK 2 CREST HILL INDUSTRIAL PARK 2 Hulu Semenyih Hulu Langat Malaysia,3.0667,101.85
JALAN VILLARAYA 2/4 CREST HILL INDUSTRIAL PARK 2 Hulu Semenyih Hulu Langat Malaysia,2.9728,101.8816
JLN VILLARAYA 2/3 CREST HILL INDUSTRIAL PARK 2 Hulu Semenyih Hulu Langat Malaysia,2.9833,101.8333
JLN HI-TECH KAW PERINDUSTRIAN HI-TECH 2 Hulu Semenyih Hulu Langat Malaysia,2.9606,101.8589
JALAN HI-TECH 5 KAW PERINDUSTRIAN HI-TECH 2 Hulu Semenyih Hulu Langat Malaysia,2.945,101.835
JALAN HI-TECH 6 KAW PERINDUSTRIAN HI-TECH 2 Hulu Semenyih Hulu Langat Malaysia,2.946,101.876
JLN HI TECH 6/1 SEMENYIH HI-TECH 6 INDUSTRIAL PARK Hulu Semenyih Hulu Langat Malaysia,2.9517,101.8726
BLKG SEMENYIH PERMATA SEMENYIH HI-TECH 6 INDUSTRIAL PARK Hulu Semenyih Hulu Langat Malaysia,3.0469,101.8656
JALAN HI TECH 6/3 SEMENYIH HI-TECH 6 INDUSTRIAL PARK Hulu Semenyih Hulu Langat Malaysia,2.9569,101.8453
JALAN HI-TECH 6/4 SEMENYIH HI-TECH 6 INDUSTRIAL PARK Hulu Semenyih Hulu Langat Malaysia,2.9419,101.8665
JALAN HITECH 6/4 SEMENYIH HI-TECH 6 INDUSTRIAL PARK Hulu Semenyih Hulu Langat Malaysia,2.9593,101.8668
JLN HI TECH 6/2 SEMENYIH HI-TECH 6 INDUSTRIAL PARK Hulu Semenyih Hulu Langat Malaysia,2.9995,101.8612
JLN HI-TECH 5 SEMENYIH HI-TECH 6 INDUSTRIAL PARK Hulu Semenyih Hulu Langat Malaysia,2.9353,101.8846
JALAN SEMENYIH INTEGRATED 1 SEMENYIH SENTRAL INDUSTRIAL PARK Hulu Semenyih Hulu Langat Malaysia,3.0398,101.8397
JALAN SEMENYIH INTEGRATED 2 SEMENYIH SENTRAL INDUSTRIAL PARK Hulu Semenyih Hulu Langat Malaysia,2.9708,101.8572
JLN SEMENYIH INTEGRATED 1 SEMENYIH SENTRAL INDUSTRIAL PARK Hulu Semenyih Hulu Langat Malaysia,2.9549,101.8426
SEMENYIH INTEGRATED 1 SEMENYIH SENTRAL INDUSTRIAL PARK Hulu Semenyih Hulu Langat Malaysia,2.965,101.863
SEMENYIH INTEGRATED 2 SEMENYIH SENTRAL INDUSTRIAL PARK Hulu Semenyih Hulu Langat Malaysia,2.9375,101.8467
JLN SC 1 KAW PERUSAHAAN SG CHUA Kajang Hulu Langat Malaysia,3.0189,101.7906
JLN SC 2 KAW PERUSAHAAN SG CHUA Kajang Hulu Langat Malaysia,3.022,101.771
JALAN P/5 SEK 13 BDR BARU BANGI Kajang Hulu Langat Malaysia,2.9649,101.7556
JLN BJ2/7 TMN INDUSTRI BALAKONG JAYA Kajang Hulu Langat Malaysia,3.0195,101.7745
JLN 7/6 TMN INDUSTRI BALAKONG JAYA Kajang Hulu Langat Malaysia,3.0267,101.7278
JLN BJ 2-7 TMN INDUSTRI BALAKONG JAYA Kajang Hulu Langat Malaysia,3.0194,101.7433
JLN BJ 2-7A TMN INDUSTRI BALAKONG JAYA Kajang Hulu Langat Malaysia,3.0046,101.7444
"JLN BJ2/7A, WEALTH INDUSTRY PARK 16 TMN INDUSTRI BALAKONG JAYA Kajang Hulu Langat Malaysia",3.0047,101.7634
WEALTH INDUSTRY PARK 16 TMN INDUSTRI BALAKONG JAYA Kajang Hulu Langat Malaysia,3.0035,101.7628
JALAN  ALFA IMPIAN 1 TMN PERINDUSTRIAN ALFA  IMPIAN Kajang Hulu Langat Malaysia,3.006,101.778
JLN  ALFA   IMPIAN  1 TMN PERINDUSTRIAN ALFA  IMPIAN Kajang Hulu Langat Malaysia,2.9799,101.7877
JLN ALFA IMPIAN 1 TMN PERINDUSTRIAN ALFA  IMPIAN Kajang Hulu Langat Malaysia,2.9667,101.7672
JLN TAMING 12 TMN TAMING JAYA Kajang Hulu Langat Malaysia,3.023,101.758
JALAN TERAS 2 TMN TERAS BALAKONG Kajang Hulu Langat Malaysia,3.0159,101.7614
JLN TERAS 2 TMN TERAS BALAKONG Kajang Hulu Langat Malaysia,3.0313,101.7609
JALAN HI-TECH 3/1 SEMENYIH HI-TECH 3 Pekan Batu 23 Sg Lalang Hulu Langat Malaysia,3.0902,101.8435
JALAN HI-TECH 3/3 SEMENYIH HI-TECH 3 Pekan Batu 23 Sg Lalang Hulu Langat Malaysia,2.975,101.895
JLN HI-TECH 3/1 SEMENYIH HI-TECH 3 Pekan Batu 23 Sg Lalang Hulu Langat Malaysia,3.026,101.865
JLN HI-TECH 3/2 SEMENYIH HI-TECH 3 Pekan Batu 23 Sg Lalang Hulu Langat Malaysia,2.9833,101.831
JLN HI-TECH 3/3 SEMENYIH HI-TECH 3 Pekan Batu 23 Sg Lalang Hulu Langat Malaysia,2.942,101.847
"KB 6, JALAN HI-TECH 3/2 SEMENYIH HI-TECH 3 Pekan Batu 23 Sg Lalang Hulu Langat Malaysia",2.9732,101.8435
JALAN VILLARAYA 1/1 VILLARAYA INDUSTRIAL PARK Pekan Batu 23 Sg Lalang Hulu Langat Malaysia,3.0158,101.7826
JALAN VILLARAYA 2/1 VILLARAYA INDUSTRIAL PARK Pekan Batu 23 Sg Lalang Hulu Langat Malaysia,3.1136,101.8256
JALAN VILLARAYA 2/3A VILLARAYA INDUSTRIAL PARK Pekan Batu 23 Sg Lalang Hulu Langat Malaysia,3.02,101.77
JLN 2/3 VILLARAYA INDUSTRIAL PARK Pekan Batu 23 Sg Lalang Hulu Langat Malaysia,3.0725,101.835
JLN VILLARAYA 1/1 VILLARAYA INDUSTRIAL PARK Pekan Batu 23 Sg Lalang Hulu Langat Malaysia,3.0167,101.7833
JLN VILLARAYA 1/3A VILLARAYA INDUSTRIAL PARK Pekan Batu 23 Sg Lalang Hulu Langat Malaysia,3.065,101.822
JLN VILLARAYA 2/1 VILLARAYA INDUSTRIAL PARK Pekan Batu 23 Sg Lalang Hulu Langat Malaysia,3.0138,101.7854
JLN VILLARAYA 2/3A VILLARAYA INDUSTRIAL PARK Pekan Batu 23 Sg Lalang Hulu Langat Malaysia,3.083,101.83
JLN VILLARAYA/1 VILLARAYA INDUSTRIAL PARK Pekan Batu 23 Sg Lalang Hulu Langat Malaysia,3.0525,101.7891
JALAN COM INDUSTRIAL PARK COMM INDUSTRIAL PARK Pekan Cheras Hulu Langat Malaysia,3.0867,101.7424
JLN KPB 3 KAW PERUSAHAAN RINGAN BALAKONG Pekan Cheras Hulu Langat Malaysia,3.0312,101.7724
JLN KPB 6 KAW PERUSAHAAN RINGAN BALAKONG Pekan Cheras Hulu Langat Malaysia,3.035,101.784
"JLN KPB 16 PECAHAN LOT PT56999,57000,57001 Pekan Cheras Hulu Langat Malaysia",3.0833,101.75
JADE INDUSTRIAL PARK JADE HILLS Pekan Kajang Hulu Langat Malaysia,3.0279,101.7856
JLN ASTA UTAMA KAW PERINDUSTRIAN ASTA Pekan Kajang Hulu Langat Malaysia,3.0037,101.7934
ASTA ENTERPRISE PARK KAW PERINDUSTRIAN ASTA Pekan Kajang Hulu Langat Malaysia,2.9879,101.7877
JALAN BUKIT ANGKAT KAW PERINDUSTRIAN ASTA Pekan Kajang Hulu Langat Malaysia,3.0126,101.7912
JALAN C-AMPY KAW PERINDUSTRIAN SG BALAK Pekan Kajang Hulu Langat Malaysia,3.0386,101.7994
JALAN BA 2/1 KAW PERUSAHAAN BKT ANGKAT Pekan Kajang Hulu Langat Malaysia,3.0349,101.7909
JALAN BA/3A KAW PERUSAHAAN BKT ANGKAT Pekan Kajang Hulu Langat Malaysia,2.9847,101.7748
JALAN KIDAMAI 2/1 KAW PERUSAHAAN BKT ANGKAT Pekan Kajang Hulu Langat Malaysia,3.0375,101.7898
JALAN SUTERA 1/5A KAW PERUSAHAAN BKT ANGKAT Pekan Kajang Hulu Langat Malaysia,3.0359,101.7901
JLB BA 2/1 KAW PERUSAHAAN BKT ANGKAT Pekan Kajang Hulu Langat Malaysia,3.0219,101.7903
JLN BA  2/1 KAW PERUSAHAAN BKT ANGKAT Pekan Kajang Hulu Langat Malaysia,3.0032,101.7969
JLN BA 4/1 KAW PERUSAHAAN BKT ANGKAT Pekan Kajang Hulu Langat Malaysia,3.0349,101.7974
JLN BA 4/1 (LIC IND) KAW PERUSAHAAN BKT ANGKAT Pekan Kajang Hulu Langat Malaysia,3.0379,101.7998
JLN INDUSTRI KIDAMAI 2/1 KAW PERUSAHAAN BKT ANGKAT Pekan Kajang Hulu Langat Malaysia,3.0333,101.7908
JLN KIDAMAI 2/1 KAW PERUSAHAAN BKT ANGKAT Pekan Kajang Hulu Langat Malaysia,2.9939,101.7892
JLN SUTERA 1/5A KAW PERUSAHAAN BKT ANGKAT Pekan Kajang Hulu Langat Malaysia,3.021,101.792
KAW. PERINDUSTRIAN BKT ANGKAT 3 KAW PERUSAHAAN BKT ANGKAT Pekan Kajang Hulu Langat Malaysia,3.009,101.797
KAW. PERINDUSTRIAN BKT ANGKAT 3 ( KAW PERUSAHAAN BKT ANGKAT Pekan Kajang Hulu Langat Malaysia,3.003,101.793
PERINDUSTRIAN BKT ANGKAT 3 (GB LA KAW PERUSAHAAN BKT ANGKAT Pekan Kajang Hulu Langat Malaysia,3.031,101.783
JLN PERUSAHAAN 3 KAW PERUSAHAAN LI FOONG Pekan Kajang Hulu Langat Malaysia,2.9927,101.7889
JLN PLATINUM OFF JLN PERINDUSTRIAN BJ2T KAW PERUSAHAAN RINGAN BALAKONG Pekan Kajang Hulu Langat Malaysia,3.0033,101.7566
JALAN BA/3 KAWASAN PERUSAHAAN BUKIT ANGKAT Pekan Kajang Hulu Langat Malaysia,2.9939,101.7856
JALAN  ML-16 INDUSTRIAL PARK MINLON INDUSTRIAL PARK Pekan Kajang Hulu Langat Malaysia,3.0035,101.7935
JALAN ML-16 INDUSTRIAL PARK MINLON INDUSTRIAL PARK Pekan Kajang Hulu Langat Malaysia,3.0389,101.7933
JLN INDSUTRI 21 TAMAN INDUSTRI 21 Pekan Kajang Hulu Langat Malaysia,3.0133,101.7893
JALAN PERINDUSTRIAN BJ2T 1/1 TAMING 2 INDUSTRIAL PARK Pekan Kajang Hulu Langat Malaysia,3.0487,101.7909
JALAN 7/7A TMN INDUSTRI BALAKONG JAYA Pekan Kajang Hulu Langat Malaysia,3.0205,101.7348
JALAN BJ2T JAYA 2/2 TMN INDUSTRI BALAKONG JAYA Pekan Kajang Hulu Langat Malaysia,3.0365,101.7599
JALAN ONE INDUSTRIAL PARK 2 TMN INDUSTRI BALAKONG JAYA Pekan Kajang Hulu Langat Malaysia,3.003,101.755
JLN NOUVELLE TMN INDUSTRI BALAKONG JAYA Pekan Kajang Hulu Langat Malaysia,3.0019,101.7894
JLN PERINDUSTRIAN BALAKONG JAYA 2 TMN INDUSTRI BALAKONG JAYA Pekan Kajang Hulu Langat Malaysia,3.0548,101.7535
JLN PERINDUSTRIAN BJBT 2 TMN INDUSTRI BALAKONG JAYA Pekan Kajang Hulu Langat Malaysia,3.0367,101.7768
JALAN PLATINUM BALAKONG JAYA 2 TMN PERINDUSTRIAN ALFA  IMPIAN Pekan Kajang Hulu Langat Malaysia,3.0209,101.7742
JLN FIMAS (OFF JLN SPG BALAK) TMN PERINDUSTRIAN FIMAS Pekan Kajang Hulu Langat Malaysia,3.0027,101.7886
JALAN TAMING P/1 TMN TAMING JAYA Pekan Kajang Hulu Langat Malaysia,3.069,101.781
JLN IND. TAMING MAS TMN TAMING JAYA Pekan Kajang Hulu Langat Malaysia,3.0,101.8
JLN TAMING P/1 TMN TAMING JAYA Pekan Kajang Hulu Langat Malaysia,3.007,101.787
JLN TERAS 2 TMN TERAS BALAKONG Pekan Kajang Hulu Langat Malaysia,3.0069,101.7564
JLN TERAS 3 TMN TERAS BALAKONG Pekan Kajang Hulu Langat Malaysia,3.045,101.742
JALAN PERINDUSTRIAN SATRIA SATRIA INDUSTRIAL PARK Pekan Semenyih Hulu Langat Malaysia,3.055,101.867
JLN PERINDUSTRIAN SATRIA SATRIA INDUSTRIAL PARK Pekan Semenyih Hulu Langat Malaysia,2.9579,101.8437
JLN HI-TECH 3/4 SEMENYIH HI-TECH 3 Pekan Semenyih Hulu Langat Malaysia,2.9445,101.8869
JLN SEMENYIH BANGI LAMA SIGNATURE INDUSTRIAL PARK Pekan Semenyih Hulu Langat Malaysia,2.9539,101.8456
JALAN 6/11 BDR RINCHING Semenyih Hulu Langat Malaysia,3.0521,101.8725
JLN 6/2A BDR RINCHING Semenyih Hulu Langat Malaysia,3.0617,101.8472
JLN 6/10 BDR RINCHING Semenyih Hulu Langat Malaysia,2.931,101.852
JLN 6/11 BDR RINCHING Semenyih Hulu Langat Malaysia,2.9417,101.8746
JALAN P2/1 BDR TEKNOLOGI Semenyih Hulu Langat Malaysia,2.955,101.838
JALAN P2/18 BDR TEKNOLOGI Semenyih Hulu Langat Malaysia,2.9723,101.7868
JLN P2/18 BDR TEKNOLOGI Semenyih Hulu Langat Malaysia,2.9417,101.8448
JLN P4/7 BDR TEKNOLOGI Semenyih Hulu Langat Malaysia,3.0119,101.8673
P 6/4 BANDAR TEKNOLOGI KAJANG BDR TEKNOLOGI Semenyih Hulu Langat Malaysia,3.0167,101.7833
JALAN PLUMBUM 2 INDUSTRI TECH SEMENYIH SG PURUN Semenyih Hulu Langat Malaysia,2.955,101.844
JALAN RIA 2 JLN KAJANG / SEMENYIH Semenyih Hulu Langat Malaysia,2.9269,101.8409
KAW. PERINDUSTRIAN HI-TECH 2 KAW PERINDUSTRIAN HI-TECH 2 Semenyih Hulu Langat Malaysia,2.9711,101.8296
JLN KAJANG JAYA KAW.PERINDUSTRIAN KAJANG JAYA (SEMENYIH) Semenyih Hulu Langat Malaysia,2.98,101.79
"JALAN 1, KAW. PERINDUSTRIAN HI-TECH 2 KAWASAN PERINDUSTRIAN HI-TECH 2 Semenyih Hulu Langat Malaysia",2.9264,101.8428
JALAN OLIVIN LEKAS INDUSTRI PARK Semenyih Hulu Langat Malaysia,2.9409,101.8367
JALAN LEKAS 6 LEKAS TEKNOLOGI PARK Semenyih Hulu Langat Malaysia,2.9603,101.8818
JALAN BESI 1/2 LEKAS TEKNOLOGI PARK Semenyih Hulu Langat Malaysia,2.9769,101.8644
JLN BESI 1/2 LEKAS TEKNOLOGI PARK Semenyih Hulu Langat Malaysia,2.9486,101.8416
JLN LEKAS 6 LEKAS TEKNOLOGI PARK Semenyih Hulu Langat Malaysia,2.9561,101.8358
OFF JLN BANGI LAMA LEKAS TEKNOLOGI PARK Semenyih Hulu Langat Malaysia,2.9297,101.8468
JLN 1 PERINDUSTRIAN LEKAS 18 Semenyih Hulu Langat Malaysia,2.9779,101.8003
JALAN 1 PERINDUSTRIAN LEKAS 18 Semenyih Hulu Langat Malaysia,2.9577,101.8604
JALAN 2 PERINDUSTRIAN LEKAS 18 Semenyih Hulu Langat Malaysia,2.9405,101.8545
JLN 2 PERINDUSTRIAN LEKAS 18 Semenyih Hulu Langat Malaysia,2.9667,101.85
JALAN 1 SEMENYIH HI-TECH 5 Semenyih Hulu Langat Malaysia,2.998,101.846
JALAN 3 SEMENYIH HI-TECH 5 Semenyih Hulu Langat Malaysia,2.979,101.863
JALAN 5 SEMENYIH HI-TECH 5 Semenyih Hulu Langat Malaysia,2.936,101.87
JALAN 6 SEMENYIH HI-TECH 5 Semenyih Hulu Langat Malaysia,2.945,101.842
JALAN 7 SEMENYIH HI-TECH 5 Semenyih Hulu Langat Malaysia,2.9519,101.8397
JLN 7 SEMENYIH HI-TECH 5 Semenyih Hulu Langat Malaysia,2.9649,101.8579
HI TECH 7 SEMENYIH HI-TECH 7 Semenyih Hulu Langat Malaysia,2.955,101.84
HI TECH 7(KB-A) SEMENYIH HI-TECH 7 Semenyih Hulu Langat Malaysia,2.9933,101.8817
HI TECH 7/2 SEMENYIH HI-TECH 7 Semenyih Hulu Langat Malaysia,2.982,101.848
HI TECH 7/7 SEMENYIH HI-TECH 7 Semenyih Hulu Langat Malaysia,2.9583,101.8444
JALAN HI TECH 7/2 SEMENYIH HI-TECH 7 Semenyih Hulu Langat Malaysia,2.9839,101.8438
JALAN HI-TECH 7/2 SEMENYIH HI-TECH 7 Semenyih Hulu Langat Malaysia,2.9328,101.8449
JALAN SEMTEC 3 SEMTEC PARK SEMENYIH Semenyih Hulu Langat Malaysia,3.0689,101.8457
JALAN SEMTEC 4 SEMTEC PARK SEMENYIH Semenyih Hulu Langat Malaysia,2.9649,101.8417
JALAN SEMTEC PARK SEMTEC PARK SEMENYIH Semenyih Hulu Langat Malaysia,2.9397,101.8396
JALAN SEMTEC PARK 2 SEMTEC PARK SEMENYIH Semenyih Hulu Langat Malaysia,2.9719,101.8456
JALAN SEMTEC PARK 4 SEMTEC PARK SEMENYIH Semenyih Hulu Langat Malaysia,2.9999,101.8282
JALAN MEGA 2/1 TMN INDUSTRI MEGA Semenyih Hulu Langat Malaysia,2.9629,101.8624
JALAN MEGA 3B TMN INDUSTRI MEGA Semenyih Hulu Langat Malaysia,2.9448,101.8444
JALAN MEGA B TMN INDUSTRI MEGA Semenyih Hulu Langat Malaysia,2.9547,101.8476
JLN MEGA 1A TMN INDUSTRI MEGA Semenyih Hulu Langat Malaysia,3.0238,101.8433
JLN MEGA 3B TMN INDUSTRI MEGA Semenyih Hulu Langat Malaysia,2.925,101.858
JLN MEGA  A TMN INDUSTRI MEGA Semenyih Hulu Langat Malaysia,2.9403,101.8356
JLN MEGA A TMN INDUSTRI MEGA Semenyih Hulu Langat Malaysia,2.951,101.844
JLN MEGA  C TMN INDUSTRI MEGA Semenyih Hulu Langat Malaysia,2.9459,101.8465
MEGA 2/1 TMN INDUSTRI MEGA Semenyih Hulu Langat Malaysia,2.9486,101.8447
JALAN SEMENYIH PERMATA 11 TMN SEMENYIH PERMATA Semenyih Hulu Langat Malaysia,2.9325,101.8465
JALAN PENAGA 1 TAMAN INDUSTRI RASA Bandar Batang Kali Hulu Selangor Malaysia,3.4623,101.6304
JALAN KANTAN 2I/2 BUKIT BERUNTUNG Bandar Serendah Hulu Selangor Malaysia,3.5506,101.5618
JALAN SERI PAGI BUKIT SENTOSA Bandar Serendah Hulu Selangor Malaysia,3.395,101.604
JALAN SERI PAGI 3A BUKIT SENTOSA Bandar Serendah Hulu Selangor Malaysia,3.5235,101.619
JALAN SERI PAGI 3B BUKIT SENTOSA Bandar Serendah Hulu Selangor Malaysia,3.4038,101.5796
JLN SERI PAGI BUKIT SENTOSA Bandar Serendah Hulu Selangor Malaysia,3.4667,101.65
JLN SERI PAGI 3A BUKIT SENTOSA Bandar Serendah Hulu Selangor Malaysia,3.3989,101.6405
JALAN SERI PAGI 3A KAW PERUSAHAAN RINGAN BATU CAVES Bandar Serendah Hulu Selangor Malaysia,3.313,101.653
JALAN SERI PAGI 3A PUSAT PERDAGANGAN SERI PAGI Bandar Serendah Hulu Selangor Malaysia,3.3737,101.6089
JALAN KESIDANG RAWANG CORPORATE INDUSTRIAL PARK Bandar Serendah Hulu Selangor Malaysia,3.3186,101.6107
JALAN KESIDANG 1 RAWANG CORPORATE INDUSTRIAL PARK Bandar Serendah Hulu Selangor Malaysia,3.3215,101.5746
JALAN KESIDANG 2 RAWANG CORPORATE INDUSTRIAL PARK Bandar Serendah Hulu Selangor Malaysia,3.305,101.604
JLN KESIDANG 1 RAWANG CORPORATE INDUSTRIAL PARK Bandar Serendah Hulu Selangor Malaysia,3.382,101.597
KWSN PERINDUSTRIAN MIEL MIEL BATANG KALI Batang Kali Hulu Selangor Malaysia,3.6237,101.7489
JALAN SEPADU 25/123A AXIS PREMIER INDUSTRIAL PARK Bandar Shah Alam Klang Malaysia,3.0302,101.5187
LORONG SULTAN MOHAMED 25C KAW PERUSAHAAN SELAT KLANG UTARA Bandar Shah Alam Klang Malaysia,3.0386,101.4472
LORONG SULTAN MOHAMED 25D KAW PERUSAHAAN SELAT KLANG UTARA Bandar Shah Alam Klang Malaysia,3.0639,101.4175
LORONG SULTAN MOHAMED 25E KAW PERUSAHAAN SELAT KLANG UTARA Bandar Shah Alam Klang Malaysia,3.0866,101.4513
LRG SULT MOHAMED 25D/KU18 KAW PERUSAHAAN SELAT KLANG UTARA Bandar Shah Alam Klang Malaysia,3.073,101.506
LRG SULTAN MOAHMAED 25D KAW PERUSAHAAN SELAT KLANG UTARA Bandar Shah Alam Klang Malaysia,3.086,101.478
LRG SULTAN MOHAMED 25C KAW PERUSAHAAN SELAT KLANG UTARA Bandar Shah Alam Klang Malaysia,3.046,101.421
LRG SULTAN MOHAMED 25D KAW PERUSAHAAN SELAT KLANG UTARA Bandar Shah Alam Klang Malaysia,3.073,101.409
LRG SULTAN MOHAMED 25E/KU18 KAW PERUSAHAAN SELAT KLANG UTARA Bandar Shah Alam Klang Malaysia,3.088,101.458
LRG SULTAN SULTAN MOHAMED 25E KAW PERUSAHAAN SELAT KLANG UTARA Bandar Shah Alam Klang Malaysia,3.0725,101.3975
LRG SULTAN HISHAMUDDIN 1/KU18 KAWASAN PERUSAHAAN SELAT KLANG UTARA Bandar Shah Alam Klang Malaysia,3.0445,101.4361
JLN NYATOH 5 BATU 5 MERU Kapar Klang Malaysia,3.0933,101.4497
JLN KLEDANG 1 BT 5 MERU Kapar Klang Malaysia,3.123,101.444
JLN NYATOH 5 BT 5 MERU Kapar Klang Malaysia,3.1129,101.4419
JLN ANDING 3A/KU5 BUKIT RAJA 3 INDUSTRIAL PARK Kapar Klang Malaysia,3.105,101.441
JALAN ASTANA 1B BUKIT RAJA PRIME IND PARK Kapar Klang Malaysia,3.121,101.422
JALAN ASTANA 1B/KU2 BUKIT RAJA PRIME IND PARK Kapar Klang Malaysia,3.0804,101.4586
JALAN ASTANA 1C BUKIT RAJA PRIME IND PARK Kapar Klang Malaysia,3.1032,101.4496
JLN ASTANA 1C BUKIT RAJA PRIME IND PARK Kapar Klang Malaysia,3.1186,101.4399
JLN ASTANA 1C/KU2 BUKIT RAJA PRIME IND PARK Kapar Klang Malaysia,3.092,101.402
JLN ASTANA 1D/KU2 BUKIT RAJA PRIME IND PARK Kapar Klang Malaysia,3.107,101.447
LORONG ASTANA 1A/KU2 BUKIT RAJA PRIME IND PARK Kapar Klang Malaysia,3.0769,101.4378
JALAN WAWASAN 2C/KU7 (PL 51640) EXCELLENT TECHNOLOGY PARK Kapar Klang Malaysia,3.176,101.334
JLN WAWASAN 2C/KU7 (PL 51640) EXCELLENT TECHNOLOGY PARK III Kapar Klang Malaysia,3.1372,101.3995
JALAN BESTARI 3/KU7 KAPAR BESTARI (ZONE INNOVATION PARK) Kapar Klang Malaysia,3.083,101.398
JALAN BESTARI 3A/KU7 KAPAR BESTARI (ZONE INNOVATION PARK) Kapar Klang Malaysia,3.068,101.383
JLN BESTARI 1/KU7 KAPAR BESTARI (ZONE INNOVATION PARK) Kapar Klang Malaysia,3.0785,101.3735
JLN BESTARI 2A/KU7 KAPAR BESTARI (ZONE INNOVATION PARK) Kapar Klang Malaysia,3.1525,101.422
JLN BESTARI 2A/KU7 (GOLDEN GATE 4) KAPAR BESTARI (ZONE INNOVATION PARK) Kapar Klang Malaysia,3.1346,101.3603
JLN BESTARI 3/KU7 KAPAR BESTARI (ZONE INNOVATION PARK) Kapar Klang Malaysia,3.1219,101.4088
JLN BESTARI 3A/KU7 KAPAR BESTARI (ZONE INNOVATION PARK) Kapar Klang Malaysia,3.129,101.349
JLN BESTARI 4 / KU7 KAPAR BESTARI (ZONE INNOVATION PARK) Kapar Klang Malaysia,3.091,101.377
JLN BESTARI 4/KU7 KAPAR BESTARI (ZONE INNOVATION PARK) Kapar Klang Malaysia,3.122,101.408
JLN BESTARI 5/KU7 KAPAR BESTARI (ZONE INNOVATION PARK) Kapar Klang Malaysia,3.1189,101.3633
JALAN KUPRUM 2/KU13 KAW INDUSTRI HI-TECH SG. KAPAR INDAH Kapar Klang Malaysia,3.0825,101.385
JLN WAWASAN 2B/KU 7 KAW INDUSTRI HI-TECH SG. KAPAR INDAH Kapar Klang Malaysia,3.0524,101.3648
JLN WAWASAN 2C/KU 7 KAW INDUSTRI HI-TECH SG. KAPAR INDAH Kapar Klang Malaysia,3.0567,101.3903
JALAN 5/KU7 KAW PERINDUSTRIAN SG PULOH Kapar Klang Malaysia,3.129,101.458
JALAN SUNGAI BATU 11/KU6 KAW PERINDUSTRIAN SG PULOH Kapar Klang Malaysia,3.0673,101.4398
JLN SG BATU 11/KU6 KAW PERINDUSTRIAN SG PULOH Kapar Klang Malaysia,3.0619,101.4203
LORONG SG PULOH 7/KU6 KAW PERINDUSTRIAN SG PULOH Kapar Klang Malaysia,3.1172,101.3991
LORONG SG PULOH 8/KU6 (PL 6507) KAW PERINDUSTRIAN SG PULOH Kapar Klang Malaysia,3.099,101.358
LORONG SG PULOH 10/KU6 KAW PERINDUSTRIAN SG PULOH Kapar Klang Malaysia,3.049,101.383
LORONG SUNGAI PULOH 1A/KU6 KAW PERINDUSTRIAN SG PULOH Kapar Klang Malaysia,3.1044,101.4097
LORONG SUNGAI PULOH 10/KU6 KAW PERINDUSTRIAN SG PULOH Kapar Klang Malaysia,3.082,101.374
"LOT NO. 41, LRG SG PULOH 7/KU6 KAW PERINDUSTRIAN SG PULOH Kapar Klang Malaysia",3.117,101.388
LRG SG PULOH 7/KU6 KAW PERINDUSTRIAN SG PULOH Kapar Klang Malaysia,3.0926,101.4152
LRG SG PULOH 10/KU6 (PL 6499) KAW PERINDUSTRIAN SG PULOH Kapar Klang Malaysia,3.111,101.436
LRG SG.PULOH 10/KU06 KAW PERINDUSTRIAN SG PULOH Kapar Klang Malaysia,3.123,101.368
LRG SUNGAI PULOH 8/KU6 (PL 6507) KAW PERINDUSTRIAN SG PULOH Kapar Klang Malaysia,3.0565,101.3489
JALAN SULTAN ALAUDDIN 2 KAWASAN PERUSAHAAN SELAT KLANG UTARA Kapar Klang Malaysia,3.063,101.388
JLN SULTAN ALAUDDIN 3 KAWASAN PERUSAHAAN SELAT KLANG UTARA Kapar Klang Malaysia,3.1388,101.3959
JLN 5 KLANG CENTRAL IND PARK Kapar Klang Malaysia,3.1209,101.4353
JLN 5 KLANG SENTRAL IND PARK Kapar Klang Malaysia,3.1497,101.4443
JLN 5/KU6 KLANG SENTRAL IND PARK Kapar Klang Malaysia,3.1429,101.4181
JLN SUNGAI BATU 11/KU6 KWSN PERINDUSTRIAN SG PULOH Kapar Klang Malaysia,3.099,101.4
LORONG SUNGAI PULOH 1A/KU6 KWSN PERINDUSTRIAN SG PULOH Kapar Klang Malaysia,3.1336,101.3242
LORONG SUNGAI PULOH 10/KU6 KWSN PERINDUSTRIAN SG PULOH Kapar Klang Malaysia,3.0609,101.3512
LRG SG PULOH 7/KU6 KWSN PERINDUSTRIAN SG PULOH Kapar Klang Malaysia,3.089,101.403
LRG SG PULOH 10/KU6 (PL 6499) KWSN PERINDUSTRIAN SG PULOH Kapar Klang Malaysia,3.0525,101.3568
LRG SUNGAI PULOH 8/KU6 KWSN PERINDUSTRIAN SG PULOH Kapar Klang Malaysia,3.1167,101.3833
LRG SUNGAI PULOH 10/KU6 KWSN PERINDUSTRIAN SG PULOH Kapar Klang Malaysia,3.0769,101.3905
LORONG ABDUL MANAN 1 LIGHT IND JALAN HILLSWOOD Kapar Klang Malaysia,3.1325,101.3796
JALAN HAJI ABDUL MANAN 3/KU8 MERU BARAT IND. (P/L 6080) Kapar Klang Malaysia,3.1336,101.4507
JLN HAJI ABDUL MANAN 3/KU8 MERU BARAT IND. (P/L 6080) Kapar Klang Malaysia,3.167,101.426
JLN MERU INDAH 22 MERU BARAT IND. (P/L 6080) Kapar Klang Malaysia,3.085,101.432
JLN MERU INDAH 22/KU8 (PL 6056) MERU BARAT IND. (P/L 6080) Kapar Klang Malaysia,3.101,101.427
JLN MERU INDAH /KU8 (P/L 6056) MERU BARAT IND. (P/L 6080) Kapar Klang Malaysia,3.076,101.416
JLN PETUNIA/KU8 MERU BARAT IND. (P/L 6080) Kapar Klang Malaysia,3.097,101.374
OFF JLN MERU INDAH 22/KU8 (P/L 6056) MERU BARAT IND. (P/L 6080) Kapar Klang Malaysia,3.0749,101.4556
OFF JLN MERU INDAH /KU8 (P/L 6056) MERU BARAT IND. (P/L 6080) Kapar Klang Malaysia,3.107,101.446
OFF LRG HJ ABDUL MANAN MERU BARAT IND. (P/L 6080) Kapar Klang Malaysia,3.105,101.39
JALAN MERU INDAH 20 MERU INDAH LIGHT IND. Kapar Klang Malaysia,3.1373,101.3832
JLN MERU INDAH 19 MERU INDAH LIGHT IND. Kapar Klang Malaysia,3.0839,101.4033
JLN MERU INDAH 19/KU8 MERU INDAH LIGHT IND. Kapar Klang Malaysia,3.1204,101.3749
JLN MERU INDAH 19/KU8 / PSN HAMZ MERU INDAH LIGHT IND. Kapar Klang Malaysia,3.0876,101.4284
JLN MERU INDAH 20 MERU INDAH LIGHT IND. Kapar Klang Malaysia,3.1049,101.444
JALAN KORPORAT 6/KU9 MERU INDUSTRIAL PARK Kapar Klang Malaysia,3.1522,101.4258
JALAN KORPORAT 1B/KU9 MERU INDUSTRIAL PARK Kapar Klang Malaysia,3.151,101.435
JALAN KORPORAT 5 MERU INDUSTRIAL PARK Kapar Klang Malaysia,3.1817,101.4036
JALAN KORPORAT 5/KU9 MERU INDUSTRIAL PARK Kapar Klang Malaysia,3.1223,101.3905
JALAN KORPORAT 7/KU9 MERU INDUSTRIAL PARK Kapar Klang Malaysia,3.0936,101.4483
JALAN KORPORAT 9/KU9 MERU INDUSTRIAL PARK Kapar Klang Malaysia,3.1176,101.4228
JLN KOPORAT 4B/KU9 MERU INDUSTRIAL PARK Kapar Klang Malaysia,3.081,101.441
JLN KOPORAT 7 MERU INDUSTRIAL PARK Kapar Klang Malaysia,3.0606,101.4006
JLN KOPORAT 7/KU9 MERU INDUSTRIAL PARK Kapar Klang Malaysia,3.1029,101.3882
JLN KORPORAT 3 MERU INDUSTRIAL PARK Kapar Klang Malaysia,3.0912,101.4086
JLN KORPORAT 7 MERU INDUSTRIAL PARK Kapar Klang Malaysia,3.1539,101.4346
JLN KORPORAT 7/KU9 MERU INDUSTRIAL PARK Kapar Klang Malaysia,3.1504,101.4656
"KB2-22, OFF JALAN TAP MERU INDUSTRIAL PARK Kapar Klang Malaysia",3.1167,101.35
LRG SG PULOH 10/KU6 MERU TECHNOLOGY PARK 2 (P/L 6499) Kapar Klang Malaysia,3.102,101.392
LRG SUNGAI PULOH 10/KU6 MERU TECHNOLOGY PARK 2 (P/L 6499) Kapar Klang Malaysia,3.076,101.417
JLN SG BT 6/KU6 P/L 6529 Kapar Klang Malaysia,3.101,101.414
JLN PERINDUSTRIAN 5 SAKINAS IND. PARK Kapar Klang Malaysia,3.068,101.407
JLN PERINSUDTRIAN 5 SAKINAS IND. PARK Kapar Klang Malaysia,3.0833,101.3833
JALAN WAWASAN 2A/KU7 SG KAPAR INDAH Kapar Klang Malaysia,3.1365,101.4198
JALAN WAWASAN 4A/KU7 SG KAPAR INDAH Kapar Klang Malaysia,3.1119,101.3428
JLN WAWASAN 2B/KU 7 SG KAPAR INDAH Kapar Klang Malaysia,3.109,101.393
JLN WAWASAN 2B/KU7 (PL 51640) SG KAPAR INDAH Kapar Klang Malaysia,3.0805,101.3846
JLN WAWASAN 2C/KU7 (PL 51640) SG KAPAR INDAH Kapar Klang Malaysia,3.075,101.393
JLN SG BATU 11/KU6 SG PULOH IND (P/L 6536) Kapar Klang Malaysia,3.0333,101.3833
LRG SG PULOH 1A/KU6 SG PULOH IND (P/L 6536) Kapar Klang Malaysia,3.1167,101.3833
"JALAN RASAU 27 SG RASA IND (P/L 584,2554,2555,2538) Kapar Klang Malaysia",3.1029,101.4263
"JALAN SG RASAU 27 SG RASA IND (P/L 584,2554,2555,2538) Kapar Klang Malaysia",3.088,101.352
"JLN SG RASA 37/KU1 SG RASA IND (P/L 584,2554,2555,2538) Kapar Klang Malaysia",3.0667,101.4
"JLN SG RASA 37/KU/10 SG RASA IND (P/L 584,2554,2555,2538) Kapar Klang Malaysia",3.129,101.332
"JLN SG RASAU 27 SG RASA IND (P/L 584,2554,2555,2538) Kapar Klang Malaysia",3.117,101.361
"JLN SG RASAU 37/KU1 SG RASA IND (P/L 584,2554,2555,2538) Kapar Klang Malaysia",3.083333,101.35
"JLN SUNGAI RASAU 27 SG RASA IND (P/L 584,2554,2555,2538) Kapar Klang Malaysia",3.152,101.434
"JLN SUNGAI RASAU 34 SG RASA IND (P/L 584,2554,2555,2538) Kapar Klang Malaysia",3.055,101.382
"JLN SUNGAI RASAU 35 SG RASA IND (P/L 584,2554,2555,2538) Kapar Klang Malaysia",3.127,101.37
JALAN 27 SG RASA IND (P/L 591) Kapar Klang Malaysia,3.075,101.375
JALAN WAWASAN 2C/KU7 (PL 51640) SG. KAPAR INDAH Kapar Klang Malaysia,3.0542,101.4076
JLN SG KERAMAT 2 SRI MEWAH LIGHT INDUSTRIAL PARK Kapar Klang Malaysia,3.097,101.341
JLN HARMONI 23/KU3 SYIT 91-A Kapar Klang Malaysia,3.1448,101.4494
JLN PENGASAH OFF JLN KAPAR SYIT 91-A Kapar Klang Malaysia,3.0375,101.3688
JLN SUNGAI BATU 8/KU6 TMN  KLANG UTAMA Kapar Klang Malaysia,3.0835,101.449
JALAN SG BATU 20/KU6 TMN KLANG UTAMA Kapar Klang Malaysia,3.0629,101.3567
JLN SG KERAMAT 4 TMN KLANG UTAMA Kapar Klang Malaysia,3.0833,101.4333
LEBUH SG KERAMAT 6 TMN KLANG UTAMA Kapar Klang Malaysia,3.1049,101.4297
LEBUH SG. KERAMAT 6 TMN KLANG UTAMA Kapar Klang Malaysia,3.065,101.453
JLN SUNGAI RASAU 36 TMN OTS Kapar Klang Malaysia,3.103,101.4
LRG SUNGAI RASAU 27A TMN OTS Kapar Klang Malaysia,3.0905,101.3839
JLN SG PULOH 1A/KU6 TMN TEKNOLOGI GEMILANG (P/L 6519) Kapar Klang Malaysia,3.069,101.366
LRG HJ ABD MANAN 1A/KU8 WELLOYD INDUSTRIAL PARK Kapar Klang Malaysia,3.111,101.393
JALAN (SUNRISE TECHNOLOGY PARK) 100C Kelang Klang Malaysia,3.0436,101.4451
JALAN SITAR 33/6 ALAM PREMIER INDUSTRIAL PARK Kelang Klang Malaysia,3.0707,101.5001
JALAN OMBOH 34/1B ALPINE INDUSRIAL AREA Kelang Klang Malaysia,3.0628,101.4492
LRG TELOK BATU 4A (P/L9877) AMJ INDUSTRIAL PARK Kelang Klang Malaysia,3.0455,101.4283
SOLOK TELOK BATU 1 AMJ INDUSTRIAL PARK Kelang Klang Malaysia,3.0635,101.4418
JALAN SUNGAI CHONDONG 11 BDR ARMADA PUTRA Kelang Klang Malaysia,3.0507,101.4514
JLN SG CHONDONG 12 BDR ARMADA PUTRA Kelang Klang Malaysia,3.0017,101.4497
JLN SUNGAI CHANDONG 12A BDR ARMADA PUTRA Kelang Klang Malaysia,3.0123,101.4467
LRG SUNGAI CHANDONG 12 BDR ARMADA PUTRA Kelang Klang Malaysia,3.0525,101.451
JALAN PERMATA 8B/KS 09 BLACK WATER ESTATE Kelang Klang Malaysia,3.0102,101.4466
JLN PERMATA 2B/KS9 BLACK WATER ESTATE Kelang Klang Malaysia,3.034,101.446
JLN PERMATA 9/KS09 BLACK WATER ESTATE Kelang Klang Malaysia,3.0163,101.4449
JALAN SPRING 34/23 BUKIT KEMUNING (P/L 1908) Kelang Klang Malaysia,3.0057,101.5006
JALAN PALAM 34/18A BUKIT KEMUNING LIGHT IND PARK Kelang Klang Malaysia,3.0215,101.5318
JALAN SUNGAI JERLUH 32/196 BUKIT KEMUNING LIGHT IND PARK Kelang Klang Malaysia,3.0146,101.5128
JLN KARBURETOR 34/25 BUKIT KEMUNING LIGHT IND PARK Kelang Klang Malaysia,3.0196,101.4528
"JLN SPRING 34/31, SEKSYEN 34 BUKIT KEMUNING LIGHT IND PARK Kelang Klang Malaysia",3.0296,101.5122
SEKSYEN 34 BUKIT KEMUNING LIGHT IND PARK Kelang Klang Malaysia,3.0105,101.5827
JLN BIOLA 1 33/1A ELITE INDUSTRIAL AREA Kelang Klang Malaysia,3.034,101.445
JLN BIOLA SATU 33/1A ELITE INDUSTRIAL AREA Kelang Klang Malaysia,3.018,101.442
JLN 36/4 (P/L929&930 JLN SELLATHEVAN) JLN SELLATHEVAN (P/L 929 & 930) Kelang Klang Malaysia,3.045,101.449
JALAN AIR MATA DUYUNG KAW INDUSTRI TELOK GONG Kelang Klang Malaysia,3.0285,101.3589
OFF JLN TELOK GONG KAW INDUSTRI TELOK GONG Kelang Klang Malaysia,3.0,101.3833
JLN PANDAMARAN JAYA KG BHARU PANDAMARAN Kelang Klang Malaysia,3.008,101.408
SOLOK RAJA LUMU KAWASAN MIEL KG BHARU PANDAMARAN Kelang Klang Malaysia,3.005,101.394
JALAN ANGGERIK MOKARA 31/46 KOTA KEMUNING Kelang Klang Malaysia,3.0099,101.519
JLN 31/62 KOTA KEMUNING Kelang Klang Malaysia,3.005,101.517
JLN ANGGERIK MOKARA 31/58 KOTA KEMUNING Kelang Klang Malaysia,3.0217,101.5192
JLN ANGGERIK MOKARA 31/60 KOTA KEMUNING Kelang Klang Malaysia,3.0154,101.5432
JLN ANGGERIK MOKARA 31/61 KOTA KEMUNING Kelang Klang Malaysia,3.0027,101.5464
JLN ANGGERIK MOKARA 31/49 KOTA KEMUNING INDUSTRIAL PARK Kelang Klang Malaysia,3.0072,101.545
JLN ANGGERIK MOKARA 31/53 KOTA KEMUNING INDUSTRIAL PARK Kelang Klang Malaysia,3.0065,101.5277
JLN ANGGERIK MOKARA 31/63 KOTA KEMUNING INDUSTRIAL PARK Kelang Klang Malaysia,3.0056,101.5534
JLN SG JELUH 32/201 KOTA KEMUNING INDUSTRIAL PARK Kelang Klang Malaysia,3.0326,101.5062
JLN SUNGAI JELUH 32/201 KOTA KEMUNING INDUSTRIAL PARK Kelang Klang Malaysia,3.0135,101.5318
JALAN PERMATA 9A/KS9 LDG AIR HITAM (BLACK WATER ESTATE) Kelang Klang Malaysia,3.0167,101.45
JLN PERMATA 9A/KS9 LDG AIR HITAM (BLACK WATER ESTATE) Kelang Klang Malaysia,3.0143,101.4216
JLN PERMATA 9A/KS09 LDG AIR HITAM (BLACK WATER ESTATE) Kelang Klang Malaysia,3.0472,101.4475
JALAN SG JELUH 32/192 NOUVELLE KEMUNING IND. PARK Kelang Klang Malaysia,3.0167,101.45
JLN HJ. ABD KARIM 29/KS2 PERINDUSTRIAN SUNGAI JATI Kelang Klang Malaysia,3.0318,101.4517
JLN 8/13 PULAU INDAH INDUSTRIAL PARK Kelang Klang Malaysia,3.0019,101.3886
JLN PERIGI NANAS 8/12 PULAU INDAH INDUSTRIAL PARK Kelang Klang Malaysia,3.0372,101.4047
JLN PERIGI NENAS 8/12 PULAU INDAH INDUSTRIAL PARK Kelang Klang Malaysia,3.0127,101.3753
JLN PERIGI NENAS 8/14 PULAU INDAH INDUSTRIAL PARK Kelang Klang Malaysia,3.0376,101.3908
JLN PERIGI NENAS 8/14 (FASA 1B) PULAU INDAH INDUSTRIAL PARK Kelang Klang Malaysia,3.0375,101.3895
JLN SG PINANG 5/7 PULAU INDAH INDUSTRIAL PARK Kelang Klang Malaysia,3.015,101.402
JLN SG PINANG 5/7 (FASA 2A) PULAU INDAH INDUSTRIAL PARK Kelang Klang Malaysia,3.0005,101.325
JLN RAJA BOT 35/134 SEK.33 SHAH ALAM Kelang Klang Malaysia,3.0728,101.5183
"JLN SAFIR 33/7 SEKSYEN 33, SHAH ALAM Kelang Klang Malaysia",3.0733,101.5296
"JLN RAJA BOT 35/134 SEKSYEN 35, SHAH ALAM Kelang Klang Malaysia",3.0245,101.517
"JLN TOK JANGGUT 35/144 SEKSYEN 35, SHAH ALAM Kelang Klang Malaysia",3.0749,101.5193
JALAN 33/23 SHAH ALAM TECHNOLOGY PARK Kelang Klang Malaysia,3.0646,101.5133
JALAN PALAM 34/18A SHAH ALAM TECHNOLOGY PARK Kelang Klang Malaysia,3.025,101.53
JALAN TAMBORIN  33/23 SHAH ALAM TECHNOLOGY PARK Kelang Klang Malaysia,3.0833,101.5333
JALAN TAMBORIN 33/23 SHAH ALAM TECHNOLOGY PARK Kelang Klang Malaysia,3.0167,101.517
JALAN TAMBUR 33/19 SHAH ALAM TECHNOLOGY PARK Kelang Klang Malaysia,3.0419,101.4955
JLN 33/23 SHAH ALAM TECHNOLOGY PARK Kelang Klang Malaysia,3.0692,101.511
JLN ANGKLUNG 33/20 SHAH ALAM TECHNOLOGY PARK Kelang Klang Malaysia,3.0769,101.531
JLN TAMBUR 33/19 SHAH ALAM TECHNOLOGY PARK Kelang Klang Malaysia,3.0532,101.4819
JLN SELAT SELATAN 21 SOBENA JAYA Kelang Klang Malaysia,3.035,101.447
JLN SELAT SELATAN 23 SOBENA JAYA Kelang Klang Malaysia,3.0207,101.4479
JLN. SELAT SELATAN 7 SOBENA JAYA Kelang Klang Malaysia,2.9969,101.3927
LENGKOK SELAT SELATAN 12 SOBENA JAYA Kelang Klang Malaysia,3.0333,101.45
LRG SELAT SELATAN 6 SOBENA JAYA Kelang Klang Malaysia,3.035,101.445
SOLOK SELAT SELATAN 21A SOBENA JAYA Kelang Klang Malaysia,3.0039,101.378
SOLOK SELAT SELATAN 21B SOBENA JAYA Kelang Klang Malaysia,3.0,101.45
JALAN AIR MATA DUYUNG TELOK GONG Kelang Klang Malaysia,3.0133,101.4298
JLN AIR MATA DUYUNG TELOK GONG Kelang Klang Malaysia,3.0333,101.45
OFF JLN TELOK GONG TELOK GONG Kelang Klang Malaysia,3.0008,101.4022
JALAN SPRING 34/31 TMN ALAM INDAH INDUSTRIAL PARK Kelang Klang Malaysia,3.0067,101.4496
JALAN SERUNAI 1 TMN  KLANG JAYA Kelang Klang Malaysia,3.0287,101.4275
JLN GENDANG 9/KS02 TMN  KLANG JAYA Kelang Klang Malaysia,3.0419,101.4494
JLN SERULING 58 TMN  KLANG JAYA Kelang Klang Malaysia,3.037,101.453
JLN SERUNAI 1 TMN  KLANG JAYA Kelang Klang Malaysia,3.043,101.454
JALAN SERUNAI 16 TMN KLANG JAYA Kelang Klang Malaysia,3.051,101.443
JLN SERUNAI 16 TMN KLANG JAYA Kelang Klang Malaysia,3.0276,101.4523
JLN PERMATA 9/KS09 TMN PERINDUSTRIAN AIR HITAM Kelang Klang Malaysia,3.033,101.417
JLN PERMATA 9A/KS09 TMN PERINDUSTRIAN AIR HITAM Kelang Klang Malaysia,3.0354,101.4626
JLN. PERMATA 9/KS09 TMN PERINDUSTRIAN AIR HITAM Kelang Klang Malaysia,3.0437,101.4495
JALAN PERMATA 9A/KS09 TMN PERINDUSTRIAN AIR HITAM Kelang Klang Malaysia,3.0167,101.45
JLN PERMATA 2A TMN PERINDUSTRIAN AIR HITAM Kelang Klang Malaysia,3.036,101.452
JLN PERMATA 2A/KS9 TMN PERINDUSTRIAN AIR HITAM Kelang Klang Malaysia,3.0209,101.4465
JLN PERMATA 2B/KS9 TMN PERINDUSTRIAN AIR HITAM Kelang Klang Malaysia,3.0678,101.4429
JLN PERMATA 8A/KS09 TMN PERINDUSTRIAN AIR HITAM Kelang Klang Malaysia,3.0369,101.4463
JLN PERMATA 9/KS 09 TMN PERINDUSTRIAN AIR HITAM Kelang Klang Malaysia,3.049,101.445
JALAN SUNGAI JELUH 32/189 TMN PERINDUSTRIAN BKT NAGA (P/L 3799) Kelang Klang Malaysia,3.0445,101.4493
"JLN SG. JELUH 32/189, BKT NAGA TMN PERINDUSTRIAN BKT NAGA (P/L 3799) Kelang Klang Malaysia",3.0348,101.4323
JLN SUNGAI JELUH 32/189 TMN PERINDUSTRIAN BKT NAGA (P/L 3799) Kelang Klang Malaysia,3.045,101.451
JALAN SUNGAI PELUBUNG 32/198 BUKIT KEMUNING LIGHT IND PARK Pekan Bukit Kemuning Klang Malaysia,3.0123,101.5327
"JLN PANDAMARAN JAYA KAW INDUSTRI KG IDAMAN, KLANG Pekan Pendamaran Klang Malaysia",3.023,101.397
"JLN PERUSAHAAN 24 KAW INDUSTRI KG IDAMAN, KLANG Pekan Pendamaran Klang Malaysia",3.0057,101.4048
"JLN PERUSAHAAN 27 KAW INDUSTRI KG IDAMAN, KLANG Pekan Pendamaran Klang Malaysia",3.0,101.4
JLN PANDAMARAN JAYA KG BHARU PANDAMARAN Pekan Pendamaran Klang Malaysia,3.0203,101.3982
PERSIARAN RAJA LUMU KG BHARU PANDAMARAN Pekan Pendamaran Klang Malaysia,3.015,101.399
"JLN PENDAMARAN JAYA KWSN INDUSTRI KG IDAMAN, KLANG Pekan Pendamaran Klang Malaysia",3.031,101.386
JLN SELAT SELATAN 7/KS05 SOBENA JAYA Pekan Pendamaran Klang Malaysia,3.0146,101.3932
JLN SELAT SELATAN 20 SOBENA JAYA Pekan Pendamaran Klang Malaysia,3.0136,101.3911
LRG SELAT SELATAN 1 SOBENA JAYA Pekan Pendamaran Klang Malaysia,3.037,101.446
LENGKUNGAN RAJA LUMU PELABUHAN KLANG Pekan Port Swettenham Klang Malaysia,3.0036,101.3928
JALAN WAJA 14 PEKAN KANCHONG TENGAH Bandar Telok Panglima Garang Kuala Langat Malaysia,2.9385,101.5349
JALAN NURI 2/9 KAW. PERUSAHAAN TPG (P/L 2118) Pekan Teluk Kuala Langat Malaysia,2.845,101.5
JALAN PSS2 TMN PERINDUSTRIAN SG SEDU Pekan Tg Dua Belas Kuala Langat Malaysia,2.8179,101.4709
JLN ATMA COMPASS- INDUSTRI PARK Tanjung 12 Kuala Langat Malaysia,2.915,101.478
PERSIARAN KOTA SERI LANGAT COMPASS- INDUSTRI PARK Tanjung 12 Kuala Langat Malaysia,2.8319,101.5242
JALAN TPP 14 I-HUB PUCHONG Tanjung 12 Kuala Langat Malaysia,3.0375,101.6188
JLN TPP 14 I-HUB PUCHONG Tanjung 12 Kuala Langat Malaysia,3.0219,101.6155
OFF ELITE HIGHWAY I-HUB PUCHONG Tanjung 12 Kuala Langat Malaysia,2.996,101.634
JALAN 1/3 KOMPLEKS PERABOT OLAK LEMPIT Tanjung 12 Kuala Langat Malaysia,2.8097,101.4952
JLN SANITARY LANDFILL NCT SMART INDUSTRIAL PARK Tanjung 12 Kuala Langat Malaysia,2.8027,101.4286
JLN TELOK MENGKUANG KAW PERINDUSTRIAN SG.RAMBAI Telok Panglima Garang Kuala Langat Malaysia,2.8827,101.5263
"BATU 9 OFF JALAN HELANG KAW PERUSAHAAN PKNS, TPG Telok Panglima Garang Kuala Langat Malaysia",2.865,101.498
JALAN 3/89C KAW PERUSAHAAN JLN CHAN SOW LIN Kuala Lumpur Town Centre Kuala Lumpur Malaysia,3.1152,101.7167
JALAN 4/89C KAW PERUSAHAAN JLN CHAN SOW LIN Kuala Lumpur Town Centre Kuala Lumpur Malaysia,3.1306,101.7245
JALAN CHAN SOW LIN KAW PERUSAHAAN JLN CHAN SOW LIN Kuala Lumpur Town Centre Kuala Lumpur Malaysia,3.1286,101.7126
JLN 4/91A GATEWAY 2020 INDUSTRIAL PARK Mukim Ampang Kuala Lumpur Malaysia,3.1076,101.7412
JLN 8/91 SHAMELIN PERKASA Mukim Ampang Kuala Lumpur Malaysia,3.0895,101.749
JLN 5/91 SHAMELIN PERKASA Mukim Ampang Kuala Lumpur Malaysia,3.1165,101.7473
JALAN 5/10B SPRINGCREST INDUSTRIAL PARK Mukim Batu Kuala Lumpur Malaysia,3.2045,101.686
JLN 2/10B SPRINGCREST INDUSTRIAL PARK Mukim Batu Kuala Lumpur Malaysia,3.1995,101.713
JLN 5/34B SRI EDARAN LIGHT INDUSTRIAL PARK Mukim Batu Kuala Lumpur Malaysia,3.1755,101.7119
JALAN 10/32 TAMAN JINJANG BARU Mukim Batu Kuala Lumpur Malaysia,3.1939,101.6866
JALAN 32/10A TMN PERINDUSTRIAN MUKIM BATU Mukim Batu Kuala Lumpur Malaysia,3.1803,101.6801
TMN PERINDUSTRIAN IKS(MIEL TMN PERINDUSTRIAN MUKIM BATU Mukim Batu Kuala Lumpur Malaysia,3.1815,101.6658
JLN 4/91A GATEWAY 2020 INDUSTRIAL PARK Mukim Kuala Lumpur Kuala Lumpur Malaysia,3.139,101.6869
JLN 3/91A GATEWAY 2020 INDUSTRIAL PARK Mukim Kuala Lumpur Kuala Lumpur Malaysia,3.069,101.694
JALAN 14/108C TMN SG. BESI (KG. PAKAR) Mukim Kuala Lumpur Kuala Lumpur Malaysia,3.082,101.728
JALAN ORKID DESA DESA TUN RAZAK 2 Mukim Petaling Kuala Lumpur Malaysia,3.1105,101.7328
JLN.118C DESA TUN RAZAK 2 Mukim Petaling Kuala Lumpur Malaysia,3.0728,101.6762
JLN SERI REJANG 5 PUSAT INDUSTRI SRI RAMPAI Mukim Setapak Kuala Lumpur Malaysia,3.1955,101.7358
JLN SERI REJANG 5 SETAPAK INDUSTRIAL AREA Mukim Setapak Kuala Lumpur Malaysia,3.1779,101.7328
JLN ECO PERINDUSTRIAN ECO PERINDUSTRIAN 5 Ijok Kuala Selangor Malaysia,3.25,101.3
JLN ECO PERINDUSTRIAN 1/3C ECO PERINDUSTRIAN 5 Ijok Kuala Selangor Malaysia,3.2809,101.3154
EASTGATE ECOV ECO PERINDUSTRIAN V Ijok Kuala Selangor Malaysia,3.2465,101.3902
JLN ECO PERINDUSTRIAN 1/5C ECO PERINDUSTRIAN V Ijok Kuala Selangor Malaysia,3.308,101.235
JALAN RUKUN JAYA KOTA IJOK INDUSTRIAL PARK Ijok Kuala Selangor Malaysia,3.2825,101.4218
JLN RUKUN JAYA KOTA IJOK INDUSTRIAL PARK Ijok Kuala Selangor Malaysia,3.1683,101.2977
"LORONG 30 LIMINI INDUSTRIA, IJOK Ijok Kuala Selangor Malaysia",3.2146,101.3238
"LRG 30 LIMINI INDUSTRIA, IJOK Ijok Kuala Selangor Malaysia",3.2435,101.2806
BKT BADONG ROAD TAMAN INDUSTRI BUKIT BADONG Ijok Kuala Selangor Malaysia,3.3224,101.4117
JALAN INDUSTRI BUKIT BADONG 1 TAMAN INDUSTRI BUKIT BADONG Ijok Kuala Selangor Malaysia,3.317,101.238
JALAN INDUSTRI BUKIT BADONG 3 TAMAN INDUSTRI BUKIT BADONG Ijok Kuala Selangor Malaysia,3.2229,101.2562
JLN INDUSTRI BUKIT BADONG 3 TAMAN INDUSTRI BUKIT BADONG Ijok Kuala Selangor Malaysia,3.225,101.367
JALAN TIAJ 3/2/3 TMN INDUSTRI ALAM JAYA Ijok Kuala Selangor Malaysia,3.2535,101.3902
JLN TIAJ 3/1/3 TMN INDUSTRI ALAM JAYA Ijok Kuala Selangor Malaysia,3.2375,101.4935
"JLN TIAJ 3/2/3A, TIAJ 3/2/1 TMN INDUSTRI ALAM JAYA Ijok Kuala Selangor Malaysia",3.229,101.316
TIAJ 2/1 TMN INDUSTRI ALAM JAYA Ijok Kuala Selangor Malaysia,3.2647,101.2801
"JLN 51/203A SEKSYEN 51/51A , PETALING JAYA Bandar Petaling Jaya Petaling Malaysia",3.1067,101.6417
"JLN 51/203A(KAW PERINDUSTRIAN TIONG NAM) SEKSYEN 51/51A , PETALING JAYA Bandar Petaling Jaya Petaling Malaysia",3.1066,101.6448
"JLN 51/225A ZON INDUSTRI PJCT SEKSYEN 51/51A , PETALING JAYA Bandar Petaling Jaya Petaling Malaysia",3.0948,101.6489
"JLN 51A/225A (ZON PERINDUSTRIAN PJCT) SEKSYEN 51/51A , PETALING JAYA Bandar Petaling Jaya Petaling Malaysia",3.1092,101.6353
"JLN 51A/227B SEKSYEN 51/51A , PETALING JAYA Bandar Petaling Jaya Petaling Malaysia",3.0828,101.6559
"JLN 51A/227C SEKSYEN 51/51A , PETALING JAYA Bandar Petaling Jaya Petaling Malaysia",3.0919,101.6431
"JLN TANDANG 51/203A SEKSYEN 51/51A , PETALING JAYA Bandar Petaling Jaya Petaling Malaysia",3.1077,101.6067
"JLN TANDANG 51/205A SEKSYEN 51/51A , PETALING JAYA Bandar Petaling Jaya Petaling Malaysia",3.1152,101.6388
"JLN LINGGIS 15/24 SEK. 15, SHAH ALAM Bandar Shah Alam Petaling Malaysia",3.0523,101.5225
"JALAN TUKUL 16/5 SEK. 16, SHAH ALAM Bandar Shah Alam Petaling Malaysia",3.035,101.532
"JLN PAHAT 16/8A SEK. 16, SHAH ALAM Bandar Shah Alam Petaling Malaysia",3.0819,101.517
"JLN PAKU 16/6 SEK. 16, SHAH ALAM Bandar Shah Alam Petaling Malaysia",3.0737,101.5183
"LADA HITAM 16/12 SEK. 16, SHAH ALAM Bandar Shah Alam Petaling Malaysia",3.0667,101.5167
"JLN 22/5 SEK. 22, SHAH ALAM Bandar Shah Alam Petaling Malaysia",3.073,101.5183
"JALAN 23/2 SEK. 23, SHAH ALAM Bandar Shah Alam Petaling Malaysia",3.0859,101.5328
"JALAN 23/11 SEK. 23, SHAH ALAM Bandar Shah Alam Petaling Malaysia",3.0739,101.5218
"JALAN MODAL 23/2 SEK. 23, SHAH ALAM Bandar Shah Alam Petaling Malaysia",3.0409,101.5328
"JALAN SAHAM 23/3 SEK. 23, SHAH ALAM Bandar Shah Alam Petaling Malaysia",3.0819,101.5279
"JLN RINGGIT 23/11 SEK. 23, SHAH ALAM Bandar Shah Alam Petaling Malaysia",3.0727,101.5183
"JALAN 15/23 TIONG NAM INDUSTRIAL PARK 2, SHAH ALAM Bandar Shah Alam Petaling Malaysia",3.093,101.539
"JALAN 15/22 TIONG NAM INDUSTRIAL PARK 2, SHAH ALAM Bandar Shah Alam Petaling Malaysia",3.095,101.533
JLN PEMAJU U1/15 (NOVUS BUSINESS PARK) GLENMARIE IND. PARK Bdr Glenmarie Petaling Malaysia,3.1116,101.5858
JALAN JURUHEBAH U1/50 TEMASYA INDUSTRIAL PARK Bdr Glenmarie Petaling Malaysia,3.0736,101.5756
JLN JURUHEBAH U1/50 TEMASYA INDUSTRIAL PARK Bdr Glenmarie Petaling Malaysia,3.0877,101.5779
JLN KARTUNIS U1/47 TEMASYA INDUSTRIAL PARK Bdr Glenmarie Petaling Malaysia,3.095,101.601
JLN PELUKIS U1/46A TEMASYA INDUSTRIAL PARK Bdr Glenmarie Petaling Malaysia,3.0888,101.5845
JLN PELUKIS U1/46B TEMASYA INDUSTRIAL PARK Bdr Glenmarie Petaling Malaysia,3.1069,101.5833
JLN PEMBERITA U1/49 TEMASYA INDUSTRIAL PARK Bdr Glenmarie Petaling Malaysia,3.1109,101.5796
JLN PENGACARA U1/48 TEMASYA INDUSTRIAL PARK Bdr Glenmarie Petaling Malaysia,3.0769,101.5805
JLN PENYAJAK U1/45A TEMASYA INDUSTRIAL PARK Bdr Glenmarie Petaling Malaysia,3.0936,101.5808
JLN PENYAJAK U1/45B TEMASYA INDUSTRIAL PARK Bdr Glenmarie Petaling Malaysia,3.0979,101.5785
JLN U1/46 (TEMASYA 18) TEMASYA INDUSTRIAL PARK Bdr Glenmarie Petaling Malaysia,3.0986,101.5739
JLN PJS 5/26 TAMAN DESARIA Bdr Petaling Jaya Selatan Petaling Malaysia,3.0719,101.6715
"JALAN PJS 7/19 PJS 7, BANDAR SUNWAY Bdr Sunway Petaling Malaysia",3.0695,101.6028
"JLN PJS 7/19 PJS 7, BANDAR SUNWAY Bdr Sunway Petaling Malaysia",3.0742,101.6118
JALAN PJS 11/18 PJS 11 BANDAR SUNWAY Bdr Sunway Petaling Malaysia,3.0712,101.6075
JLN PJS 11/8 PJS 11 BANDAR SUNWAY Bdr Sunway Petaling Malaysia,3.0723,101.6079
JLN PJS 11/20 PJS 11 BANDAR SUNWAY Bdr Sunway Petaling Malaysia,3.0707,101.6108
JLN RUANG U8/109 (JELUTONG PRIME) BUKIT JELUTONG Damansara Petaling Malaysia,3.099,101.595
JALAN ASTAKA U8/82 BUKIT JELUTONG Damansara Petaling Malaysia,3.121,101.537
JALAN KERAWANG U8/108 BUKIT JELUTONG Damansara Petaling Malaysia,3.1159,101.5772
JALAN TIANG U8/94 BUKIT JELUTONG Damansara Petaling Malaysia,3.1137,101.5437
JLN ASTAKA U8/82 BUKIT JELUTONG Damansara Petaling Malaysia,3.1093,101.524
JLN ASTAKA U8/88A BUKIT JELUTONG Damansara Petaling Malaysia,3.1107,101.5669
JLN ASTAKA U8/88B BUKIT JELUTONG Damansara Petaling Malaysia,3.1237,101.5558
JLN PARA U8/103 BUKIT JELUTONG Damansara Petaling Malaysia,3.1108,101.5628
JLN RIYAL U3/37 BUKIT JELUTONG Damansara Petaling Malaysia,3.1226,101.5572
JLN RUANG U8/103 BUKIT JELUTONG Damansara Petaling Malaysia,3.1206,101.5885
JLN U8/83 BUKIT JELUTONG Damansara Petaling Malaysia,3.1269,101.5981
JLN U8/103 BUKIT JELUTONG Damansara Petaling Malaysia,3.1149,101.5778
JALAN ASTAKA U8/84A IPARC 1 Damansara Petaling Malaysia,3.1319,101.5604
JALAN U8/83 IPARC 1 Damansara Petaling Malaysia,3.1698,101.5715
JLN ASTAKA U8/83 IPARC 1 Damansara Petaling Malaysia,3.1368,101.6229
JLN ASTAKA U8/84A IPARC 1 Damansara Petaling Malaysia,3.1225,101.5949
JLN RIYAL U3/37 IPARC - 3 Damansara Petaling Malaysia,3.1169,101.6331
"JLN PAHAT 16/8A SEK. 16, SHAH ALAM Damansara Petaling Malaysia",3.082,101.576
JALAN TP 3 SIME UEP INDUSTRIAL PARK Damansara Petaling Malaysia,3.055,101.597
JALAN TP 5A SIME UEP INDUSTRIAL PARK Damansara Petaling Malaysia,3.0186,101.5874
JLN TP 3 SIME UEP INDUSTRIAL PARK Damansara Petaling Malaysia,3.057,101.61
JLN TP 5 SIME UEP INDUSTRIAL PARK Damansara Petaling Malaysia,3.109,101.606
JLN TP 5A SIME UEP INDUSTRIAL PARK Damansara Petaling Malaysia,3.0467,101.6073
JALAN NILAM 2 SUBANG HI-TECH Damansara Petaling Malaysia,3.089,101.588
JALAN NILAM SUBANG HI-TECH Damansara Petaling Malaysia,3.045,101.587
JALAN NILAM 1/8 SUBANG HI-TECH Damansara Petaling Malaysia,3.0989,101.6176
JLN NILAM 2 SUBANG HI-TECH Damansara Petaling Malaysia,3.109,101.554
JLN PENGACARA U1/48 TEMASYA INDUSTRIAL PARK Damansara Petaling Malaysia,3.1105,101.5876
JALAN PEMBERITA U1/49 TEMASYA INDUSTRIAL PARK Damansara Petaling Malaysia,3.0807,101.5708
JLN PEMBERITA U1/49 TEMASYA INDUSTRIAL PARK Damansara Petaling Malaysia,3.1503,101.6369
JLN PENDAFTAR U1/54 TEMASYA INDUSTRIAL PARK Damansara Petaling Malaysia,3.1863,101.6106
JLN PERUSAHAAN 3 BDR BARU SG. BULOH Pekan Baru Sg Buluh Petaling Malaysia,3.2192,101.5805
JLN PERUSAHAN 3 BDR BARU SG. BULOH Pekan Baru Sg Buluh Petaling Malaysia,3.2137,101.5636
"JALAN TEKNOLOGI 3/5 SEKSYEN 3, KOTA DAMANSARA Pekan Baru Sg Buluh Petaling Malaysia",3.1547,101.5989
"JALAN TEKNOLOGI 3/6 SEKSYEN 3, KOTA DAMANSARA Pekan Baru Sg Buluh Petaling Malaysia",3.1725,101.5908
"JALAN TEKNOLOGI 3/6F SEKSYEN 3, KOTA DAMANSARA Pekan Baru Sg Buluh Petaling Malaysia",3.1579,101.5945
"JLN TEKNOLOGI SEKSYEN 3, KOTA DAMANSARA Pekan Baru Sg Buluh Petaling Malaysia",3.1679,101.6004
"JLN TEKNOLOGI 3/3A SEKSYEN 3, KOTA DAMANSARA Pekan Baru Sg Buluh Petaling Malaysia",3.1767,101.5965
"JLN TEKNOLOGI 3/4B(PL 9908) SEKSYEN 3, KOTA DAMANSARA Pekan Baru Sg Buluh Petaling Malaysia",3.1375,101.5728
"JLN TEKNOLOGI 3/5 SEKSYEN 3, KOTA DAMANSARA Pekan Baru Sg Buluh Petaling Malaysia",3.1675,101.5747
"JLN TEKNOLOGI 3/5A SEKSYEN 3, KOTA DAMANSARA Pekan Baru Sg Buluh Petaling Malaysia",3.1939,101.6119
"JLN TEKNOLOGI A SEKSYEN 3, KOTA DAMANSARA Pekan Baru Sg Buluh Petaling Malaysia",3.1745,101.5825
"LRG TEKNOLOGI 3/4A SEKSYEN 3, KOTA DAMANSARA Pekan Baru Sg Buluh Petaling Malaysia",3.157,101.595
"LRG TEKNOLOGI 3/6 SEKSYEN 3, KOTA DAMANSARA Pekan Baru Sg Buluh Petaling Malaysia",3.1484,101.5976
"LRG TEKNOLOGI B SEKSYEN 3, KOTA DAMANSARA Pekan Baru Sg Buluh Petaling Malaysia",3.1576,101.5816
JLN TEKNOLOGI 3/5 SUNGAI BULOH INDUSTRIAL PARK Pekan Baru Sg Buluh Petaling Malaysia,3.2229,101.5808
JALAN TSB 5 SUNGAI BULOH INDUSTRIAL PARK Pekan Baru Sg Buluh Petaling Malaysia,3.2215,101.5778
JALAN TSB 6 SUNGAI BULOH INDUSTRIAL PARK Pekan Baru Sg Buluh Petaling Malaysia,3.2056,101.5702
JLN TSB 6 SUNGAI BULOH INDUSTRIAL PARK Pekan Baru Sg Buluh Petaling Malaysia,3.2105,101.5889
LRG TEKNOLOGI C SUNGAI BULOH INDUSTRIAL PARK Pekan Baru Sg Buluh Petaling Malaysia,3.205,101.586
JLN PJU 3/41 SUNWAY DAMANSARA Pekan Baru Sg Buluh Petaling Malaysia,3.1922,101.6268
JALAN PJU 3/45 SUNWAY DAMANSARA Pekan Baru Sg Buluh Petaling Malaysia,3.1519,101.5916
JALAN PJU 3/49 SUNWAY DAMANSARA Pekan Baru Sg Buluh Petaling Malaysia,3.1589,101.5967
JALAN PJU 3/50 SUNWAY DAMANSARA Pekan Baru Sg Buluh Petaling Malaysia,3.1889,101.6078
JLN PJU 3/40 SUNWAY DAMANSARA Pekan Baru Sg Buluh Petaling Malaysia,3.1835,101.577
JLN PJU 3/46 SUNWAY DAMANSARA Pekan Baru Sg Buluh Petaling Malaysia,3.1427,101.5929
JLN PJU 3/48 SUNWAY DAMANSARA Pekan Baru Sg Buluh Petaling Malaysia,3.165,101.615
JLN PJU 3/49 SUNWAY DAMANSARA Pekan Baru Sg Buluh Petaling Malaysia,3.1505,101.6038
JLN PJU 3/50 SUNWAY DAMANSARA Pekan Baru Sg Buluh Petaling Malaysia,3.1645,101.6025
JLN LIRA U3/41 KG BARU SUBANG Pekan Baru Subang Petaling Malaysia,3.1279,101.533
JLN ZUHAL  U5/178 SUBANG INTERNATIONAL LIGHT IND. PARK 1 Pekan Baru Subang Petaling Malaysia,3.139003,101.529437
JLN ZUHAL U5/178 SUBANG INTERNATIONAL LIGHT IND. PARK 1 Pekan Baru Subang Petaling Malaysia,3.1115,101.5512
JALAN APOLLO U5/189 SUBANG INTERNATIONAL LIGHT IND. PARK 11 Pekan Baru Subang Petaling Malaysia,3.1045,101.5561
JALAN MARIKH U5/177 SUBANG KRISTAL INDUSTRIAL PARK Pekan Baru Subang Petaling Malaysia,3.1178,101.5275
JLN MARIKH U5/177 SUBANG KRISTAL INDUSTRIAL PARK Pekan Baru Subang Petaling Malaysia,3.126,101.55
JALAN TPP 5/2 SUBANG HILIR INDUSTRIAL PARK Pekan Desa Puchong Petaling Malaysia,3.0149,101.6176
JALAN TPP 5/13 SUBANG HILIR INDUSTRIAL PARK Pekan Desa Puchong Petaling Malaysia,3.0216,101.6124
JALAN TPP 5/15 SUBANG HILIR INDUSTRIAL PARK Pekan Desa Puchong Petaling Malaysia,3.035,101.615
JLN TPP 5/9 SUBANG HILIR INDUSTRIAL PARK Pekan Desa Puchong Petaling Malaysia,3.0368,101.5927
JLN TPP 5/13 SUBANG HILIR INDUSTRIAL PARK Pekan Desa Puchong Petaling Malaysia,3.0283,101.6166
JLN TPP 5/15 SUBANG HILIR INDUSTRIAL PARK Pekan Desa Puchong Petaling Malaysia,3.0463,101.6345
JLN TPP 5/17 SUBANG HILIR INDUSTRIAL PARK Pekan Desa Puchong Petaling Malaysia,3.016,101.607
JALAN TPP 1/7A TMN INDUSTRI PUCHONG Pekan Desa Puchong Petaling Malaysia,3.0415,101.6205
JLN TPP 1/1A TMN INDUSTRI PUCHONG Pekan Desa Puchong Petaling Malaysia,3.0405,101.6169
JLN TPP 1/19 TMN INDUSTRI PUCHONG Pekan Desa Puchong Petaling Malaysia,3.05,101.627
JLN TPP 5/17 TMN INDUSTRI PUCHONG Pekan Desa Puchong Petaling Malaysia,3.05,101.618
"JLN SG BULOH 27/101A (HICOM 27) SEK 27, SHAH ALAM Pekan Hicom Petaling Malaysia",3.0262,101.5138
"JLN SERENDAH 26/40 SEK. 15, SHAH ALAM Pekan Hicom Petaling Malaysia",3.0347,101.4923
"JLN 26/39 SEK. 26, SHAH ALAM Pekan Hicom Petaling Malaysia",3.0287,101.5282
"JLN 26/41 SEK. 26, SHAH ALAM Pekan Hicom Petaling Malaysia",3.0809999999999995,101.483
"JLN SERENDAH 26/39 SEK. 26, SHAH ALAM Pekan Hicom Petaling Malaysia",3.0819,101.5341
"JLN SERENDAH 26/40 SEK. 26, SHAH ALAM Pekan Hicom Petaling Malaysia",3.0847,101.5226
"JLN SERENDAH 26/41 SEK. 26, SHAH ALAM Pekan Hicom Petaling Malaysia",3.0648,101.5217
JLN MANDOLIN 33/5 SEK. 33 - SHAH ALAM Pekan Hicom Petaling Malaysia,3.0092,101.5287
JALAN SERINDIT 2 BDR PUCHONG JAYA Pekan Kinrara Petaling Malaysia,3.0303,101.6202
JLN LAYANG LAYANG 2 BDR PUCHONG JAYA Pekan Kinrara Petaling Malaysia,3.0396,101.6186
JLN LAYANG-LAYANG 2 BDR PUCHONG JAYA Pekan Kinrara Petaling Malaysia,3.0325,101.6421
JLN SERINDIT 2 BDR PUCHONG JAYA Pekan Kinrara Petaling Malaysia,3.0469,101.6304
JLN SERINDIT 3 BDR PUCHONG JAYA Pekan Kinrara Petaling Malaysia,3.0481,101.6587
JALAN TS 6/7 TMN INDUSTRI SUBANG Pekan Penaga Petaling Malaysia,3.095,101.576
JALAN TS 6/9 TMN INDUSTRI SUBANG Pekan Penaga Petaling Malaysia,3.0425,101.5504
JLN SUBANG 7 TMN INDUSTRI SUBANG Pekan Penaga Petaling Malaysia,3.1228,101.5807
JLN TS 6/9 TMN INDUSTRI SUBANG Pekan Penaga Petaling Malaysia,3.101,101.535
JALAN INDUSTRI USJ 1/1 TMN PERINDUSTRIAN SUBANG MEWAH Pekan Penaga Petaling Malaysia,3.037,101.581
JALAN USJ 1/1 TMN PERINDUSTRIAN SUBANG MEWAH Pekan Penaga Petaling Malaysia,3.043,101.58
JLN INDUSTRI USJ 1/1 TMN PERINDUSTRIAN SUBANG MEWAH Pekan Penaga Petaling Malaysia,3.0545,101.594
JLN UTAMA 2/20 PERINDUSTRIAN MAJU JAYA (PUCHONG) Pekan Puchong Perdana Petaling Malaysia,2.9906,101.6219
JLN PPU 2 PERINDUSTRIAN MAJU JAYA (PUCHONG) Pekan Puchong Perdana Petaling Malaysia,3.0385,101.6182
JLN UTAMA 2/18 PERINDUSTRIAN MAJU JAYA (PUCHONG) Pekan Puchong Perdana Petaling Malaysia,2.9926,101.6186
JLN UTAMA 2/28 PERINDUSTRIAN MAJU JAYA (PUCHONG) Pekan Puchong Perdana Petaling Malaysia,3.0225,101.6075
JLN UTAMA 1/12 TMN INDUSTRI PUCHONG PERDANA Pekan Puchong Perdana Petaling Malaysia,3.0227,101.6298
JLN PPU 2A TMN INDUSTRI PUCHONG UTAMA Pekan Puchong Perdana Petaling Malaysia,2.995,101.643
JLN BS 7/22 BUKIT SERDANG LIGHT INDUSTRIAL PARK Pekan Serdang Petaling Malaysia,3.0287,101.6992
JLN BS 7/1C (PHASE 3) BUKIT SRI SERDANG IND PARK Pekan Serdang Petaling Malaysia,3.0302,101.7098
JLN BS 7/1A BUKIT SRI SERDANG IND PARK Pekan Serdang Petaling Malaysia,3.0067,101.7072
JLN BS 7/1C BUKIT SRI SERDANG IND PARK Pekan Serdang Petaling Malaysia,3.0406,101.709
JLN BS 7/1D BUKIT SRI SERDANG IND PARK Pekan Serdang Petaling Malaysia,3.0065,101.7045
JLN BS 9/10 BUKIT SRI SERDANG IND PARK Pekan Serdang Petaling Malaysia,3.0267,101.7102
JLN SUBANG 7/1 (TWIN PARK) SUNGAI PENAGA Pekan Subang Jaya Petaling Malaysia,3.078,101.591
JLN SUBANG 7/1 SUNGAI PENAGA Pekan Subang Jaya Petaling Malaysia,3.0692,101.5876
JALAN TS 6/10 TMN INDUSTRI SUBANG Pekan Subang Jaya Petaling Malaysia,3.0225,101.585
JLN TS 6/4 TMN INDUSTRI SUBANG Pekan Subang Jaya Petaling Malaysia,3.0237,101.5842
JLN TS 6/10 TMN INDUSTRI SUBANG Pekan Subang Jaya Petaling Malaysia,3.0447,101.5929
JLN SERINDIT 3 BDR PUCHONG JAYA Petaling Petaling Malaysia,3.033,101.616
JLN BS 7/1A BUKIT SRI SERDANG LIGHT INDUSTRIAL PARK Petaling Petaling Malaysia,3.0139,101.7047
"JLN TPP 6/3 PINWANG INDUSTRIAL PARK, PUCHONG Petaling Petaling Malaysia",3.0235,101.6225
"JLN TPP 6/11 PINWANG INDUSTRIAL PARK, PUCHONG Petaling Petaling Malaysia",3.0029,101.6169
JLN IND PBP 5 PUSAT BDR PUCHONG Petaling Petaling Malaysia,3.0485,101.6495
JLN INDUSTRI PBP 3 PUSAT BDR PUCHONG Petaling Petaling Malaysia,3.045,101.618
JLN INDUSTRI PBP 5 PUSAT BDR PUCHONG Petaling Petaling Malaysia,3.0475,101.6169
OFF JLN BT.14 PUCHONG PUSAT BDR PUCHONG Petaling Petaling Malaysia,3.0356,101.6134
JLN PERINDUSTRIAN PP 4 SERDANG LIGHT INDUSTRIAL PARK Petaling Petaling Malaysia,3.0279,101.7072
JLN PERINDUSTRIAN PP 5 SERDANG LIGHT INDUSTRIAL PARK Petaling Petaling Malaysia,3.0433,101.7146
JLN PERINDUSTRIAN PP 6 SERDANG LIGHT INDUSTRIAL PARK Petaling Petaling Malaysia,3.023,101.69
JLN PERINDUSTRIAN PP5 SERDANG LIGHT INDUSTRIAL PARK Petaling Petaling Malaysia,3.0205,101.6632
JLN TPP 6/11 SUBANG HILIR INDUSTRIAL PARK Petaling Petaling Malaysia,3.0427,101.5938
JLN TPP 1/1 TMN INDUSTRI PUCHONG Petaling Petaling Malaysia,3.0013,101.6128
JLN TPP 1/11 TMN INDUSTRI PUCHONG Petaling Petaling Malaysia,3.032,101.634
JLN TPP 1/19 TMN INDUSTRI PUCHONG Petaling Petaling Malaysia,3.0287,101.6135
TPP 6/11 TMN INDUSTRI PUCHONG PERDANA Petaling Petaling Malaysia,3.0219,101.6204
JALAN TPK 2/4 TMN INDUSTRI PUCHONG RAYA Petaling Petaling Malaysia,2.989,101.631
JLN PERUSAHAAN 4 BDR BARU SG. BULOH Sungai Buluh Petaling Malaysia,3.2089,101.573
JLN UTARID U5/11 MAH SING INTERGRATED IND. PARK Sungai Buluh Petaling Malaysia,3.2023,101.5868
JLN TSB 1 SUNGAI BULOH INDUSTRIAL PARK Sungai Buluh Petaling Malaysia,3.2049,101.5753
JLN TSB 2 SUNGAI BULOH INDUSTRIAL PARK Sungai Buluh Petaling Malaysia,3.1929,101.5838
JLN TSB 3 SUNGAI BULOH INDUSTRIAL PARK Sungai Buluh Petaling Malaysia,3.207,101.586
JLN TSB 10 SUNGAI BULOH INDUSTRIAL PARK Sungai Buluh Petaling Malaysia,3.2106,101.5736
TSB 5 SUNGAI BULOH INDUSTRIAL PARK Sungai Buluh Petaling Malaysia,3.2095,101.5678
TSB 10 SUNGAI BULOH INDUSTRIAL PARK Sungai Buluh Petaling Malaysia,3.203,101.585
JALAN CIPTA SERENIA 3C CIPTA SERENIA @ SERENIA CITY Dengkil Sepang Malaysia,2.8915,101.692
JALAN CIPTA SERENIA 4 CIPTA SERENIA @ SERENIA CITY Dengkil Sepang Malaysia,2.8695,101.6212
JALAN MJ 14 LAKE6 ENTREPRENEURS PARK Dengkil Sepang Malaysia,2.7876,101.5486
JALAN MJ 16 LAKE6 ENTREPRENEURS PARK Dengkil Sepang Malaysia,2.876,101.706
JLN MJ 15 LAKE6 ENTREPRENEURS PARK Dengkil Sepang Malaysia,2.8456,101.6718
JLN MJ 15 @MERANTI JAYA LAKE6 ENTREPRENEURS PARK Dengkil Sepang Malaysia,2.8535,101.6848
LAKE 6 ENTREPRENEURS PARK LAKE6 ENTREPRENEURS PARK Dengkil Sepang Malaysia,2.9223,101.6918
JALAN MJ 15 MERANTI PERMAI INDUSTRIAL PARK Dengkil Sepang Malaysia,2.8317,101.6812
JLN MERANTI PERMAI 5 MERANTI PERMAI INDUSTRIAL PARK Dengkil Sepang Malaysia,2.7985,101.6906
JALAN PP 16/3 PERDANA INDUSTRIAL PARK@PUTRA PERDANA Dengkil Sepang Malaysia,2.9025,101.6748
JALAN PP 16/4 PERDANA INDUSTRIAL PARK@PUTRA PERDANA Dengkil Sepang Malaysia,2.9109,101.6698
JALAN PP 16/5 PERDANA INDUSTRIAL PARK@PUTRA PERDANA Dengkil Sepang Malaysia,2.8945,101.6448
JALAN PP 16/6 PERDANA INDUSTRIAL PARK@PUTRA PERDANA Dengkil Sepang Malaysia,2.9085,101.5895
JLN PP 16/4 PERDANA INDUSTRIAL PARK@PUTRA PERDANA Dengkil Sepang Malaysia,2.9187,101.6103
JLN PP 16/5 PERDANA INDUSTRIAL PARK@PUTRA PERDANA Dengkil Sepang Malaysia,2.9406,101.6876
OFF JALAN PUTRA PERDANA 16/5 PERDANA INDUSTRIAL PARK@PUTRA PERDANA Dengkil Sepang Malaysia,2.9519,101.6564
OFF JALAN PUTRA PERDANA 16/6 PERDANA INDUSTRIAL PARK@PUTRA PERDANA Dengkil Sepang Malaysia,2.8739,101.6526
PERDANA INDUSTRI PARK PERDANA INDUSTRIAL PARK@PUTRA PERDANA Dengkil Sepang Malaysia,2.9075,101.6475
JALAN IMP 1/1 SINAR MERANTI TEKNOLOGI PARK Dengkil Sepang Malaysia,2.8438,101.6656
JALAN IMP 1/3 SINAR MERANTI TEKNOLOGI PARK Dengkil Sepang Malaysia,2.8639,101.6758
JALAN IMP 1 TMN INDUSTRI MERANTI PERDANA Dengkil Sepang Malaysia,2.8765,101.6715
JLN IMP 1 TMN INDUSTRI MERANTI PERDANA Dengkil Sepang Malaysia,2.785,101.651
JLN IMP 1/1 TMN INDUSTRI MERANTI PERDANA Dengkil Sepang Malaysia,2.8962,101.5588
JLN IND MAS 9 TMN MAS SEPANG (DENGKIL) Dengkil Sepang Malaysia,2.8393,101.6763
JLN IND MAS 12 TMN MAS SEPANG (DENGKIL) Dengkil Sepang Malaysia,2.8449,101.6906
JLN INDUSRIAL MAS 9 TMN MAS SEPANG (DENGKIL) Dengkil Sepang Malaysia,2.8322,101.6567
JLN INDUSTRI MAS 5 TMN MAS SEPANG (DENGKIL) Dengkil Sepang Malaysia,2.8439,101.6834
JLN INDUSTRI MAS 6 TMN MAS SEPANG (DENGKIL) Dengkil Sepang Malaysia,2.8333,101.6833
JLN INDUSTRI MAS 7 TMN MAS SEPANG (DENGKIL) Dengkil Sepang Malaysia,2.8366,101.6746
JLN INDUSTRI MAS 8 TMN MAS SEPANG (DENGKIL) Dengkil Sepang Malaysia,2.823,101.659
JLN INDUSTRI MAS 9 TMN MAS SEPANG (DENGKIL) Dengkil Sepang Malaysia,2.805,101.689
JALAN MERANTI PUCHONG D'25 TMN MERANTI JAYA Dengkil Sepang Malaysia,2.9333,101.6444
JALAN TPM 1 TMN MERANTI JAYA Dengkil Sepang Malaysia,2.8418,101.6766
JLN MJ 13 TMN MERANTI JAYA Dengkil Sepang Malaysia,2.903,101.687
JLN MJ 14 TMN MERANTI JAYA Dengkil Sepang Malaysia,2.8397,101.6513
TMN MERANTI JAYA 14 TMN MERANTI JAYA Dengkil Sepang Malaysia,2.795,101.659
JALAN PP 11/4 TMN PERINDUSTRIAN ALAM PERDANA Dengkil Sepang Malaysia,2.8935,101.6238
JALAN PP 11/1 TMN PERINDUSTRIAN ALAM PERDANA Dengkil Sepang Malaysia,2.8697,101.6735
JALAN PP 11/2 TMN PERINDUSTRIAN ALAM PERDANA Dengkil Sepang Malaysia,2.8675,101.6508
JALAN PP 11/5 TMN PERINDUSTRIAN ALAM PERDANA Dengkil Sepang Malaysia,2.9037,101.6592
JLN PP 11/2 TMN PERINDUSTRIAN ALAM PERDANA Dengkil Sepang Malaysia,2.8279,101.6375
JALAN PTP 1/4 TMN PERINDUSTRIAN TASIK PERDANA Dengkil Sepang Malaysia,2.8449,101.6208
JALAN PTP 1/1 TMN PERINDUSTRIAN TASIK PERDANA Dengkil Sepang Malaysia,2.8236,101.6572
JALAN PTP 1/3 TMN PERINDUSTRIAN TASIK PERDANA Dengkil Sepang Malaysia,2.8239,101.6368
JLN PTP 1/3 TMN PERINDUSTRIAN TASIK PERDANA Dengkil Sepang Malaysia,2.7939,101.6218
JLN PTP 1/4 TMN PERINDUSTRIAN TASIK PERDANA Dengkil Sepang Malaysia,2.8347,101.6829
JLN TASIK PERDANA 1/4 TMN PERINDUSTRIAN TASIK PERDANA Dengkil Sepang Malaysia,2.8539,101.6406
PTP 1/3 TMN PERINDUSTRIAN TASIK PERDANA Dengkil Sepang Malaysia,2.8814,101.6548
PTP 1/4 TMN PERINDUSTRIAN TASIK PERDANA Dengkil Sepang Malaysia,2.8563,101.6788
PTP 1/6 TMN PERINDUSTRIAN TASIK PERDANA Dengkil Sepang Malaysia,2.9068,101.6485
BEREMBANG INDAH Bandar Hulu Kelang Gombak Malaysia,3.1989,101.7612
GAYA MELAWATI Bandar Hulu Kelang Gombak Malaysia,3.2409,101.7583
TAMAN BUKIT INDAH Bandar Hulu Kelang Gombak Malaysia,3.2303,101.7583
UKAY BISTARI Bandar Hulu Kelang Gombak Malaysia,3.1918,101.7541
KOMPLEK DESA Bandar Kepong Gombak Malaysia,3.2846,101.6668
PUNCAK DESA Bandar Kepong Gombak Malaysia,3.2186,101.6513
TAMAN INDAH PERDANA Bandar Kepong Gombak Malaysia,3.208,101.632
TAMAN USAHA JAYA Bandar Kepong Gombak Malaysia,3.2059,101.6352
AMARA SERVICE RESIDENCE Bandar Selayang Gombak Malaysia,3.2431,101.6688
BANDAR BARU SELAYANG Bandar Selayang Gombak Malaysia,3.275,101.655
BATU CAVES CENTREPOINT Bandar Selayang Gombak Malaysia,3.2387,101.6816
DESA TEMENGGUNG Bandar Selayang Gombak Malaysia,3.2666,101.6556
KAMPONG LAKSAMANA Bandar Selayang Gombak Malaysia,3.2356,101.6592
MEDAN BATU CAVES Bandar Selayang Gombak Malaysia,3.2371,101.6876
ONE SIERRA Bandar Selayang Gombak Malaysia,3.2153,101.6298
RIA@AMANIAH MULIA Bandar Selayang Gombak Malaysia,3.2303,101.6572
SELAYANG CAPITOL Bandar Selayang Gombak Malaysia,3.2372,101.6501
SELAYANG CENTRE POINT Bandar Selayang Gombak Malaysia,3.2308,101.6528
SELAYANG POINT Bandar Selayang Gombak Malaysia,3.2729,101.6373
SUNWAY BATU CAVES Bandar Selayang Gombak Malaysia,3.2401,101.6672
TAMAN BUKIT IDAMAN Bandar Selayang Gombak Malaysia,3.2287,101.6506
V-RESIDENSI 5 Bandar Selayang Gombak Malaysia,3.2506,101.6597
BANGUNAN UMNO Batu Gombak Malaysia,3.193,101.698
KOMPLEK DESA Batu Gombak Malaysia,4.6287,101.0927
PINGGIRAN BATU CAVES Batu Gombak Malaysia,3.2375,101.6861
PRIMA SELAYANG Batu Gombak Malaysia,3.231,101.745
TAMAN AL-RIDZUAN Hulu Klang Gombak Malaysia,3.2224,101.7293
MEDAN BATU CAVES Pekan Batu Caves Gombak Malaysia,3.2378,101.6849
LAGUNA BIRU Pekan Pengkalan Kundang Gombak Malaysia,3.2189,101.6671
BANDAR COUNTRY HOMES Rawang Gombak Malaysia,3.337,101.574
AYUMAN SUITES @ GOMBAK Setapak Gombak Malaysia,3.2399,101.7268
KG TASIK TAMBAHAN Ampang Hulu Langat Malaysia,3.149,101.767
TMN BKT SEGAR (Ampang) Ampang Hulu Langat Malaysia,3.1464,101.7433
TMN CEMPAKA Ampang Hulu Langat Malaysia,3.128,101.762
TMN DAGANG Ampang Hulu Langat Malaysia,3.131,101.761
TMN DATUK  AHMAD RAZALI Ampang Hulu Langat Malaysia,3.1583,101.7495
TMN LEMBAH MAJU Ampang Hulu Langat Malaysia,3.151,101.766
TMN MULIA JAYA Ampang Hulu Langat Malaysia,3.1433,101.7513
DESA LEMBAH PERMAI Bandar Ampang Hulu Langat Malaysia,3.1286,101.7967
KAWASAN PERNIAGAAN TAMING PERMAI Bandar Ampang Hulu Langat Malaysia,3.0605,101.7566
PANDAN UTAMA Bandar Ampang Hulu Langat Malaysia,3.1506,101.7632
TAMAN BUKIT TERATAI Bandar Ampang Hulu Langat Malaysia,3.1296,101.7562
TAMAN PUTRA Bandar Ampang Hulu Langat Malaysia,3.1275,101.759
TMN AMPANG MEWAH Bandar Ampang Hulu Langat Malaysia,3.1309,101.7753
TMN BKT PANDAN Bandar Ampang Hulu Langat Malaysia,3.1125,101.7577
TMN BKT PERMAI Bandar Ampang Hulu Langat Malaysia,3.0869,101.7485
TMN BKT TERATAI Bandar Ampang Hulu Langat Malaysia,3.1467,101.7668
TMN CAHAYA (AMPANG) Bandar Ampang Hulu Langat Malaysia,3.1478,101.7621
TMN CAHAYA INDAH Bandar Ampang Hulu Langat Malaysia,3.165,101.764
TMN INDUSTRI LEMBAH JAYA Bandar Ampang Hulu Langat Malaysia,3.1304,101.7582
TMN KOSAS Bandar Ampang Hulu Langat Malaysia,3.1192,101.7693
TMN MASTIKA Bandar Ampang Hulu Langat Malaysia,3.1269,101.7642
TMN NIRWANA Bandar Ampang Hulu Langat Malaysia,3.1099,101.7626
TMN PANDAN CAHAYA Bandar Ampang Hulu Langat Malaysia,3.1318,101.7542
TMN PANDAN MEWAH Bandar Ampang Hulu Langat Malaysia,3.1136,101.7708
TMN PANDAN PERDANA (28 BOULEVARD) Bandar Ampang Hulu Langat Malaysia,3.1408,101.7621
TMN PANDAN RIA Bandar Ampang Hulu Langat Malaysia,3.1389,101.7448
TMN PUTRA Bandar Ampang Hulu Langat Malaysia,3.1267,101.7977
PEARL AVENUE Bandar Baru Bangi Hulu Langat Malaysia,2.9633,101.7569
RESIDENSI OSTIA Bandar Baru Bangi Hulu Langat Malaysia,2.961,101.753
SEK 15 BDR  BARU BANGI Bandar Baru Bangi Hulu Langat Malaysia,2.9561,101.7612
SEK.14 BDR BARU BANGI Bandar Baru Bangi Hulu Langat Malaysia,3.0225,101.7526
SEKSYEN 15 BANDAR  BARU BANGI Bandar Baru Bangi Hulu Langat Malaysia,2.9614,101.7641
PARKLAND RESIDENCE Bandar Cheras Hulu Langat Malaysia,3.0726,101.7811
PLAZA KASTURI Bandar Cheras Hulu Langat Malaysia,3.089,101.746
RESIDENSI CHERAS SELATAN Bandar Cheras Hulu Langat Malaysia,3.0447,101.7715
TMN MEGAH CHERAS FASA 1A & 2A Bandar Cheras Hulu Langat Malaysia,3.102,101.763
BDR KAJANG Bandar Kajang Hulu Langat Malaysia,2.9933,101.787
SEK 7 BDR BARU BANGI Bandar Kajang Hulu Langat Malaysia,3.0099,101.7546
TAMAN KAJANG PERDANA Bandar Kajang Hulu Langat Malaysia,2.9928,101.7917
TMN BKT MEWAH Bandar Kajang Hulu Langat Malaysia,2.9975,101.7895
BANDAR PUTERI BANGI Beranang Hulu Langat Malaysia,2.9396,101.8566
BDR PUTERI BANGI Beranang Hulu Langat Malaysia,2.9819,101.8757
BDR TASIK KESUMA Beranang Hulu Langat Malaysia,3.1106,101.8711
ECO MAJESTIC Beranang Hulu Langat Malaysia,2.9375,101.8667
BDR SG LONG Cheras Hulu Langat Malaysia,3.0833,101.7467
DAMAI HILLPARK Cheras Hulu Langat Malaysia,3.0775,101.7992
TMN CHERAS PRIMA Kajang Hulu Langat Malaysia,3.0472,101.7546
TMN SEMENYIH RIA Pekan Batu 23 Sg Lalang Hulu Langat Malaysia,2.9803,101.8594
SILK SKY Pekan Cheras Hulu Langat Malaysia,3.0706,101.7493
TAMAN EMAS Pekan Cheras Hulu Langat Malaysia,3.092,101.768
TMN BKT ANGSANA Pekan Cheras Hulu Langat Malaysia,3.0865,101.7419
TMN CHERAS AWANA Pekan Cheras Hulu Langat Malaysia,3.0907,101.7479
TMN KOPERASI MAJU JAYA Pekan Cheras Hulu Langat Malaysia,3.0981,101.7446
TMN ORKID Pekan Cheras Hulu Langat Malaysia,3.075,101.76
TMN SRI TAN MING Pekan Cheras Hulu Langat Malaysia,3.0829,101.7407
DESA SERDANG Pekan Kajang Hulu Langat Malaysia,3.0306,101.7894
PUSAT PERHENTIAN KAJANG Pekan Kajang Hulu Langat Malaysia,3.0301,101.7881
PUSAT PERNIAGAAN DESA RIA Pekan Kajang Hulu Langat Malaysia,3.0035,101.7852
TAMAN SETIA BALAKONG Pekan Kajang Hulu Langat Malaysia,3.0369,101.7896
TMN BALAKONG JAYA Pekan Kajang Hulu Langat Malaysia,3.0204,101.7613
TMN BANGI Pekan Kajang Hulu Langat Malaysia,2.9625,101.7708
TMN IMPIAN INDAH Pekan Kajang Hulu Langat Malaysia,2.9939,101.7892
TMN TANMING RIA Pekan Kajang Hulu Langat Malaysia,3.0145,101.7922
KG SG TANGKAS Pekan Kg Sungai Tangkas Hulu Langat Malaysia,3.0836,101.7679
TAMAN UNIVERSITI Pekan Kg Sungai Tangkas Hulu Langat Malaysia,3.0187,101.7562
ECOHILL WALK Semenyih Hulu Langat Malaysia,3.0138,101.8596
KIARA PLAZA Semenyih Hulu Langat Malaysia,3.0697,101.8598
TMN BKT MEWAH Semenyih Hulu Langat Malaysia,3.0319,101.8686
PRIMA BERUNTUNG Bandar Serendah Hulu Selangor Malaysia,3.399,101.62
BUKIT BERUNTUNG Serendah Hulu Selangor Malaysia,3.3889,101.6172
TAMAN BUNGA RAYA Serendah Hulu Selangor Malaysia,3.3147,101.5906
APARTMENT SERI PELANGI Bandar Kelang Klang Malaysia,3.0335,101.4439
NEW CITY BUSINESS CENTRE Bandar Kelang Klang Malaysia,3.0442,101.4477
PANGSAPURI BUKIT KUDA Bandar Kelang Klang Malaysia,3.0185,101.436
PANGSAPURI SERI PELANGI Bandar Kelang Klang Malaysia,3.0675,101.449
"PELANGI AVENUE, KLANG PARADE Bandar Kelang Klang Malaysia",3.0475,101.4443
TMN BAYU PERDANA Bandar Kelang Klang Malaysia,3.0245,101.4532
TMN TELUK PULAI 2 Bandar Kelang Klang Malaysia,3.0407,101.4498
PLAZA SRI MUDA Bandar Shah Alam Klang Malaysia,3.0667,101.5397
"TMN SRI MUDA, SEK. 25 SHAH ALAM Bandar Shah Alam Klang Malaysia",3.0647,101.5352
"MUTIARA POINT,BDR BUKIT RAJA Kapar Klang Malaysia",3.118,101.475
"PALM GARDEN APARTMENT, BDR BARU KLANG Kapar Klang Malaysia",3.1586,101.4344
TMN AMAN PERDANA Kapar Klang Malaysia,3.1545,101.4099
TMN SEMENTA UTAMA Kapar Klang Malaysia,3.1455,101.4248
ABLELINK SQUARE Kelang Klang Malaysia,3.0333,101.45
AMVERTON GREENS @ BUKIT RIMAU Kelang Klang Malaysia,3.0523,101.5168
BDR ARMADA PUTRA (TAIPAN) Kelang Klang Malaysia,3.0446,101.4457
GRAVIT8 Kelang Klang Malaysia,3.0312,101.45
"IMPIRIA RESIDENSI (THE LEAD), BBT2 Kelang Klang Malaysia",3.0268,101.4499
"MAPLE RESIDENCE, CANARY GARDEN Kelang Klang Malaysia",3.042,101.451
ONE KESAS @ KLANG Kelang Klang Malaysia,3.0458,101.4525
"PANGSAPURI ARANDA, KOTA KEMUNING Kelang Klang Malaysia",3.0289,101.5562
PULAU INDAH INDUSTRIAL PARK Kelang Klang Malaysia,3.0023,101.4018
PUSAT PEMBORONG GM KLANG Kelang Klang Malaysia,3.0444,101.4498
SEK. 21-28 BDR KLANG Kelang Klang Malaysia,3.0329,101.4432
"TAMAN SAUJANA JATI, P/L: 10333 Kelang Klang Malaysia",3.051,101.454
TMN DESA ABLELINK Kelang Klang Malaysia,3.0356,101.4457
TMN DESA IDAMAN 2 Kelang Klang Malaysia,3.0242,101.4548
TMN DESA IDAMAN FASA II Kelang Klang Malaysia,3.0469,101.446
TMN PENDAMAR INDAH Kelang Klang Malaysia,3.0625,101.4517
TMN SEJATI Kelang Klang Malaysia,3.0333,101.45
TMN SENTOSA JAYA Kelang Klang Malaysia,3.037,101.447
TMN SENTOSA PERDANA Kelang Klang Malaysia,3.0479,101.4492
"TMN SENTOSA,  SG. JATI Kelang Klang Malaysia",3.1357,101.4515
TMN SG KLANG (P/L 2505 & 6624) Kelang Klang Malaysia,3.0447,101.4454
TMN SRI ANDALAS Kelang Klang Malaysia,3.0419,101.4468
"TMN SRI MUDA, SEK. 25 SHAH ALAM Kelang Klang Malaysia",3.0647,101.4691
TRIFOLIA@SG JATI Kelang Klang Malaysia,3.038,101.449
KG RAJA UDA Pekan Port Swettenham Klang Malaysia,3.0033,101.393
PELABUHAN KLANG (PRSN RAJA MUDA MUSA) Pekan Port Swettenham Klang Malaysia,3.0,101.4
PLAZA BANTING CENTRAL Bandar Banting Kuala Langat Malaysia,2.8122,101.4984
"TAMAN DATO' HORMAT, TPG Pekan Teluk Kuala Langat Malaysia",2.861,101.458
GAMUDA 25.7 Tanjung 12 Kuala Langat Malaysia,3.039,101.433
38 BIDARA Kuala Lumpur Town Centre Kuala Lumpur Malaysia,3.1529,101.7178
AMAYA MALURI Kuala Lumpur Town Centre Kuala Lumpur Malaysia,3.1528,101.7067
ANG SENG MANSION Kuala Lumpur Town Centre Kuala Lumpur Malaysia,3.1569,101.7124
BERJAYA TIMES SQUARE Kuala Lumpur Town Centre Kuala Lumpur Malaysia,3.1423,101.7102
D' ALAMANDA PUDU IMPIAN IV Kuala Lumpur Town Centre Kuala Lumpur Malaysia,3.1427,101.7193
IMBI PLAZA Kuala Lumpur Town Centre Kuala Lumpur Malaysia,3.1551,101.7078
JALAN IMBI Kuala Lumpur Town Centre Kuala Lumpur Malaysia,3.1478,101.7149
JALAN KANCIL Kuala Lumpur Town Centre Kuala Lumpur Malaysia,3.1498,101.7058
JALAN KELANG LAMA Kuala Lumpur Town Centre Kuala Lumpur Malaysia,3.1469,101.6994
JALAN PADANG WALTER GRENIER Kuala Lumpur Town Centre Kuala Lumpur Malaysia,3.1543,101.7144
JALAN PUDU Kuala Lumpur Town Centre Kuala Lumpur Malaysia,3.1439,101.7077
JALAN RAJA LAUT Kuala Lumpur Town Centre Kuala Lumpur Malaysia,3.1567,101.7015
JALAN SAN PENG Kuala Lumpur Town Centre Kuala Lumpur Malaysia,3.1479,101.7145
JALAN TIONG NAM Kuala Lumpur Town Centre Kuala Lumpur Malaysia,3.1647,101.7059
KAWASAN CHANGKAT BUKIT BINTANG/HICKS Kuala Lumpur Town Centre Kuala Lumpur Malaysia,3.1489,101.7116
KAWASAN JALAN HAJI HUSSAIN Kuala Lumpur Town Centre Kuala Lumpur Malaysia,3.1619,101.7166
KELANG LAMA BUSINESS CETRE Kuala Lumpur Town Centre Kuala Lumpur Malaysia,3.1489,101.709
KENANGA WHOLESALE CITY Kuala Lumpur Town Centre Kuala Lumpur Malaysia,3.1579,101.7118
KL PLAZA Kuala Lumpur Town Centre Kuala Lumpur Malaysia,3.1656,101.7188
KOMPLEKS BERJAYA Kuala Lumpur Town Centre Kuala Lumpur Malaysia,3.1607,101.7192
KOMPLEKS KOTARAYA Kuala Lumpur Town Centre Kuala Lumpur Malaysia,3.1502,101.7122
KOMPLEKS PERTAMA Kuala Lumpur Town Centre Kuala Lumpur Malaysia,3.1606,101.7194
LEGASI Kampung BHARU Kuala Lumpur Town Centre Kuala Lumpur Malaysia,3.1699,101.6976
LORONG MERANTI Kuala Lumpur Town Centre Kuala Lumpur Malaysia,3.1583,101.7146
MENARA BINTANG GOLDHILL Kuala Lumpur Town Centre Kuala Lumpur Malaysia,3.1646,101.7118
MENARA CITY ONE Kuala Lumpur Town Centre Kuala Lumpur Malaysia,3.1734,101.7052
MENARA WARISAN Kuala Lumpur Town Centre Kuala Lumpur Malaysia,3.1578,101.7086
NANYANG GARDEN Kuala Lumpur Town Centre Kuala Lumpur Malaysia,3.1619,101.7084
OFF JALAN CHERAS Kuala Lumpur Town Centre Kuala Lumpur Malaysia,3.1439,101.6993
OFF JALAN KENANGA Kuala Lumpur Town Centre Kuala Lumpur Malaysia,3.1599,101.7159
OFF JALAN LOKE YEW Kuala Lumpur Town Centre Kuala Lumpur Malaysia,3.1412,101.7117
PLAZA GM Kuala Lumpur Town Centre Kuala Lumpur Malaysia,3.1586,101.7131
PUDU IMPIAN 2 - VILA TROPIKA Kuala Lumpur Town Centre Kuala Lumpur Malaysia,3.1577,101.7099
RESIDENSI LAVILE Kuala Lumpur Town Centre Kuala Lumpur Malaysia,3.1625,101.7103
RESIDENSI PANO @ THE PANO Kuala Lumpur Town Centre Kuala Lumpur Malaysia,3.1717,101.7103
RESIDENSI STAR Kuala Lumpur Town Centre Kuala Lumpur Malaysia,3.1606,101.7174
SENTRAL SUITE Kuala Lumpur Town Centre Kuala Lumpur Malaysia,3.1575,101.7095
SERI BUKIT CEYLON Kuala Lumpur Town Centre Kuala Lumpur Malaysia,3.1479,101.7116
SOHO SUITES VIVO Kuala Lumpur Town Centre Kuala Lumpur Malaysia,3.1579,101.7109
SUN COMPLEX Kuala Lumpur Town Centre Kuala Lumpur Malaysia,3.1586,101.7165
SUNGAI WANG PLAZA Kuala Lumpur Town Centre Kuala Lumpur Malaysia,3.1427,101.7119
THE ROBERTSON Kuala Lumpur Town Centre Kuala Lumpur Malaysia,3.1586,101.7123
WISMA HLA/MPI Kuala Lumpur Town Centre Kuala Lumpur Malaysia,3.1556,101.7132
1 SHAMELIN Mukim Ampang Kuala Lumpur Malaysia,3.1203,101.7471
M CITY Mukim Ampang Kuala Lumpur Malaysia,3.1556,101.7568
PLAZA AMPANG CITY Mukim Ampang Kuala Lumpur Malaysia,3.1587,101.7564
PLAZA GCB Mukim Ampang Kuala Lumpur Malaysia,3.1619,101.7417
SENTRIO PANDAN Mukim Ampang Kuala Lumpur Malaysia,3.1348,101.7571
AMANDARI Mukim Batu Kuala Lumpur Malaysia,3.1502,101.7087
BANDAR MANJALARA Mukim Batu Kuala Lumpur Malaysia,3.1722,101.6271
ECO SKY Mukim Batu Kuala Lumpur Malaysia,3.2007,101.7141
FORTUNE AVENUE Mukim Batu Kuala Lumpur Malaysia,3.1907,101.7095
FORTUNE CENTRA Mukim Batu Kuala Lumpur Malaysia,3.2086,101.7123
FORTUNE COURT Mukim Batu Kuala Lumpur Malaysia,3.1735,101.6889
KAMI MONT' KIARA Mukim Batu Kuala Lumpur Malaysia,3.1833,101.642
KB JINJANG UTARA Mukim Batu Kuala Lumpur Malaysia,3.2197,101.7263
KLSC Mukim Batu Kuala Lumpur Malaysia,3.199,101.686
LAKE VILLE RESIDENCE Mukim Batu Kuala Lumpur Malaysia,3.1849,101.6881
MON'T KIARA ASTANA Mukim Batu Kuala Lumpur Malaysia,3.1704,101.6598
OFF JALAN PAHANG Mukim Batu Kuala Lumpur Malaysia,3.1653,101.6986
PRIMA TIARA Mukim Batu Kuala Lumpur Malaysia,3.1922,101.6834
RESIDENSI ARADIA Mukim Batu Kuala Lumpur Malaysia,3.1897,101.6955
RESIDENSI SELAYANG DAMAI (RUMAWIP) Mukim Batu Kuala Lumpur Malaysia,3.2198,101.6696
RESIDENSI UNGGUL SHOP LOTS Mukim Batu Kuala Lumpur Malaysia,3.1925,101.7367
RIMBUNAN AVENUE Mukim Batu Kuala Lumpur Malaysia,3.1831,101.6869
SINAR MAGNA Mukim Batu Kuala Lumpur Malaysia,3.1704,101.6996
SRI INTAN APT Mukim Batu Kuala Lumpur Malaysia,3.2047,101.6654
TAMAN AMAN PUTRA Mukim Batu Kuala Lumpur Malaysia,3.2046,101.6871
TAMAN FADASON Mukim Batu Kuala Lumpur Malaysia,3.2046,101.6957
TAMAN SRI KUCHING Mukim Batu Kuala Lumpur Malaysia,3.1885,101.6739
TAMAN USAHAWAN KEPONG Mukim Batu Kuala Lumpur Malaysia,3.203,101.653
TAMAN WILAYAH SELAYANG Mukim Batu Kuala Lumpur Malaysia,3.2361,101.6567
"VIM 3, DESA PARK NORTH Mukim Batu Kuala Lumpur Malaysia",3.2047,101.6834
BANGUNAN SRI LEMPAH Mukim Kuala Lumpur Kuala Lumpur Malaysia,3.1478,101.688
JALAN CHERAS Mukim Kuala Lumpur Kuala Lumpur Malaysia,3.1344,101.7144
KOMERSIAL VIVO Mukim Kuala Lumpur Kuala Lumpur Malaysia,3.1466,101.6932
METRO PRIMA -SURIA MAGNA Mukim Kuala Lumpur Kuala Lumpur Malaysia,3.1609,101.704
R/PANGSA CHERAS RIA (TAMAN CHERAS UTAMA) Mukim Kuala Lumpur Kuala Lumpur Malaysia,3.0908,101.7397
RESIDENSI M VERTIKA Mukim Kuala Lumpur Kuala Lumpur Malaysia,3.1297,101.7123
SEMANTAN AVENUE Mukim Kuala Lumpur Kuala Lumpur Malaysia,3.159,101.642
SRI PENARA Mukim Kuala Lumpur Kuala Lumpur Malaysia,3.1385,101.6869
TAMAN BUKIT ANGKASA Mukim Kuala Lumpur Kuala Lumpur Malaysia,3.1327,101.6762
TAMAN CHERAS (FORMERLY YULEK HEIGHTS) Mukim Kuala Lumpur Kuala Lumpur Malaysia,3.0865,101.7284
TAMAN CHERAS UTAMA Mukim Kuala Lumpur Kuala Lumpur Malaysia,3.0979,101.7317
TAMAN DESA Mukim Kuala Lumpur Kuala Lumpur Malaysia,3.1039,101.6849
TAMAN TAN YEW LAI Mukim Kuala Lumpur Kuala Lumpur Malaysia,3.067,101.688
THE ROBERTSON Mukim Kuala Lumpur Kuala Lumpur Malaysia,3.1466,101.7092
TIARA MUTIARA Mukim Kuala Lumpur Kuala Lumpur Malaysia,3.1542,101.7026
AURORA SOVO @ BUKIT JALIL Mukim Petaling Kuala Lumpur Malaysia,3.0495,101.6849
BUKIT INDAH Mukim Petaling Kuala Lumpur Malaysia,3.107,101.646
DESA SRI PUTRI Mukim Petaling Kuala Lumpur Malaysia,3.0903,101.7087
ENDAH PARADE Mukim Petaling Kuala Lumpur Malaysia,3.055,101.69
JALAN KUCHAI LAMA Mukim Petaling Kuala Lumpur Malaysia,3.0856,101.6783
KUCHAI BUSINESS PARK Mukim Petaling Kuala Lumpur Malaysia,3.1017,101.625
MAJESTIC MAXIM CHERAS Mukim Petaling Kuala Lumpur Malaysia,3.0678,101.719
MAXIM RESIDENCES Mukim Petaling Kuala Lumpur Malaysia,3.121,101.664
OG HEIGHTS Mukim Petaling Kuala Lumpur Malaysia,3.1025,101.684
PARKLANE OUG SERVICE APARTMENT Mukim Petaling Kuala Lumpur Malaysia,3.0769,101.6668
RESIDENSI JALIL IDAMAN @ TWIN ARKZ Mukim Petaling Kuala Lumpur Malaysia,3.076,101.679
SALAK SOUTH GARDEN Mukim Petaling Kuala Lumpur Malaysia,3.0767,101.6769
SRI RAKYAT APT Mukim Petaling Kuala Lumpur Malaysia,3.0816,101.7006
TAMAN KUCHAI JAYA Mukim Petaling Kuala Lumpur Malaysia,3.099,101.665
TAMAN SRI ENDAH Mukim Petaling Kuala Lumpur Malaysia,3.082,101.659
TAMAN YARL Mukim Petaling Kuala Lumpur Malaysia,3.0967,101.6862
THE LINK 2 @ BUKIT JALIL Mukim Petaling Kuala Lumpur Malaysia,3.0596,101.6919
TIARA MUTIARA Mukim Petaling Kuala Lumpur Malaysia,3.1106,101.6539
TMN CONNAUGHT MARKET CENTRE Mukim Petaling Kuala Lumpur Malaysia,3.1369,101.6848
VERVE SUITES KL SOUTH Mukim Petaling Kuala Lumpur Malaysia,3.0736,101.6668
DANAU KOTA Mukim Setapak Kuala Lumpur Malaysia,3.1889,101.7246
FERA RESIDENCE Mukim Setapak Kuala Lumpur Malaysia,3.1989,101.7237
JALAN SENTUL Mukim Setapak Kuala Lumpur Malaysia,3.194,101.694
KL TRADERS SQUARE RESIDENCES Mukim Setapak Kuala Lumpur Malaysia,3.204,101.703
MAXIM CITILIGHTS Mukim Setapak Kuala Lumpur Malaysia,3.1929,101.7234
METRO GENTING KLANG Mukim Setapak Kuala Lumpur Malaysia,3.207,101.726
MUTIARA GENTING Mukim Setapak Kuala Lumpur Malaysia,3.2236,101.7208
PLAZA CRYSTALVILLE @ SETAPAK Mukim Setapak Kuala Lumpur Malaysia,3.1843,101.7349
PLAZA IDAMAN Mukim Setapak Kuala Lumpur Malaysia,3.1956,101.7221
PLAZA PRIMA Mukim Setapak Kuala Lumpur Malaysia,3.2146,101.7163
SEASONS GARDEN Mukim Setapak Kuala Lumpur Malaysia,3.2,101.735
SENTUL PASAR FLAT Mukim Setapak Kuala Lumpur Malaysia,3.2016,101.7118
SENTUL PERDANA Mukim Setapak Kuala Lumpur Malaysia,3.1985,101.7408
SENTUL POINT @ PUNCAK SENTUL Mukim Setapak Kuala Lumpur Malaysia,3.1879,101.7342
SENTUL POINT SUITE APARTMENTS Mukim Setapak Kuala Lumpur Malaysia,3.1776,101.7339
SENTUL POINT SUITEAPARTMENT Mukim Setapak Kuala Lumpur Malaysia,3.1886,101.7342
SRI SAUJAYA CONDOMINIUM Mukim Setapak Kuala Lumpur Malaysia,3.2018,101.7197
SUNWAY AVILA RESIDENCES Mukim Setapak Kuala Lumpur Malaysia,3.2089,101.7376
TAMAN DATUK SENU Mukim Setapak Kuala Lumpur Malaysia,3.1848,101.7228
THE QUARTZ- LEXA RESIDENSI Mukim Setapak Kuala Lumpur Malaysia,3.191,101.719
WANGSA MERTOVIEW Mukim Setapak Kuala Lumpur Malaysia,3.1937,101.7259
TMN KUALA SELANGOR UTAMA Bandar Kuala Selangor Kuala Selangor Malaysia,3.3405,101.2492
AVENUE D'VOGUE (MENARA INSPIRATION) Bandar Petaling Jaya Petaling Malaysia,3.1136,101.6045
KELANA DAMANSARA SUITE-SS6 KELANA JAYA Bandar Petaling Jaya Petaling Malaysia,3.0994,101.5937
KELANA PARKVIEW Bandar Petaling Jaya Petaling Malaysia,3.1267,101.6088
PELANGI DAMANSARA SENTRAL Bandar Petaling Jaya Petaling Malaysia,3.1061,101.6145
PETALING JAYA SEKSYEN 11 Bandar Petaling Jaya Petaling Malaysia,3.1056,101.6366
PETALING JAYA SEKSYEN 17 Bandar Petaling Jaya Petaling Malaysia,3.1178,101.6302
PETALING JAYA SEKSYEN 19 Bandar Petaling Jaya Petaling Malaysia,3.1085,101.6347
PJ MIDTOWN Bandar Petaling Jaya Petaling Malaysia,3.1079,101.6377
RESIDENSI HIGHPARK - SS6 Bandar Petaling Jaya Petaling Malaysia,3.1049,101.6204
SS 2 PETALING JAYA Bandar Petaling Jaya Petaling Malaysia,3.1073,101.5942
SS 6 GLOMAC SQUARE Bandar Petaling Jaya Petaling Malaysia,3.0996,101.6333
SS 9 PETALING JAYA Bandar Petaling Jaya Petaling Malaysia,3.1073,101.6067
BRUNSFIELD SERVICE APARTMENT Bandar Shah Alam Petaling Malaysia,3.0675,101.4833
DIAN RESIDENCES Bandar Shah Alam Petaling Malaysia,3.0786,101.5234
SRI ACAPPELLA SERV. APART-SEK.13 S ALAM Bandar Shah Alam Petaling Malaysia,3.0738,101.517
VISTA ALAM (SERVICE APARTMENT) Bandar Shah Alam Petaling Malaysia,3.0747,101.5161
(SJCC) LOT 15 - SS 16 SUBANG JAYA Bandar Subang Jaya Petaling Malaysia,3.0668,101.5876
CASA TIARA SERVICE APARTMENT-SS16 S.JAYA Bandar Subang Jaya Petaling Malaysia,3.0779,101.5875
GRAND SUBANG JAYA @ SS15 Bandar Subang Jaya Petaling Malaysia,3.0734,101.5923
SS 13 SUBANG JAYA Bandar Subang Jaya Petaling Malaysia,3.0733,101.5844
"SS 16, SUBANG JAYA Bandar Subang Jaya Petaling Malaysia",3.0518,101.5803
SUBANG PERDANA Bandar Subang Jaya Petaling Malaysia,3.0536,101.5633
THE GRAND SUBANG-SS 13 SUBANG JAYA Bandar Subang Jaya Petaling Malaysia,3.0342,101.5866
CANTARA RESIDENCE @ ARA DAMANSARA Bdr Damansara Petaling Malaysia,3.1139,101.5822
CASA TROPICANA-PJU 3 Bdr Damansara Petaling Malaysia,3.1696,101.6249
DESA MENTARI Bdr Petaling Jaya Selatan Petaling Malaysia,3.0897,101.6405
PJS 2 Bdr Petaling Jaya Selatan Petaling Malaysia,3.0946,101.6621
TAMAN MEDAN Bdr Petaling Jaya Selatan Petaling Malaysia,3.092,101.651
TROPICANA GOLF & COUNTRY RESORT Bdr Sri Damansara Petaling Malaysia,3.1942,101.6246
BOULEVARD SUBANG JAYA-SS12 S.JAYA Bdr Sunway Petaling Malaysia,3.0772,101.5857
GREENFIELD RESIDENCE - PJS 8 Bdr Sunway Petaling Malaysia,3.061,101.616
SUNWAY SOUTH QUAY Bdr Sunway Petaling Malaysia,3.0694,101.6084
TAMAN DESARIA Bdr Sunway Petaling Malaysia,3.0717,101.6096
PANGSAPURI SRI BUDIMAN Bukit Raja Petaling Malaysia,3.106,101.449
TMN BUKIT SUBANG Bukit Raja Petaling Malaysia,3.05,101.45
ALAM IDAMAN Damansara Petaling Malaysia,3.1333,101.6333
ARA PERMATA BUSINESS CENTRE Damansara Petaling Malaysia,3.1507,101.6169
CANTARA RESIDENCE @ ARA DAMANSARA Damansara Petaling Malaysia,3.1287,101.5869
PEKAN SEA PORT Damansara Petaling Malaysia,3.1357,101.6273
PUTRA RESIDENCE-HT5Q Damansara Petaling Malaysia,3.1303,101.6251
SURIA JELUTONG Damansara Petaling Malaysia,3.123,101.641
TAMAN BUKIT PELANGI Damansara Petaling Malaysia,3.1409,101.6421
TMN SUBANG MAS Damansara Petaling Malaysia,3.139,101.6167
D'SARA SENTRAL @ SUNGAI BULOH Pekan Baru Sg Buluh Petaling Malaysia,3.2028,101.5608
"TMN SAINS SELANGOR, KOTA DAMANSARA Pekan Baru Sg Buluh Petaling Malaysia",3.157,101.586
BDR PUCHONG JAYA Pekan Desa Puchong Petaling Malaysia,3.0148,101.6167
TMN SRI PUCHONG Pekan Desa Puchong Petaling Malaysia,3.0419,101.6125
TEN KINRARA RESIDENCE Pekan Kinrara Petaling Malaysia,3.0543,101.6398
SUNWAY PERDANA Pekan Penaga Petaling Malaysia,3.01,101.58
SUNWAY PERDANA (LAGOON PERDANA) Pekan Penaga Petaling Malaysia,3.0729,101.5468
TAMAN KINRARA SEKSYEN 1 Pekan Puchong Jaya Petaling Malaysia,3.0445,101.623
TMN MAWAR Pekan Puchong Jaya Petaling Malaysia,3.0333,101.6333
TAMAN PERINDUSTRIAN MAJU JAYA Pekan Puchong Perdana Petaling Malaysia,3.0275,101.6228
TAMAN PUCHONG PERDANA Pekan Puchong Perdana Petaling Malaysia,3.0207,101.6181
TMN PUCHONG INDAH Pekan Puchong Perdana Petaling Malaysia,3.0148,101.6072
TMN PUCHONG INTAN Pekan Puchong Perdana Petaling Malaysia,3.0345,101.6006
BKT SRI SERDANG LIGHT IND. Pekan Serdang Petaling Malaysia,3.0578,101.6951
SK ONE RESIDENCE Pekan Serdang Petaling Malaysia,3.0216,101.7164
SOUTH CITY SERVICE APARTMENT Pekan Serdang Petaling Malaysia,3.0223,101.7132
TAMAN SERDANG JAYA Pekan Serdang Petaling Malaysia,2.9511,101.7164
TAMAN SERDANG RAYA - SEKSYEN 3 Pekan Serdang Petaling Malaysia,3.0046,101.7049
TAMAN UNIVERSITI INDAH Pekan Serdang Petaling Malaysia,3.0144,101.6169
TMN BKT SERDANG SEK. 4 Pekan Serdang Petaling Malaysia,3.0115,101.6177
TMN PUTRA INDAH Pekan Serdang Petaling Malaysia,3.0047,101.7305
TMN SERDANG PERDANA Pekan Serdang Petaling Malaysia,3.0368,101.7178
ZETA RESIDENCE @ ONE SOUTH Pekan Serdang Petaling Malaysia,3.0089,101.6999
IMPIAN MERIDIAN SERVICE APT-USJ 1 Pekan Subang Jaya Petaling Malaysia,3.0846,101.5831
KENWINGSTON - USJ 1 Pekan Subang Jaya Petaling Malaysia,3.0213,101.5859
SUBANG PERDANA Pekan Subang Jaya Petaling Malaysia,3.0509,101.5621
THE SUMMIT USJ Pekan Subang Jaya Petaling Malaysia,3.0608,101.5888
USJ 1 Pekan Subang Jaya Petaling Malaysia,3.0486,101.5808
USJ 14 Pekan Subang Jaya Petaling Malaysia,3.0408,101.5808
USJ 16 Pekan Subang Jaya Petaling Malaysia,3.0566,101.5923
USJ 19 Pekan Subang Jaya Petaling Malaysia,3.0543,101.5898
BDR BUKIT PUCHONG Petaling Petaling Malaysia,3.0436,101.6215
BKT SRI SERDANG LIGHT IND. Petaling Petaling Malaysia,3.0483,101.7181
EQUINE RESIDENCE Petaling Petaling Malaysia,3.0815,101.6079
LESTARI PUCHONG (FASA 6E) - SERI ANGSANA Petaling Petaling Malaysia,3.0445,101.629
PUSAT BDR PUCHONG Petaling Petaling Malaysia,3.0197,101.6134
TAMAN BUKIT SERDANG SEK 10 Petaling Petaling Malaysia,3.0379,101.6906
TAMAN KINRARA SEKSYEN 4 Petaling Petaling Malaysia,3.0179,101.6453
TAMAN KOTA PERDANA Petaling Petaling Malaysia,3.0309,101.5768
TAMAN LESTARI PUCHONG Petaling Petaling Malaysia,3.035,101.616
TAMAN SAUJANA PUCHONG Petaling Petaling Malaysia,3.0049,101.6194
TAMAN SRI SERDANG Petaling Petaling Malaysia,3.0044,101.7108
THE CRUISE RESIDENCE Petaling Petaling Malaysia,3.0984,101.7368
TMN BKT SERDANG SEK. 11 & 16 Petaling Petaling Malaysia,3.0429,101.5833
TMN KOTA PERDANA Petaling Petaling Malaysia,3.0009,101.6188
TMN LESTARI PERDANA Petaling Petaling Malaysia,3.117813,101.666102
TMN SERDANG PERDANA Petaling Petaling Malaysia,3.0746,101.518
ZENOPY RESIDENCES Petaling Petaling Malaysia,3.0717,101.6067
FLORA DAMANSARA Sungai Buluh Petaling Malaysia,3.189,101.582
PRIMA DAMANSARA Sungai Buluh Petaling Malaysia,3.1683,101.5889
RESIDENSI DAMAI MERIAH (THE ZIZZ) Sungai Buluh Petaling Malaysia,3.2058,101.5689
SAUJANA DAMANSARA Sungai Buluh Petaling Malaysia,3.1667,101.5833
SUBANG IMPIAN Sungai Buluh Petaling Malaysia,3.209,101.545
SUBANG PERDANA Sungai Buluh Petaling Malaysia,3.198,101.584
"SEKINCHAN SITE A, B & C Pekan Sekinchan Sabak Bernam Malaysia",3.4249,101.0998
CBD PERDANA (CYBERJAYA) Bandar Cyberjaya Sepang Malaysia,2.9264,101.6538
CYBERJAYA (SHAFTSBURY) Bandar Cyberjaya Sepang Malaysia,2.9204,101.6553
CYBERSQUARE SOHO @ CYBERJAYA Bandar Cyberjaya Sepang Malaysia,2.9185,101.6537
KENWINGSTON RESIDENCE @ SQUARE GARDEN Bandar Cyberjaya Sepang Malaysia,2.9233,101.6568
SELANGORKU PR1MA LAKEFRONT HOMES Bandar Cyberjaya Sepang Malaysia,2.9243,101.6671
DE' CENTRUM Bdr Baru Bangi Sepang Malaysia,3.0969,101.733
BANDAR 16 SIERRA Dengkil Sepang Malaysia,2.8228,101.5153
CYBER VALLEY COMMERCIAL CENTRE Dengkil Sepang Malaysia,2.8288,101.6742
CYBERJAYA (GARDEN PLAZA-SERVICE APT) Dengkil Sepang Malaysia,2.9233,101.6531
CYBERJAYA (SHAFTSBURY) Dengkil Sepang Malaysia,2.922,101.656
HORIZON SUITES Dengkil Sepang Malaysia,2.8199,101.6946
KIP SENTRAL KOTA WARISAN Dengkil Sepang Malaysia,2.8239,101.7067
KOTA WARISAN - CORE SOHO SUITES Dengkil Sepang Malaysia,2.8306,101.6998
SOUTHVILLE CITY(SAVANNA EXECUTIVE SUITE) Dengkil Sepang Malaysia,2.877,101.627
TMN KENANGA(SALAK PERDANA BUSINESS PARK) Dengkil Sepang Malaysia,2.9206,101.6542
TMN SALAK PERDANA Dengkil Sepang Malaysia,2.8335,101.6526
PUSAT PERNIAGAAN GEMILANG Pekan Baru Salak Tinggi Sepang Malaysia,2.8,101.693
TMN BAIDURI (DENGKIL) Pekan Dengkil Sepang Malaysia,2.8149,101.6672
TMN DENGKIL Pekan Dengkil Sepang Malaysia,2.8368,101.6667
ARC @ AMPANG UKAY Bandar Hulu Kelang Gombak Malaysia,3.1745,101.7901
SERINI MELAWATI Bandar Hulu Kelang Gombak Malaysia,3.171,101.76
TAMAN MELAWATI Bandar Hulu Kelang Gombak Malaysia,3.2373,101.7569
DATARAN EMERALD Bandar Selayang Gombak Malaysia,3.2347,101.6389
RES 280 Bandar Selayang Gombak Malaysia,3.237,101.676
URBAN 360 Bandar Selayang Gombak Malaysia,3.2366,101.6544
EVO SOHO SUITES BANGI Bandar Baru Bangi Hulu Langat Malaysia,2.9627,101.7839
SYMPHONY TOWER Pekan Kajang Hulu Langat Malaysia,3.0325,101.7908
RESIDENSI RIMBUN CANOPY HILLS Pekan Kg Sungai Tangkas Hulu Langat Malaysia,3.0583,101.8012
MENARA SOHO Kuala Lumpur Town Centre Kuala Lumpur Malaysia,3.1598,101.7156
NEU SUITES @3RD NVENUE Kuala Lumpur Town Centre Kuala Lumpur Malaysia,3.1623,101.7121
PLATINUM SUITES Kuala Lumpur Town Centre Kuala Lumpur Malaysia,3.1617,101.7158
WISMA INFINITUM Kuala Lumpur Town Centre Kuala Lumpur Malaysia,3.1646,101.7083
CENTRIO PANTAI HILL PARK (SOHO) Mukim Kuala Lumpur Kuala Lumpur Malaysia,3.1829,101.7156
RESIDENSI ERA NOVUM Mukim Kuala Lumpur Kuala Lumpur Malaysia,3.1583,101.7185
RESIDENSI RIMBA PANTAI DALAM Mukim Kuala Lumpur Kuala Lumpur Malaysia,3.1116,101.6797
THE SCOTT GARDEN Mukim Kuala Lumpur Kuala Lumpur Malaysia,3.1517,101.7126
THE SIGNATURE DESA SRI HARTAMAS Mukim Kuala Lumpur Kuala Lumpur Malaysia,3.1696,101.653
CENTRAL RESIDENSI @ SURIA SG BESI Mukim Petaling Kuala Lumpur Malaysia,3.0549,101.7117
TMN ALAM DAMAI (DAMAI NIAGA) Mukim Petaling Kuala Lumpur Malaysia,3.0766,101.7438
ATRIA SOFO SUITES-SS2 D'SARA JAYA Bandar Petaling Jaya Petaling Malaysia,3.1333,101.6333
BOULEVERD 51 - SEK.51 Bandar Petaling Jaya Petaling Malaysia,3.0999,101.6435
SS 5 PETALING JAYA Bandar Petaling Jaya Petaling Malaysia,3.1073,101.6067
SS 8 PETALING JAYA Bandar Petaling Jaya Petaling Malaysia,3.1073,101.6067
I-SOHO (I-CITY) SEKSYEN 7 SHAH ALAM Bandar Shah Alam Petaling Malaysia,3.0777,101.5141
I-SUITE (I-SOHO @ I-CITY) Bandar Shah Alam Petaling Malaysia,3.0726,101.5116
SURIA JAYA E-SOFO Bandar Shah Alam Petaling Malaysia,3.0833,101.5333
LUMI TROPICANA - PJU 3 Bdr Damansara Petaling Malaysia,3.128,101.63
ARMANI SOHO Bdr Glenmarie Petaling Malaysia,3.0999,101.5913
THE GLENZ @ GLENMARIE Bdr Glenmarie Petaling Malaysia,3.0717,101.5859
DENAI 128 HABITUS Bukit Raja Petaling Malaysia,3.086,101.453
SUNSURIA FORUM - BDR SETIA ALAM Bukit Raja Petaling Malaysia,3.1027,101.4551
TREFOIL (SOFO) Bukit Raja Petaling Malaysia,3.0907,101.4833
ARMANI SOHO Damansara Petaling Malaysia,3.1422,101.6256
AVENUE CREST-SEK 22 SHAH ALAM Damansara Petaling Malaysia,3.0717,101.5167
H20 @ ARA DAMANSARA Damansara Petaling Malaysia,3.129,101.548
MENARA GENO Damansara Petaling Malaysia,3.1396,101.6167
UTROPOLIS SERVICE APARTMENT Damansara Petaling Malaysia,3.1237,101.6108
COVA SQUARE (SOHO)-KOTA D'SARA Pekan Baru Sg Buluh Petaling Malaysia,3.215,101.566
DATARAN PRESTIJ (SOVO)-U19 Pekan Baru Sg Buluh Petaling Malaysia,3.2056,101.6024
SUNWAY NEXIS - PJU 5 Pekan Baru Sg Buluh Petaling Malaysia,3.1913,101.5839
SUBANG SOHO (ONE SOHO)-SS16 S.JAYA Pekan Country Heights Petaling Malaysia,3.075,101.568
UNION SUITES Pekan Penaga Petaling Malaysia,3.0383,101.5856
ONE SOUTH SOHO Pekan Serdang Petaling Malaysia,3.0718,101.7177
3 ELEMENTS-SERI KEMBANGAN Petaling Petaling Malaysia,3.119,101.65
RESIDENSI AMANI - PUCHONG HARTAMAS Petaling Petaling Malaysia,3.0389,101.6214
DK IMPIAN BDR PINGGIRAN SBG Sungai Buluh Petaling Malaysia,3.2167,101.5833
EMPIRE D'SARA (SOHO)-BDR D'SARA PERDANA Sungai Buluh Petaling Malaysia,3.145,101.606
CYBERJAYA (SHAFTSBURY-SERVICE APT) Bandar Cyberjaya Sepang Malaysia,2.9246,101.6564
CYBERJAYA (SOLSTICE RESIDENCE) Bandar Cyberjaya Sepang Malaysia,2.9305,101.6529
PARAGON PAN'GAEA @ CYBERJAYA Bandar Cyberjaya Sepang Malaysia,2.9272,101.6517
THIRD AVENUE @ CYBERJAYA Bandar Cyberjaya Sepang Malaysia,2.9266,101.6529
CYBERJAYA Dengkil Sepang Malaysia,2.9224,101.6559
CYBERJAYA(ECLIPSE RESIDENCE-SERVICE APT) Dengkil Sepang Malaysia,2.9216,101.6594
IOI RESORT (DENGKIL) Dengkil Sepang Malaysia,2.8783,101.6939
KENWINGSTON RESIDENCE @ SQUARE GARDEN Dengkil Sepang Malaysia,2.8356,101.6643
KITA IMPIAN @ CYBERSOUTH Dengkil Sepang Malaysia,2.8776,101.5769
PRIMERA SUITE Dengkil Sepang Malaysia,2.8107,101.6672
JALAN 5 KAWASAN PERINDUSTRIAN TMN EHSAN KEPONG Bandar Kepong Gombak Malaysia,3.2147,101.6578
JALAN 10 KAWASAN PERINDUSTRIAN TMN EHSAN KEPONG Bandar Kepong Gombak Malaysia,3.2167,101.6667
JALAN 18 KAWASAN PERINDUSTRIAN TMN EHSAN KEPONG Bandar Kepong Gombak Malaysia,3.1975,101.6539
JALAN 20 KAWASAN PERINDUSTRIAN TMN EHSAN KEPONG Bandar Kepong Gombak Malaysia,3.2208,101.6528
JALAN 22 KAWASAN PERINDUSTRIAN TMN EHSAN KEPONG Bandar Kepong Gombak Malaysia,3.214,101.649
JLN 20 KAWASAN PERINDUSTRIAN TMN EHSAN KEPONG Bandar Kepong Gombak Malaysia,3.221,101.636
JLN 22 KAWASAN PERINDUSTRIAN TMN EHSAN KEPONG Bandar Kepong Gombak Malaysia,3.2306,101.6765
TMN PERINDUST EHSAN JAYA KAWASAN PERINDUSTRIAN TMN EHSAN KEPONG Bandar Kepong Gombak Malaysia,3.2246,101.6424
JALAN 6 KEPONG LIGHT INDUSTRIAL PARK Bandar Kepong Gombak Malaysia,3.2055,101.6385
JALAN 20 KEPONG LIGHT INDUSTRIAL PARK Bandar Kepong Gombak Malaysia,3.2109,101.6378
JALAN 5 KEPONG LIGHT INDUSTRIAL PARK Bandar Kepong Gombak Malaysia,3.2146,101.6384
JALAN 7 KEPONG LIGHT INDUSTRIAL PARK Bandar Kepong Gombak Malaysia,3.231,101.649
JALAN 8 KEPONG LIGHT INDUSTRIAL PARK Bandar Kepong Gombak Malaysia,3.2225,101.6372
JALAN 10 KEPONG LIGHT INDUSTRIAL PARK Bandar Kepong Gombak Malaysia,3.2222,101.6528
JALAN 12 KEPONG LIGHT INDUSTRIAL PARK Bandar Kepong Gombak Malaysia,3.2025,101.6508
JALAN 14 KEPONG LIGHT INDUSTRIAL PARK Bandar Kepong Gombak Malaysia,3.219,101.636
JALAN 22 KEPONG LIGHT INDUSTRIAL PARK Bandar Kepong Gombak Malaysia,3.2266,101.6767
JLN 7 KEPONG LIGHT INDUSTRIAL PARK Bandar Kepong Gombak Malaysia,3.201,101.639
JLN 16 KEPONG LIGHT INDUSTRIAL PARK Bandar Kepong Gombak Malaysia,3.1985,101.6339
JLN 22 KEPONG LIGHT INDUSTRIAL PARK Bandar Kepong Gombak Malaysia,3.218,101.635
KEPONG LIGHT IND KEPONG LIGHT INDUSTRIAL PARK Bandar Kepong Gombak Malaysia,3.215,101.633
JALAN KIP 4 MEDA INDUSTRIAL PARK Bandar Kepong Gombak Malaysia,3.2145,101.6637
JALAN KIP 5 MEDA INDUSTRIAL PARK Bandar Kepong Gombak Malaysia,3.2268,101.6769
JALAN KIP 6 MEDA INDUSTRIAL PARK Bandar Kepong Gombak Malaysia,3.2157,101.6635
JALAN KIP 8 MEDA INDUSTRIAL PARK Bandar Kepong Gombak Malaysia,3.1947,101.6954
JALAN KIP 9 MEDA INDUSTRIAL PARK Bandar Kepong Gombak Malaysia,3.205,101.629
JLN KIP 5 MEDA INDUSTRIAL PARK Bandar Kepong Gombak Malaysia,3.2195,101.6948
JALAN TAGO 5 TAGO BUSINESS PARK Bandar Kepong Gombak Malaysia,3.2069,101.7047
JALAN TAGO 6 TAGO BUSINESS PARK Bandar Kepong Gombak Malaysia,3.2508,101.6863
JALAN TAGO 7 TAGO BUSINESS PARK Bandar Kepong Gombak Malaysia,3.2246,101.6658
JALAN TAGO 11 TAGO BUSINESS PARK Bandar Kepong Gombak Malaysia,3.2296,101.6524
JALAN TAGO 12 TAGO BUSINESS PARK Bandar Kepong Gombak Malaysia,3.2057,101.7207
JLN TAGO 5 TAGO BUSINESS PARK Bandar Kepong Gombak Malaysia,3.2379,101.6406
JLN TAGO 6 TAGO BUSINESS PARK Bandar Kepong Gombak Malaysia,3.2445,101.6765
JLN TAGO 10 TAGO BUSINESS PARK Bandar Kepong Gombak Malaysia,3.215,101.728
JLN TAGO 12 TAGO BUSINESS PARK Bandar Kepong Gombak Malaysia,3.2448,101.6835
JALAN SERI EHSAN 9 TAMAN SRI EHSAN Bandar Kepong Gombak Malaysia,3.2435,101.6552
JALAN SRI EHSAN 1 TAMAN SRI EHSAN Bandar Kepong Gombak Malaysia,3.205,101.65
JALAN SRI EHSAN 2 TAMAN SRI EHSAN Bandar Kepong Gombak Malaysia,3.225,101.649
JALAN SRI EHSAN 3 TAMAN SRI EHSAN Bandar Kepong Gombak Malaysia,3.2236,101.6627
JALAN SRI EHSAN 7 TAMAN SRI EHSAN Bandar Kepong Gombak Malaysia,3.2389,101.634
JALAN SRI EHSAN 9 TAMAN SRI EHSAN Bandar Kepong Gombak Malaysia,3.2376,101.6539
JALAN STI EHSAN 7 TAMAN SRI EHSAN Bandar Kepong Gombak Malaysia,3.2065,101.6603
JALN SRI EHSAN 3 TAMAN SRI EHSAN Bandar Kepong Gombak Malaysia,3.2005,101.6485
JLN SRI EHSAN 7 TAMAN SRI EHSAN Bandar Kepong Gombak Malaysia,3.2107,101.6789
JLN SRI EHSAN 9 TAMAN SRI EHSAN Bandar Kepong Gombak Malaysia,3.2033,101.6826
JALAN KPK 1/8 KUNDANG INDUSTRIAL PARK Bandar Kundang Gombak Malaysia,3.2065,101.5149
JALANKPK 1/7 KUNDANG JAYA Bandar Kundang Gombak Malaysia,3.278,101.552
JALAN PENAGA TAMAN PERIND TEKN RAWANG Bandar Kundang Gombak Malaysia,3.3195,101.5845
JALAN RAMIN TAMAN PERIND TEKN RAWANG Bandar Kundang Gombak Malaysia,3.3309,101.5748
JALAN VELOX 2 TAMAN VELOX RAWANG Bandar Kundang Gombak Malaysia,3.3535,101.604
JALAN 5 GREATYEAR CAPITAL IND PARK Bandar Rawang Gombak Malaysia,3.3053,101.5167
JALAN PERUSAHAAN 3/2 KAWASAN PERUSAHAAN BATU 20 Bandar Rawang Gombak Malaysia,3.324,101.58
JALAN RP-A TAMAN RAWANG PERDANA Bandar Rawang Gombak Malaysia,3.321,101.575
JALAN SESAMA KAW PERUSAHAAN RINGAN BATU CAVES Bandar Selayang Gombak Malaysia,3.237,101.684
JLN PERUSAHAAN RINGAN 1 KAW PERUSAHAAN RINGAN BATU CAVES Bandar Selayang Gombak Malaysia,3.2426,101.6914
LORONG PERUSAHAAN RINGAN 1 KAW PERUSAHAAN RINGAN BATU CAVES Bandar Selayang Gombak Malaysia,3.2372,101.6737
JALAN TIB 1/11 KAWASAN INDUSTRIAL BOLTON Bandar Selayang Gombak Malaysia,3.242,101.675
JALAN 3/1 KAWASAN INDUSTRIAL BOLTON Bandar Selayang Gombak Malaysia,3.233,101.651
JALAN TIB 1/1 KAWASAN INDUSTRIAL BOLTON Bandar Selayang Gombak Malaysia,3.2388,101.6525
JALAN TIB 1/3 KAWASAN INDUSTRIAL BOLTON Bandar Selayang Gombak Malaysia,3.242,101.65
JALAN TIB 1/4 KAWASAN INDUSTRIAL BOLTON Bandar Selayang Gombak Malaysia,3.2667,101.6567
JALAN TIB 1/7 KAWASAN INDUSTRIAL BOLTON Bandar Selayang Gombak Malaysia,3.2456,101.6688
JALAN TIB 1/9 KAWASAN INDUSTRIAL BOLTON Bandar Selayang Gombak Malaysia,3.238,101.657
JALAN TIB 1/17 KAWASAN INDUSTRIAL BOLTON Bandar Selayang Gombak Malaysia,3.2583,101.6529
JALAN TIB 1/19 KAWASAN INDUSTRIAL BOLTON Bandar Selayang Gombak Malaysia,3.251,101.69
JALAN TIB 3/1 KAWASAN INDUSTRIAL BOLTON Bandar Selayang Gombak Malaysia,3.225,101.649
JALAN TIB 3/3 KAWASAN INDUSTRIAL BOLTON Bandar Selayang Gombak Malaysia,3.237,101.68
JALAN TIB 3/5 KAWASAN INDUSTRIAL BOLTON Bandar Selayang Gombak Malaysia,3.257,101.657
JLN T1B 1/2 KAWASAN INDUSTRIAL BOLTON Bandar Selayang Gombak Malaysia,3.2566,101.6561
JALAN BCU 3 KAWASAN PERINDUSTRIAN BATU CAVES UTARA Bandar Selayang Gombak Malaysia,3.236,101.682
JLAN BCU 3 KAWASAN PERINDUSTRIAN BATU CAVES UTARA Bandar Selayang Gombak Malaysia,3.2325,101.6715
OFF JLN BATU CAVES - SUNGAI TUA KAWASAN PERINDUSTRIAN BATU CAVES UTARA Bandar Selayang Gombak Malaysia,3.2455,101.6758
JALAN INDAH 10A KAWASAN PERINDUSTRIAN SELAYANG INDAH Bandar Selayang Gombak Malaysia,3.2089,101.6545
JALAN INDAH 10C KAWASAN PERINDUSTRIAN SELAYANG INDAH Bandar Selayang Gombak Malaysia,3.2389,101.6382
JALAN INDAH 10D KAWASAN PERINDUSTRIAN SELAYANG INDAH Bandar Selayang Gombak Malaysia,3.2776,101.6479
JLN 7 KEPONG LIGHT INDUSTRIAL PARK Bandar Selayang Gombak Malaysia,3.239,101.645
LORONG PERUSAHAAN 1 KIMPAL INDUSTRIAL PARK Bandar Selayang Gombak Malaysia,3.2367,101.6581
LORONG PERUSAHAAN 2 KIMPAL INDUSTRIAL PARK Bandar Selayang Gombak Malaysia,3.2185,101.6535
LORONG PERUSAHAAN 4 KIMPAL INDUSTRIAL PARK Bandar Selayang Gombak Malaysia,3.2147,101.6545
JALAN SAMUDERA BARAT 1 SAMUDRA INDUSTRIAL PARK Bandar Selayang Gombak Malaysia,3.2217,101.6785
JALAN SAMUDRA BARAT SAMUDRA INDUSTRIAL PARK Bandar Selayang Gombak Malaysia,3.227,101.651
JALAN SAMUDRA BARAT 1 SAMUDRA INDUSTRIAL PARK Bandar Selayang Gombak Malaysia,3.2333,101.6833
JALAN SAMUDRA BARAT 2 SAMUDRA INDUSTRIAL PARK Bandar Selayang Gombak Malaysia,3.2503,101.6401
JALAN IST 1 SG TUA INDUSTRIAL PARK Bandar Selayang Gombak Malaysia,3.249,101.665
JALAN SG TUA SG TUA INDUSTRIAL PARK Bandar Selayang Gombak Malaysia,3.2347,101.6559
JLN IST 1 SG TUA INDUSTRIAL PARK Bandar Selayang Gombak Malaysia,3.207,101.647
JALAN BIDARA 1 TAMAN BIDARA Bandar Selayang Gombak Malaysia,3.2504,101.6496
JALAN BIDARA 2/4 TAMAN BIDARA Bandar Selayang Gombak Malaysia,3.2415,101.6608
JALAN BIDARA 2/6 TAMAN BIDARA Bandar Selayang Gombak Malaysia,3.2385,101.6581
JALAN DBP TAMAN INDUSTRI DOLOMITE Bandar Selayang Gombak Malaysia,3.2497,101.6824
JALAN DBP 1 TAMAN INDUSTRI DOLOMITE Bandar Selayang Gombak Malaysia,3.225,101.648
JALAN DBP 3 TAMAN INDUSTRI DOLOMITE Bandar Selayang Gombak Malaysia,3.2445,101.643
JALAN SU 22 TAMAN SELAYANG UTAMA Bandar Selayang Gombak Malaysia,3.25,101.656
JALAN SU 24 TAMAN SELAYANG UTAMA Bandar Selayang Gombak Malaysia,3.2349,101.6519
JALAN SU 26 TAMAN SELAYANG UTAMA Bandar Selayang Gombak Malaysia,3.2306,101.6484
JALAN SU 27 TAMAN SELAYANG UTAMA Bandar Selayang Gombak Malaysia,3.2367,101.6522
JALAN SU 28 TAMAN SELAYANG UTAMA Bandar Selayang Gombak Malaysia,3.2574,101.6528
JALAN SBC 6 TAMAN SRI BATU CAVES Bandar Selayang Gombak Malaysia,3.2377,101.6846
JALAN SBC 7 TAMAN SRI BATU CAVES Bandar Selayang Gombak Malaysia,3.2388,101.6827
JALAN SBC 10 TAMAN SRI BATU CAVES Bandar Selayang Gombak Malaysia,3.2216,101.6619
JLN SBC 7 TAMAN SRI BATU CAVES Bandar Selayang Gombak Malaysia,3.2356,101.6768
JLN SBC 9 TAMAN SRI BATU CAVES Bandar Selayang Gombak Malaysia,3.2231,101.6832
JALAN IPP Kampung DESA AMAN Bandar Sungai Buloh Gombak Malaysia,3.197,101.574
JALAN MIVO 1 MIVO INDUSTRIAL AVENUE Bandar Sungai Buloh Gombak Malaysia,3.2065,101.5808
JLN MIVO 1 MIVO INDUSTRIAL AVENUE Bandar Sungai Buloh Gombak Malaysia,3.2078,101.5767
PERSIARAN KIP UTAMA MIVO INDUSTRIAL AVENUE Bandar Sungai Buloh Gombak Malaysia,3.2225,101.5772
JALAN 1 KEPONG LIGHT INDUSTRIAL PARK Batu Gombak Malaysia,3.2139,101.6508
JALAN 6 KEPONG LIGHT INDUSTRIAL PARK Batu Gombak Malaysia,3.205,101.653
JALAN 8 KEPONG LIGHT INDUSTRIAL PARK Batu Gombak Malaysia,3.195,101.647
JALAN 12 KEPONG LIGHT INDUSTRIAL PARK Batu Gombak Malaysia,3.2211,101.6756
JALAN 16 KEPONG LIGHT INDUSTRIAL PARK Batu Gombak Malaysia,3.2086,101.6478
JLN 16 KEPONG LIGHT INDUSTRIAL PARK Batu Gombak Malaysia,3.1833,101.6333
JALAN PS 3 PRIMA SELAYANG Batu Gombak Malaysia,3.2566,101.6948
JALAN PS 4/1 PRIMA SELAYANG Batu Gombak Malaysia,3.2292,101.7198
PRIMA SELAYANG 3 PRIMA SELAYANG Batu Gombak Malaysia,3.2181,101.7219
JALAN BIDARA 2/4 TAMAN BIDARA Batu Gombak Malaysia,3.2435,101.7238
JALAN SBC 8 TAMAN SRI BATU CAVES Batu Gombak Malaysia,3.238,101.677
JLN SBC 5 TAMAN SRI BATU CAVES Batu Gombak Malaysia,3.2341,101.6734
JLN SBC 6 TAMAN SRI BATU CAVES Batu Gombak Malaysia,3.2321,101.7064
JLN SBC 8 TAMAN SRI BATU CAVES Batu Gombak Malaysia,3.2333,101.6833
JALAN  S B JAYA 9 TAMAN INDUSTRI S P JAYA SUNGAI BULOH Pekan Sungai Buloh Gombak Malaysia,3.2167,101.5667
JALAN SB JAYA 3 TAMAN INDUSTRI S P JAYA SUNGAI BULOH Pekan Sungai Buloh Gombak Malaysia,3.214,101.572
JALAN SB JAYA 5 TAMAN INDUSTRI S P JAYA SUNGAI BULOH Pekan Sungai Buloh Gombak Malaysia,3.205,101.56
JALAN SB JAYA 7 TAMAN INDUSTRI S P JAYA SUNGAI BULOH Pekan Sungai Buloh Gombak Malaysia,3.1948,101.5764
JALAN SB JAYA 9 TAMAN INDUSTRI S P JAYA SUNGAI BULOH Pekan Sungai Buloh Gombak Malaysia,3.1929,101.5342
JLN  SB JAYA 5 TAMAN INDUSTRI S P JAYA SUNGAI BULOH Pekan Sungai Buloh Gombak Malaysia,3.1924,101.5701
JALAN SB JAYA 1 TAMAN INDUSTRI SB JAYA SUNGAI BULOH Pekan Sungai Buloh Gombak Malaysia,3.2205,101.5718
JALAN SB JAYA 3 TAMAN INDUSTRI SB JAYA SUNGAI BULOH Pekan Sungai Buloh Gombak Malaysia,3.196,101.562
JALAN SB JAYA  5 TAMAN INDUSTRI SB JAYA SUNGAI BULOH Pekan Sungai Buloh Gombak Malaysia,3.2219,101.5365
JALAN SB JAYA 5 TAMAN INDUSTRI SB JAYA SUNGAI BULOH Pekan Sungai Buloh Gombak Malaysia,3.2238,101.5763
JALAN SB JAYA 7 TAMAN INDUSTRI SB JAYA SUNGAI BULOH Pekan Sungai Buloh Gombak Malaysia,3.2069,101.5567
JALAN 1 GREATYEAR CAPITAL IND PARK Rawang Gombak Malaysia,3.3232,101.5767
JALAN 2 GREATYEAR CAPITAL IND PARK Rawang Gombak Malaysia,3.3483,101.5526
JALAN 3 GREATYEAR CAPITAL IND PARK Rawang Gombak Malaysia,3.321,101.575
JALAN 4 GREATYEAR CAPITAL IND PARK Rawang Gombak Malaysia,3.299,101.575
JALAN BJ 2 RAWANG GREATWAY INDUSTRIAL PARK Rawang Gombak Malaysia,3.3225,101.5795
JALAN BJ 5 RAWANG GREATWAY INDUSTRIAL PARK Rawang Gombak Malaysia,3.3183,101.5508
JALAN BJ 6 RAWANG GREATWAY INDUSTRIAL PARK Rawang Gombak Malaysia,3.3185,101.5862
JALAN BJ 7 RAWANG GREATWAY INDUSTRIAL PARK Rawang Gombak Malaysia,3.3275,101.575
JALAN INDAH 1/2 TAMAN INDUSTRI RAWANG INDAH BT 17 Rawang Gombak Malaysia,3.3125,101.549
JALAN KRI 2 TAMAN RAWANG IDAMAN Rawang Gombak Malaysia,3.3107,101.5722
JALAN KRI 1 TAMAN RAWANG IDAMAN Rawang Gombak Malaysia,3.3715,101.5668
JALAN KRI 5 TAMAN RAWANG IDAMAN Rawang Gombak Malaysia,3.3209,101.5639
JALAN KRI 6 TAMAN RAWANG IDAMAN Rawang Gombak Malaysia,3.3196,101.5804
JLN PANDAN MEWAH 3/5 PANDAN MEWAH Ampang Hulu Langat Malaysia,3.115,101.761
JALAN MEWAH 3/2 TMN PANDAN MEWAH Ampang Hulu Langat Malaysia,3.137,101.756
JALAN MEWAH 3/4 TMN PANDAN MEWAH Ampang Hulu Langat Malaysia,3.1115,101.7632
JALAN MEWAH 3/5 TMN PANDAN MEWAH Ampang Hulu Langat Malaysia,3.1335,101.7723
JLN MEWAH 3/5 TMN PANDAN MEWAH Ampang Hulu Langat Malaysia,3.1417,101.7783
JLN PANDAN MEWAH 3/4 TMN PANDAN MEWAH Ampang Hulu Langat Malaysia,3.119,101.762
MEWAH 3/4 TMN PANDAN MEWAH Ampang Hulu Langat Malaysia,3.121,101.758
MEWAH 3/5 TMN PANDAN MEWAH Ampang Hulu Langat Malaysia,3.1083,101.7571
JLN 6/15 KG TASIK TAMBAHAN Bandar Ampang Hulu Langat Malaysia,3.1078,101.7594
JLN MERDEKA RIA 1 MERDEKA RIA INDUSTRIAL PARK Bandar Ampang Hulu Langat Malaysia,3.0827,101.7908
MERDEKA RIA INDUSTRIAL PARK MERDEKA RIA INDUSTRIAL PARK Bandar Ampang Hulu Langat Malaysia,3.0647,101.7972
PSRN CAHAYA 1 TMN CAHAYA Bandar Ampang Hulu Langat Malaysia,3.089,101.777
PSRN CAHAYA 2 TMN CAHAYA Bandar Ampang Hulu Langat Malaysia,3.1292,101.7656
JLN DAGANG 10 TMN DAGANG JAYA Bandar Ampang Hulu Langat Malaysia,3.1241,101.7629
JLN DAGANG JAYA 8 TMN DAGANG JAYA Bandar Ampang Hulu Langat Malaysia,3.1087,101.7624
JLN BKT PERMAI UTAMA 2 TMN INDUSTRI BKT PERMAI Bandar Ampang Hulu Langat Malaysia,3.1406,101.7561
JALAN INDUSTRI LEMBAH JAYA 2 TMN INDUSTRI LEMBAH JAYA Bandar Ampang Hulu Langat Malaysia,3.1172,101.7596
JALAN LJ 3 TMN INDUSTRI LEMBAH JAYA Bandar Ampang Hulu Langat Malaysia,3.123,101.757
JALAN LJ4 TMN INDUSTRI LEMBAH JAYA Bandar Ampang Hulu Langat Malaysia,3.1456,101.7641
JLN INDUSTRI LEMBAH JAYA 3 TMN INDUSTRI LEMBAH JAYA Bandar Ampang Hulu Langat Malaysia,3.1216,101.7847
JLN LJ 3 TMN INDUSTRI LEMBAH JAYA Bandar Ampang Hulu Langat Malaysia,3.1145,101.7872
JLN LJ 4 TMN INDUSTRI LEMBAH JAYA Bandar Ampang Hulu Langat Malaysia,3.145,101.761
PANDAN CAHAYA 1/2 TMN PANDAN CAHAYA Bandar Ampang Hulu Langat Malaysia,3.1339,101.7484
JALAN 1 TMN PANDAN INDAH Bandar Ampang Hulu Langat Malaysia,3.1333,101.7667
JALAN 2 TMN PANDAN INDAH Bandar Ampang Hulu Langat Malaysia,3.1289,101.7566
JALAN 3 TMN PANDAN INDAH Bandar Ampang Hulu Langat Malaysia,3.1189,101.7422
JALAN 4 TMN PANDAN INDAH Bandar Ampang Hulu Langat Malaysia,3.1147,101.7614
JLN 1 TMN PANDAN INDAH Bandar Ampang Hulu Langat Malaysia,3.1362,101.7448
JLN 2 TMN PANDAN INDAH Bandar Ampang Hulu Langat Malaysia,3.1385,101.7497
JLN 4 TMN PANDAN INDAH Bandar Ampang Hulu Langat Malaysia,3.129,101.749
JALAN P10/18 SEK 10 BDR BARU BANGI Bandar Baru Bangi Hulu Langat Malaysia,2.9684,101.7636
JALAN P/16 SEK 10 BDR BARU BANGI Bandar Baru Bangi Hulu Langat Malaysia,3.0415,101.7605
JALAN P/17 SEK 10 BDR BARU BANGI Bandar Baru Bangi Hulu Langat Malaysia,3.002,101.787
JALAN P/18 SEK 10 BDR BARU BANGI Bandar Baru Bangi Hulu Langat Malaysia,2.9647,101.7627
JLN P 10/19 SEK 10 BDR BARU BANGI Bandar Baru Bangi Hulu Langat Malaysia,3.0076,101.7576
JLN  P10/17 SEK 10 BDR BARU BANGI Bandar Baru Bangi Hulu Langat Malaysia,2.9452,101.7776
JLN P10/17 SEK 10 BDR BARU BANGI Bandar Baru Bangi Hulu Langat Malaysia,3.0077,101.7576
JLN P/17 SEK 10 BDR BARU BANGI Bandar Baru Bangi Hulu Langat Malaysia,3.0493,101.7238
JLN P/18 SEK 10 BDR BARU BANGI Bandar Baru Bangi Hulu Langat Malaysia,3.0437,101.7452
JALAN P2/14 BDR TEKNOLOGI Bandar Batu 18 Semenyih Hulu Langat Malaysia,3.015,101.85
JALAN PK 1 KAW PERUSAHAAN KAJANG Bandar Kajang Hulu Langat Malaysia,3.0425,101.7907
JALAN SEK 1/23 TMN KAJANG UTAMA Bandar Kajang Hulu Langat Malaysia,3.0375,101.7957
JALAN SEK 1/26 TMN KAJANG UTAMA Bandar Kajang Hulu Langat Malaysia,3.0159,101.7895
JALAN SEK 1/27 TMN KAJANG UTAMA Bandar Kajang Hulu Langat Malaysia,3.0185,101.7917
JALAN SEKSYEN 1/17 TMN KAJANG UTAMA Bandar Kajang Hulu Langat Malaysia,3.0006,101.7878
JALAN SEKSYEN 1/21 TMN KAJANG UTAMA Bandar Kajang Hulu Langat Malaysia,3.0125,101.7814
JALAN SEKSYEN 1/23 TMN KAJANG UTAMA Bandar Kajang Hulu Langat Malaysia,2.9919,101.7862
JALAN SEKSYEN 1/25 TMN KAJANG UTAMA Bandar Kajang Hulu Langat Malaysia,2.9895,101.7935
JALAN SEKSYEN 1/26 TMN KAJANG UTAMA Bandar Kajang Hulu Langat Malaysia,2.9845,101.7834
JALAN SEKSYEN 1/27 TMN KAJANG UTAMA Bandar Kajang Hulu Langat Malaysia,2.9897,101.7903
JLN 1/17 TMN KAJANG UTAMA Bandar Kajang Hulu Langat Malaysia,3.015,101.793
JLN 1/18 TMN KAJANG UTAMA Bandar Kajang Hulu Langat Malaysia,3.0021,101.7853
JLN SEK 1/20 TMN KAJANG UTAMA Bandar Kajang Hulu Langat Malaysia,3.055,101.79
JLN SEK 1/21 TMN KAJANG UTAMA Bandar Kajang Hulu Langat Malaysia,3.0536,101.7898
JLN SEK 1/28 TMN KAJANG UTAMA Bandar Kajang Hulu Langat Malaysia,3.0428,101.7915
JLN SEK. 1/22 TMN KAJANG UTAMA Bandar Kajang Hulu Langat Malaysia,3.0076,101.7915
JLN SEK. 1/27 TMN KAJANG UTAMA Bandar Kajang Hulu Langat Malaysia,3.003,101.787
JLN SEKSYEN 1/18 TMN KAJANG UTAMA Bandar Kajang Hulu Langat Malaysia,2.9989,101.7937
JLN SEKSYEN 1/22 TMN KAJANG UTAMA Bandar Kajang Hulu Langat Malaysia,2.9883,101.7918
JLN SEKSYEN 1/23 TMN KAJANG UTAMA Bandar Kajang Hulu Langat Malaysia,3.0104,101.7882
JLN SEKSYEN 1/24 TMN KAJANG UTAMA Bandar Kajang Hulu Langat Malaysia,2.9848,101.7912
JLN SEKSYEN 1/26 TMN KAJANG UTAMA Bandar Kajang Hulu Langat Malaysia,3.0176,101.7958
JLN SEKSYEN 1/28 TMN KAJANG UTAMA Bandar Kajang Hulu Langat Malaysia,3.0419,101.7885
JALAN SENTOSA 4 TMN SENTOSA Bandar Kajang Hulu Langat Malaysia,2.9942,101.7897
JALAN P2/5 BDR TEKNOLOGI Bandar Semenyih Hulu Langat Malaysia,3.0204,101.8641
JLN PERINDUSTRIAN MAHKOTA 3/E LION INDUSTRIAL PARK Beranang Hulu Langat Malaysia,2.9129,101.8546
JLN 1/6D KAW PERUSAHAAN CHERAS JAYA Cheras Hulu Langat Malaysia,3.0633,101.7441
JLN 6B KAW PERUSAHAAN CHERAS JAYA Cheras Hulu Langat Malaysia,3.0482,101.7737
JLN 6D KAW PERUSAHAAN CHERAS JAYA Cheras Hulu Langat Malaysia,3.0358,101.7707
JLN CJ 1/6A KAW PERUSAHAAN CHERAS JAYA Cheras Hulu Langat Malaysia,3.0607,101.7604
JLN CJ 1/6B KAW PERUSAHAAN CHERAS JAYA Cheras Hulu Langat Malaysia,3.084,101.75
JALAN P2 BALAKONG KAW PERUSAHAAN RINGAN BALAKONG Cheras Hulu Langat Malaysia,3.0457,101.7719
JALAN P1 BALAKONG KAW PERUSAHAAN RINGAN BALAKONG Cheras Hulu Langat Malaysia,3.056,101.741
JLN MAS JAYA 1 TMN MAS JAYA Cheras Hulu Langat Malaysia,3.057,101.786
JLN MAS JAYA 2 TMN MAS JAYA Cheras Hulu Langat Malaysia,3.0625,101.7628
JLN MAS JAYA UTAMA TMN MAS JAYA Cheras Hulu Langat Malaysia,3.1,101.75
JLN MEGAH 23 TMN MEGAH Cheras Hulu Langat Malaysia,3.1108,101.7606
JLN SRI CHERAS 1A TMN SERI CHERAS Cheras Hulu Langat Malaysia,3.098,101.762
JLN TEKALI 3 KAW PERINDUSTRIAN SG TEKALI Hulu Langat Hulu Langat Malaysia,3.072,101.788
JLN VILLARAYA 1/3A VILLARAYA INDUSTRIAL PARK Hulu Semenyih Hulu Langat Malaysia,2.967,101.865
DESA SERDANG 5 DESA SERDANG Kajang Hulu Langat Malaysia,3.0,101.8
DESA SERDANG 4 DESA SERDANG Kajang Hulu Langat Malaysia,3.032,101.79
JALAN DESA SERDANG 4 DESA SERDANG Kajang Hulu Langat Malaysia,3.0645,101.7898
JALAN DESA SERDANG 5 DESA SERDANG Kajang Hulu Langat Malaysia,3.0605,101.7758
JLN DESA SERDANG 4 DESA SERDANG Kajang Hulu Langat Malaysia,3.0268,101.7936
JLN DESA SERDANG 5 DESA SERDANG Kajang Hulu Langat Malaysia,3.0414,101.7858
JALAN 2/2A KAW PERUSAHAAN LI FOONG Kajang Hulu Langat Malaysia,3.0029,101.7856
JALAN 2/6 TMN PERINDUSTRIAN SELASA JAYA KAW PERUSAHAAN LI FOONG Kajang Hulu Langat Malaysia,2.993,101.794
JALAN 6/2 KAW PERUSAHAAN LI FOONG Kajang Hulu Langat Malaysia,3.0105,101.7907
JALAN PERUSAHAAN 1 KAW PERUSAHAAN LI FOONG Kajang Hulu Langat Malaysia,3.012,101.788
JALAN PERUSAHAAN 2/2 KAW PERUSAHAAN LI FOONG Kajang Hulu Langat Malaysia,2.995,101.79
JLN 2/2A KAW PERUSAHAAN LI FOONG Kajang Hulu Langat Malaysia,3.0333,101.785
JLN 2/2A TMN INDUSTRI SELESA JAYA BALAKO KAW PERUSAHAAN LI FOONG Kajang Hulu Langat Malaysia,3.0069,101.7898
JLN 5/1 KAW PERUSAHAAN LI FOONG Kajang Hulu Langat Malaysia,3.0175,101.7883
JLN 5/1 A KAW PERUSAHAAN LI FOONG Kajang Hulu Langat Malaysia,2.9933,101.7876
JLN 5/1A KAW PERUSAHAAN LI FOONG Kajang Hulu Langat Malaysia,3.0013,101.7937
JLN 5/3 KAW PERUSAHAAN LI FOONG Kajang Hulu Langat Malaysia,3.012,101.794
JLN 6/2 KAW PERUSAHAAN LI FOONG Kajang Hulu Langat Malaysia,2.9863,101.7877
"JLN 6/2, TMN INDUSTRI SELESA JAYA KAW PERUSAHAAN LI FOONG Kajang Hulu Langat Malaysia",3.034,101.763
JLN 6/2A KAW PERUSAHAAN LI FOONG Kajang Hulu Langat Malaysia,3.0345,101.7853
JLN 7/1 KAW PERUSAHAAN LI FOONG Kajang Hulu Langat Malaysia,3.036,101.786
JLN 7/3 KAW PERUSAHAAN LI FOONG Kajang Hulu Langat Malaysia,3.0415,101.792
JLN 7/5 KAW PERUSAHAAN LI FOONG Kajang Hulu Langat Malaysia,2.9882,101.7873
JLN SC 1/A KAW PERUSAHAAN SG CHUA Kajang Hulu Langat Malaysia,2.997,101.78
JALAN SC 1/A KAW PERUSAHAAN SG CHUA Kajang Hulu Langat Malaysia,3.0616,101.7866
JALAN SC 3 KAW PERUSAHAAN SG CHUA Kajang Hulu Langat Malaysia,3.0503,101.7888
JALAN SC 5/C KAW PERUSAHAAN SG CHUA Kajang Hulu Langat Malaysia,3.047,101.783
JALAN SC 5/D KAW PERUSAHAAN SG CHUA Kajang Hulu Langat Malaysia,2.997,101.787
JALAN SC1/B KAW PERUSAHAAN SG CHUA Kajang Hulu Langat Malaysia,3.078,101.815
JALAN SC/2 KAW PERUSAHAAN SG CHUA Kajang Hulu Langat Malaysia,3.0306,101.7869
JALAN SC/5B KAW PERUSAHAAN SG CHUA Kajang Hulu Langat Malaysia,3.0246,101.7948
JLN SC 1/A1 KAW PERUSAHAAN SG CHUA Kajang Hulu Langat Malaysia,3.015,101.757
JLN SC 1/A2 KAW PERUSAHAAN SG CHUA Kajang Hulu Langat Malaysia,3.0203,101.7924
JLN SC 1/B KAW PERUSAHAAN SG CHUA Kajang Hulu Langat Malaysia,2.9739,101.8224
JLN SC 3 KAW PERUSAHAAN SG CHUA Kajang Hulu Langat Malaysia,3.0107,101.7948
JLN SC 4 KAW PERUSAHAAN SG CHUA Kajang Hulu Langat Malaysia,3.0024,101.7868
JLN SC 5/B KAW PERUSAHAAN SG CHUA Kajang Hulu Langat Malaysia,2.9926,101.7753
JLN SC 5/D KAW PERUSAHAAN SG CHUA Kajang Hulu Langat Malaysia,3.0194,101.7864
JLN SC1/1A KAW PERUSAHAAN SG CHUA Kajang Hulu Langat Malaysia,3.0333,101.7833
JLN SC3 KAW PERUSAHAAN SG CHUA Kajang Hulu Langat Malaysia,2.9916,101.7902
JLN SC/4 KAW PERUSAHAAN SG CHUA Kajang Hulu Langat Malaysia,3.0193,101.7857
PUSAT PERINDUSTRIAN SG.CHUA KAW PERUSAHAAN SG CHUA Kajang Hulu Langat Malaysia,3.0476,101.7601
SC 3 KAW PERUSAHAAN SG CHUA Kajang Hulu Langat Malaysia,3.0033,101.789
JLN 1/7 KAWASAN PERUSAHAAN LI FOONG Kajang Hulu Langat Malaysia,3.0353,101.7869
JALAN SC 5/C KAWASAN PERUSAHAAN SUNGAI CHUA Kajang Hulu Langat Malaysia,3.0,101.8
JLN P/9A SEK 13 BDR BARU BANGI Kajang Hulu Langat Malaysia,3.013,101.729
JLN SENTOSA 4 TAMAN SENTOSA Kajang Hulu Langat Malaysia,3.0045,101.7887
JALAN SERDANG 3 TMN DESA SERDANG Kajang Hulu Langat Malaysia,3.0286,101.8019
JLN DESA SERDANG 3 TMN DESA SERDANG Kajang Hulu Langat Malaysia,3.0167,101.793
JLN DESA SERDANG 4 TMN DESA SERDANG Kajang Hulu Langat Malaysia,3.0125,101.7869
JLN SERDANG 3 TMN DESA SERDANG Kajang Hulu Langat Malaysia,3.0133,101.7228
JLN BALAKONG JAYA 4 TMN INDUSTRI BALAKONG JAYA Kajang Hulu Langat Malaysia,3.053,101.78
JLN 1/20 TMN KAJANG UTAMA Kajang Hulu Langat Malaysia,3.0136,101.7927
JLN SEK. 1/20 TMN KAJANG UTAMA Kajang Hulu Langat Malaysia,3.0447,101.7946
JLN SEKSYEN 1/9 TMN KAJANG UTAMA Kajang Hulu Langat Malaysia,3.0436,101.7857
JLN SEKSYEN 1/17 TMN KAJANG UTAMA Kajang Hulu Langat Malaysia,3.0126,101.7948
JLN SEKSYEN 1/19 TMN KAJANG UTAMA Kajang Hulu Langat Malaysia,2.9888,101.7866
JLN  SEKSYEN 1/21 TMN KAJANG UTAMA Kajang Hulu Langat Malaysia,3.0325,101.7908
JLN SEKSYEN 1/21 TMN KAJANG UTAMA Kajang Hulu Langat Malaysia,3.0428,101.7906
JLN SEKSYEN 2/18 TMN KAJANG UTAMA Kajang Hulu Langat Malaysia,3.0019,101.7845
JALAN SENTOSA 3 TMN SENTOSA Kajang Hulu Langat Malaysia,3.039,101.794
JLN SENTOSA 3 TMN SENTOSA Kajang Hulu Langat Malaysia,3.0056,101.7943
JLN SENTOSA 4 TMN SENTOSA Kajang Hulu Langat Malaysia,3.0,101.79999999999998
JLN TANMING 6 TMN TAMING JAYA Kajang Hulu Langat Malaysia,3.0457,101.7879
JALAN TAMING 6 TMN TAMING JAYA Kajang Hulu Langat Malaysia,3.0107,101.7737
JALAN TAMING 8 TMN TAMING JAYA Kajang Hulu Langat Malaysia,3.073,101.788
JALAN TANMING 4 TMN TAMING JAYA Kajang Hulu Langat Malaysia,3.0459,101.7908
JALAN TANMING 7 TMN TAMING JAYA Kajang Hulu Langat Malaysia,3.0188,101.7426
JALAN TANMING 8 TMN TAMING JAYA Kajang Hulu Langat Malaysia,3.0139,101.7626
JLN TAMING 6 TMN TAMING JAYA Kajang Hulu Langat Malaysia,3.0509,101.7757
JLN TAMING 7 TMN TAMING JAYA Kajang Hulu Langat Malaysia,3.0549,101.7568
JLN TAMING 8 TMN TAMING JAYA Kajang Hulu Langat Malaysia,3.055,101.788
JLN TAMING 10 TMN TAMING JAYA Kajang Hulu Langat Malaysia,3.0107,101.7836
JLN TANMING 7 TMN TAMING JAYA Kajang Hulu Langat Malaysia,3.0808,101.7823
JLN TANMING 8 TMN TAMING JAYA Kajang Hulu Langat Malaysia,3.0328,101.7583
JLN TANMING JAYA TMN TAMING JAYA Kajang Hulu Langat Malaysia,3.0155,101.742
TAMING 5 TMN TAMING JAYA Kajang Hulu Langat Malaysia,2.9861,101.7872
TAMING 6 TMN TAMING JAYA Kajang Hulu Langat Malaysia,2.9936,101.7891
TAMING 8 TMN TAMING JAYA Kajang Hulu Langat Malaysia,3.0195,101.7881
JALAN VILLARAYA 1/2 VILLARAYA INDUSTRIAL PARK Pekan Batu 23 Sg Lalang Hulu Langat Malaysia,3.0662,101.8492
JALAN 1/5 VILLARAYA INDUSTRIAL PARK Pekan Batu 23 Sg Lalang Hulu Langat Malaysia,3.0106,101.7892
JALAN VILARAYA 1/1 VILLARAYA INDUSTRIAL PARK Pekan Batu 23 Sg Lalang Hulu Langat Malaysia,3.0044,101.7862
JALAN VILLARAYA 1/3 VILLARAYA INDUSTRIAL PARK Pekan Batu 23 Sg Lalang Hulu Langat Malaysia,3.071,101.83
JALAN VILLARAYA 1/5 VILLARAYA INDUSTRIAL PARK Pekan Batu 23 Sg Lalang Hulu Langat Malaysia,3.0723,101.8332
JALAN VILLARAYA 1/6 VILLARAYA INDUSTRIAL PARK Pekan Batu 23 Sg Lalang Hulu Langat Malaysia,3.0667,101.8667
JALAN VILLARAYA 1/7 VILLARAYA INDUSTRIAL PARK Pekan Batu 23 Sg Lalang Hulu Langat Malaysia,3.0667,101.85
JALAN VILLARAYA 1/8 VILLARAYA INDUSTRIAL PARK Pekan Batu 23 Sg Lalang Hulu Langat Malaysia,3.0896,101.7921
JLN 1/3A VILLARAYA INDUSTRIAL PARK Pekan Batu 23 Sg Lalang Hulu Langat Malaysia,3.0135,101.7951
JLN 1/5 VILLARAYA INDUSTRIAL PARK Pekan Batu 23 Sg Lalang Hulu Langat Malaysia,3.067,101.842
JLN 1/10 VILLARAYA INDUSTRIAL PARK Pekan Batu 23 Sg Lalang Hulu Langat Malaysia,3.0473,101.8776
JLN VILLARAYA VILLARAYA INDUSTRIAL PARK Pekan Batu 23 Sg Lalang Hulu Langat Malaysia,3.085,101.839
JLN VILLARAYA 1/2 VILLARAYA INDUSTRIAL PARK Pekan Batu 23 Sg Lalang Hulu Langat Malaysia,3.0317,101.7962
JLN VILLARAYA 1/3 VILLARAYA INDUSTRIAL PARK Pekan Batu 23 Sg Lalang Hulu Langat Malaysia,3.1245,101.8267
JLN VILLARAYA 1/5 VILLARAYA INDUSTRIAL PARK Pekan Batu 23 Sg Lalang Hulu Langat Malaysia,3.0519,101.7844
JLN VILLARAYA 1/8 VILLARAYA INDUSTRIAL PARK Pekan Batu 23 Sg Lalang Hulu Langat Malaysia,3.024,101.84
JLN VILLARAYA 1/9 VILLARAYA INDUSTRIAL PARK Pekan Batu 23 Sg Lalang Hulu Langat Malaysia,3.0029,101.8673
JLN VILLARAYA 1/10 VILLARAYA INDUSTRIAL PARK Pekan Batu 23 Sg Lalang Hulu Langat Malaysia,3.0533,101.833
JLN VILLARAYA PARK 1 VILLARAYA INDUSTRIAL PARK Pekan Batu 23 Sg Lalang Hulu Langat Malaysia,3.025,101.835
JALAN COM INDUSTRIAL 2/3 COMM INDUSTRIAL PARK Pekan Cheras Hulu Langat Malaysia,3.047,101.767
JLN ANGSANA 2 TMN BKT ANGSANA Pekan Cheras Hulu Langat Malaysia,3.0667,101.7667
JLN BKT ANGSANA 2 TMN BKT ANGSANA Pekan Cheras Hulu Langat Malaysia,3.0725,101.7608
JALAN AWANA 15 TMN CHERAS AWANA Pekan Cheras Hulu Langat Malaysia,3.0489,101.7563
JLN AWANA 14 TMN CHERAS AWANA Pekan Cheras Hulu Langat Malaysia,3.0812,101.7498
JLN LINGKARAN INDUSTRI TMN CHERAS MAS Pekan Cheras Hulu Langat Malaysia,3.1047,101.7225
JLN SAYANG 1 TMN RASA SAYANG Pekan Cheras Hulu Langat Malaysia,3.0765,101.7449
JLN SAYANG 2 TMN RASA SAYANG Pekan Cheras Hulu Langat Malaysia,3.0493,101.7437
JLJN BUNGA MELOR 3 TMN SURIA JAYA Pekan Cheras Hulu Langat Malaysia,3.0833,101.75
JLN BUNGA MELUR 3 TMN SURIA JAYA Pekan Cheras Hulu Langat Malaysia,3.117,101.739
JALAN BA/9 KAW PERUSAHAAN BKT ANGKAT Pekan Kajang Hulu Langat Malaysia,3.0285,101.7897
JALAN BA/12 KAW PERUSAHAAN BKT ANGKAT Pekan Kajang Hulu Langat Malaysia,2.9956,101.7907
JLN BA 2 KAW PERUSAHAAN BKT ANGKAT Pekan Kajang Hulu Langat Malaysia,3.0167,101.817
JLN BA 8 KAW PERUSAHAAN BKT ANGKAT Pekan Kajang Hulu Langat Malaysia,3.0469,101.7952
JLN BA/9 KAW PERUSAHAAN BKT ANGKAT Pekan Kajang Hulu Langat Malaysia,2.9935,101.7903
JLN BA/10 KAW PERUSAHAAN BKT ANGKAT Pekan Kajang Hulu Langat Malaysia,2.9926,101.7881
JLN BA/10A KAW PERUSAHAAN BKT ANGKAT Pekan Kajang Hulu Langat Malaysia,2.995,101.788
JLN BA/11 KAW PERUSAHAAN BKT ANGKAT Pekan Kajang Hulu Langat Malaysia,3.0122,101.7894
JLN BA/12 KAW PERUSAHAAN BKT ANGKAT Pekan Kajang Hulu Langat Malaysia,3.0077,101.7883
JLN BUKIT ANGKAT 6 KAW PERUSAHAAN BKT ANGKAT Pekan Kajang Hulu Langat Malaysia,3.0047,101.7877
JLN BALAKONG KAW PERUSAHAAN RINGAN BALAKONG Pekan Kajang Hulu Langat Malaysia,3.055,101.733
JALAN BA/2 KAWASAN PERUSAHAAN BUKIT ANGKAT Pekan Kajang Hulu Langat Malaysia,3.0102,101.7826
JLN BALAKONG JAYA 2 TAMAN INDUSTRI BALAKONG JAYA Pekan Kajang Hulu Langat Malaysia,3.036,101.758
JALAN BALAKONG JAYA 1 TMN INDUSTRI BALAKONG JAYA Pekan Kajang Hulu Langat Malaysia,3.0006,101.7486
JALAN BALAKONG JAYA 3 TMN INDUSTRI BALAKONG JAYA Pekan Kajang Hulu Langat Malaysia,3.044,101.761
JALAN BALAKONG JAYA 5 TMN INDUSTRI BALAKONG JAYA Pekan Kajang Hulu Langat Malaysia,3.0458,101.7802
JLN BALAKONG JAYA 4 TMN INDUSTRI BALAKONG JAYA Pekan Kajang Hulu Langat Malaysia,3.0001,101.7604
JLN BALAKONG JAYA 5 TMN INDUSTRI BALAKONG JAYA Pekan Kajang Hulu Langat Malaysia,3.0199,101.7496
JLN BALAKONG JAYA 6 TMN INDUSTRI BALAKONG JAYA Pekan Kajang Hulu Langat Malaysia,3.017,101.76
JLN 6/2 BDR RINCHING Semenyih Hulu Langat Malaysia,2.932,101.862
JLN 6/2 SEK 6 BDR RINCHING Semenyih Hulu Langat Malaysia,3.05,101.85
JLN 6/3 BDR RINCHING Semenyih Hulu Langat Malaysia,2.9415,101.8367
JLN 6/4 BDR RINCHING Semenyih Hulu Langat Malaysia,3.0048,101.8558
JALAN P2/7 BDR TEKNOLOGI Semenyih Hulu Langat Malaysia,2.9697,101.8693
JALAN P2/16 BDR TEKNOLOGI Semenyih Hulu Langat Malaysia,2.948,101.845
JLN P 2/16 BDR TEKNOLOGI Semenyih Hulu Langat Malaysia,2.9316,101.8703
JALAN P 2/14 BDR TEKNOLOGI Semenyih Hulu Langat Malaysia,2.945,101.873
JALAN P2/4 BDR TEKNOLOGI Semenyih Hulu Langat Malaysia,2.935,101.845
JALAN  P2/8 BDR TEKNOLOGI Semenyih Hulu Langat Malaysia,2.955,101.863
JALAN P2/8 BDR TEKNOLOGI Semenyih Hulu Langat Malaysia,2.9707,101.8238
JALAN P2/11 BDR TEKNOLOGI Semenyih Hulu Langat Malaysia,2.9506,101.8584
JALAN P2/13 BDR TEKNOLOGI Semenyih Hulu Langat Malaysia,2.9475,101.8379
JALAN P4/5 BDR TEKNOLOGI Semenyih Hulu Langat Malaysia,2.9646,101.8342
JLN 2/8 BDR TEKNOLOGI Semenyih Hulu Langat Malaysia,3.0333,101.845
JLN P 2/11 BDR TEKNOLOGI Semenyih Hulu Langat Malaysia,3.0349,101.8756
JLN P2/1 BDR TEKNOLOGI Semenyih Hulu Langat Malaysia,2.9735,101.8437
JLN P2/3 BDR TEKNOLOGI Semenyih Hulu Langat Malaysia,3.0433,101.8512
"JLN P2/4, SEK 2 BDR TEKNOLOGI Semenyih Hulu Langat Malaysia",2.9377,101.8669
JLN P2/5 BDR TEKNOLOGI Semenyih Hulu Langat Malaysia,2.9433,101.8504
JLN P2/5 SEKSYEN 2 BDR TEKNOLOGI Semenyih Hulu Langat Malaysia,2.9805,101.8608
JLN P2/7 BDR TEKNOLOGI Semenyih Hulu Langat Malaysia,3.0,101.9
JLN P2/8 BDR TEKNOLOGI Semenyih Hulu Langat Malaysia,3.0069,101.8376
JLN P2/9 BDR TEKNOLOGI Semenyih Hulu Langat Malaysia,2.9623,101.8436
JLN P2/11 BDR TEKNOLOGI Semenyih Hulu Langat Malaysia,2.944,101.836
JLN P2/13 BDR TEKNOLOGI Semenyih Hulu Langat Malaysia,2.9559,101.8465
JLN P2/14 BDR TEKNOLOGI Semenyih Hulu Langat Malaysia,2.9417,101.8433
JLN P2/16 BDR TEKNOLOGI Semenyih Hulu Langat Malaysia,2.9469,101.8437
JLN P4/3 BDR TEKNOLOGI Semenyih Hulu Langat Malaysia,2.9445,101.8445
JLN P4/4 BDR TEKNOLOGI Semenyih Hulu Langat Malaysia,2.9342,101.8466
JLN P4/5 BDR TEKNOLOGI Semenyih Hulu Langat Malaysia,3.0259,101.8394
P2/8 BDR TEKNOLOGI Semenyih Hulu Langat Malaysia,3.0333,101.8604
P4/4 SEKSYEN 4 BDR TEKNOLOGI Semenyih Hulu Langat Malaysia,2.978,101.845
P4/5 SEKSYEN 4 BDR TEKNOLOGI Semenyih Hulu Langat Malaysia,2.9305,101.8674
JALAN RIA 3 KAW PERUSAHAAN RIA KAJANG Semenyih Hulu Langat Malaysia,2.965,101.842
JALAN RIA 4 KAW PERUSAHAAN RIA KAJANG Semenyih Hulu Langat Malaysia,3.073,101.845
JLN RIA 1 KAW PERUSAHAAN RIA KAJANG Semenyih Hulu Langat Malaysia,2.95,101.85
JLN RIA 3 KAW PERUSAHAAN RIA KAJANG Semenyih Hulu Langat Malaysia,2.975,101.861
JLN RIA 4 KAW PERUSAHAAN RIA KAJANG Semenyih Hulu Langat Malaysia,2.9886,101.8311
JALAN ASA JAYA 8 TMN ASA JAYA Semenyih Hulu Langat Malaysia,2.9575,101.845
JLN ASA 7 TMN ASA JAYA Semenyih Hulu Langat Malaysia,2.9604,101.8433
JLN ASA 8 TMN ASA JAYA Semenyih Hulu Langat Malaysia,2.9673,101.8439
JALAN MEGA 3A TMN INDUSTRI MEGA Semenyih Hulu Langat Malaysia,2.964,101.836
JALAN PERSIARAN MEGA A TMN INDUSTRI MEGA Semenyih Hulu Langat Malaysia,2.9404,101.8408
JLN MEGA 2A TMN INDUSTRI MEGA Semenyih Hulu Langat Malaysia,2.95,101.85
PERSIARAN MEGA A TMN INDUSTRI MEGA Semenyih Hulu Langat Malaysia,3.0191,101.8445
JALAN SRI HANECO 1/2 TMN SRI HANECO Semenyih Hulu Langat Malaysia,2.938,101.866
JALAN SRI HANECO 1/8 TMN SRI HANECO Semenyih Hulu Langat Malaysia,3.0747,101.8661
JALAN SRI HANECO 1/12 TMN SRI HANECO Semenyih Hulu Langat Malaysia,2.945,101.856
JALAN SRI HANECO 1/10 TMN SRI HANECO Semenyih Hulu Langat Malaysia,2.9488,101.8517
JLN 1/6 TMN SRI HANECO Semenyih Hulu Langat Malaysia,2.9677,101.8458
JLN S/H 1/10 TMN SRI HANECO Semenyih Hulu Langat Malaysia,2.9399,101.8469
JLN SRI HANECO 1/4 TMN SRI HANECO Semenyih Hulu Langat Malaysia,2.944,101.856
JLN SRI HANECO 1/6 TMN SRI HANECO Semenyih Hulu Langat Malaysia,3.096,101.847
JLN SRI HANECO 1/8 TMN SRI HANECO Semenyih Hulu Langat Malaysia,2.937,101.879
JLN SRI HANECO 1/10 TMN SRI HANECO Semenyih Hulu Langat Malaysia,2.9606,101.8457
JLN SRI HANECO 1/12 TMN SRI HANECO Semenyih Hulu Langat Malaysia,3.0197,101.8833
JLN SRI HANECO 1/14 TMN SRI HANECO Semenyih Hulu Langat Malaysia,2.942,101.846
JALAN SEROJA 6B/1 BANDAR SUNGAI BUAYA Bandar Serendah Hulu Selangor Malaysia,3.375,101.538
JALAN JEJARUM 4A BUKIT BERUNTUNG Bandar Serendah Hulu Selangor Malaysia,3.4126,101.6154
JALAN KANTAN 2I BUKIT BERUNTUNG Bandar Serendah Hulu Selangor Malaysia,3.375,101.575
JALAN JEJARUM BUKIT BERUNTUNG Bandar Serendah Hulu Selangor Malaysia,3.4217,101.5974
JALAN JEJARUM 1 BUKIT BERUNTUNG Bandar Serendah Hulu Selangor Malaysia,3.398,101.63
JALAN JEJARUM 1A BUKIT BERUNTUNG Bandar Serendah Hulu Selangor Malaysia,3.4088,101.6352
"JALAN JEJARUM 1A, SEK BB9. BUKIT BERUNTUNG Bandar Serendah Hulu Selangor Malaysia",3.3896,101.6428
JALAN JEJARUM 1B BUKIT BERUNTUNG Bandar Serendah Hulu Selangor Malaysia,3.4389,101.6276
"JALAN JEJARUM 1B, SEK BB9 BUKIT BERUNTUNG Bandar Serendah Hulu Selangor Malaysia",3.3508,101.5854
JALAN JEJARUM 1C BUKIT BERUNTUNG Bandar Serendah Hulu Selangor Malaysia,3.434,101.583
JALAN JEJARUM 1D BUKIT BERUNTUNG Bandar Serendah Hulu Selangor Malaysia,3.4269,101.6067
JALAN JEJARUM 1E BUKIT BERUNTUNG Bandar Serendah Hulu Selangor Malaysia,3.4363,101.5802
JALAN JEJARUM 1E/1 BUKIT BERUNTUNG Bandar Serendah Hulu Selangor Malaysia,3.4347,101.5798
JALAN JEJARUM 1F BUKIT BERUNTUNG Bandar Serendah Hulu Selangor Malaysia,3.539,101.539
JALAN JEJARUM 1G BUKIT BERUNTUNG Bandar Serendah Hulu Selangor Malaysia,3.5265,101.519
JALAN JEJARUM 2 BUKIT BERUNTUNG Bandar Serendah Hulu Selangor Malaysia,3.3906,101.5988
JALAN JEJARUM 2A BUKIT BERUNTUNG Bandar Serendah Hulu Selangor Malaysia,3.387,101.645
JALAN JEJARUM 2B BUKIT BERUNTUNG Bandar Serendah Hulu Selangor Malaysia,3.3571,101.5877
JALAN JEJARUM 2B/1 BUKIT BERUNTUNG Bandar Serendah Hulu Selangor Malaysia,3.5546,101.6344
JALAN JEJARUM 2B/2 BUKIT BERUNTUNG Bandar Serendah Hulu Selangor Malaysia,3.3642,101.5844
JALAN JEJARUM 2B/3 BUKIT BERUNTUNG Bandar Serendah Hulu Selangor Malaysia,3.4992,101.5668
JALAN JEJARUM 3 BUKIT BERUNTUNG Bandar Serendah Hulu Selangor Malaysia,3.4719,101.5588
JALAN JEJARUM 3A BUKIT BERUNTUNG Bandar Serendah Hulu Selangor Malaysia,3.5245,101.646
JALAN JEJARUM 3B BUKIT BERUNTUNG Bandar Serendah Hulu Selangor Malaysia,3.435,101.601
JALAN JEJARUM 3C BUKIT BERUNTUNG Bandar Serendah Hulu Selangor Malaysia,3.417,101.587
JALAN JEJARUM 3D BUKIT BERUNTUNG Bandar Serendah Hulu Selangor Malaysia,3.3949,101.5618
JALAN JEJARUM 4 BUKIT BERUNTUNG Bandar Serendah Hulu Selangor Malaysia,3.408,101.617
JALAN JEJARUM 4B BUKIT BERUNTUNG Bandar Serendah Hulu Selangor Malaysia,3.3806,101.5897
JALAN JENJARUM 1 BUKIT BERUNTUNG Bandar Serendah Hulu Selangor Malaysia,3.5369,101.5736
JALAN JENJARUM 1A BUKIT BERUNTUNG Bandar Serendah Hulu Selangor Malaysia,3.5073,101.6098
JALAN JENJARUM 1B BUKIT BERUNTUNG Bandar Serendah Hulu Selangor Malaysia,3.325,101.606
JALAN JENJARUM 1C BUKIT BERUNTUNG Bandar Serendah Hulu Selangor Malaysia,3.4167,101.6
JALAN JENJARUM 1E BUKIT BERUNTUNG Bandar Serendah Hulu Selangor Malaysia,3.429,101.589
JALAN JENJARUM 1E/1 BUKIT BERUNTUNG Bandar Serendah Hulu Selangor Malaysia,3.3876,101.6232
JALAN JENJARUM 1F BUKIT BERUNTUNG Bandar Serendah Hulu Selangor Malaysia,3.4245,101.6254
JALAN JENJARUM 1G BUKIT BERUNTUNG Bandar Serendah Hulu Selangor Malaysia,3.5416,101.6114
JALAN JENJARUM 2 BUKIT BERUNTUNG Bandar Serendah Hulu Selangor Malaysia,3.3828,101.5886
JALAN JENJARUM 2A BUKIT BERUNTUNG Bandar Serendah Hulu Selangor Malaysia,3.3944,101.5847
JALAN JENJARUM 2B/1 BUKIT BERUNTUNG Bandar Serendah Hulu Selangor Malaysia,3.3719,101.6072
JALAN JENJARUM 3 BUKIT BERUNTUNG Bandar Serendah Hulu Selangor Malaysia,3.3643,101.5776
JALAN JENJARUM 3A BUKIT BERUNTUNG Bandar Serendah Hulu Selangor Malaysia,3.453,101.559
JALAN JENJARUM 3B BUKIT BERUNTUNG Bandar Serendah Hulu Selangor Malaysia,3.4465,101.5185
JALAN JENJARUM 3C BUKIT BERUNTUNG Bandar Serendah Hulu Selangor Malaysia,3.3889,101.5733
JALAN JENJARUM 3D BUKIT BERUNTUNG Bandar Serendah Hulu Selangor Malaysia,3.399,101.643
JALAN JENJARUM 4 BUKIT BERUNTUNG Bandar Serendah Hulu Selangor Malaysia,3.391,101.573
JALAN JENJARUM 4A BUKIT BERUNTUNG Bandar Serendah Hulu Selangor Malaysia,3.3772,101.5289
JALAN JENJARUM 4B BUKIT BERUNTUNG Bandar Serendah Hulu Selangor Malaysia,3.4219,101.5935
JALAN KANTAN 2 G BUKIT BERUNTUNG Bandar Serendah Hulu Selangor Malaysia,3.3575,101.635
JALAN KANTAN 2A BUKIT BERUNTUNG Bandar Serendah Hulu Selangor Malaysia,3.4079,101.5556
JALAN KANTAN 2B BUKIT BERUNTUNG Bandar Serendah Hulu Selangor Malaysia,3.4309,101.5605
JALAN KANTAN 2C BUKIT BERUNTUNG Bandar Serendah Hulu Selangor Malaysia,3.3897,101.6119
JALAN KANTAN 2G BUKIT BERUNTUNG Bandar Serendah Hulu Selangor Malaysia,3.3925,101.592
JALAN KANTAN 2H BUKIT BERUNTUNG Bandar Serendah Hulu Selangor Malaysia,3.4499,101.6267
JALAN KENANGA 1A BUKIT BERUNTUNG Bandar Serendah Hulu Selangor Malaysia,3.4146,101.6058
JALAN KENANGA 1B BUKIT BERUNTUNG Bandar Serendah Hulu Selangor Malaysia,3.4009,101.5217
JALAN KENANGA 1C BUKIT BERUNTUNG Bandar Serendah Hulu Selangor Malaysia,3.3324,101.6428
JALAN KENANGA 8 BUKIT BERUNTUNG Bandar Serendah Hulu Selangor Malaysia,3.3986,101.6107
JALAN MELATI 2A BUKIT BERUNTUNG Bandar Serendah Hulu Selangor Malaysia,3.385,101.575
JALAN MELATI 3 BUKIT BERUNTUNG Bandar Serendah Hulu Selangor Malaysia,3.4374,101.5561
JALAN MELATI 4 BUKIT BERUNTUNG Bandar Serendah Hulu Selangor Malaysia,3.4322,101.5809
SEK BB8 BUKIT BERUNTUNG Bandar Serendah Hulu Selangor Malaysia,3.3845,101.6585
JALAN BUNGA RAYA 6A/4 BUKIT SENTOSA Bandar Serendah Hulu Selangor Malaysia,3.3626,101.5307
JALAN KAMUNTING 1 BUKIT SENTOSA Bandar Serendah Hulu Selangor Malaysia,3.4187,101.6114
JALAN BUNGA RAYA 6A/3 BUKIT SENTOSA Bandar Serendah Hulu Selangor Malaysia,3.5445,101.5729
"JALAN KAMUNTING 1, SEK BS2 BUKIT SENTOSA Bandar Serendah Hulu Selangor Malaysia",3.4125,101.5903
JALAN KAMUNTING 1A BUKIT SENTOSA Bandar Serendah Hulu Selangor Malaysia,3.4365,101.6118
JALAN KAMUNTING 1B BUKIT SENTOSA Bandar Serendah Hulu Selangor Malaysia,3.5096,101.6258
JALAN KAMUNTING 1C BUKIT SENTOSA Bandar Serendah Hulu Selangor Malaysia,3.4709,101.6105
JALAN KAMUNTING 1C/1 BUKIT SENTOSA Bandar Serendah Hulu Selangor Malaysia,3.5217,101.5085
JALAN KAMUNTING 1D BUKIT SENTOSA Bandar Serendah Hulu Selangor Malaysia,3.3216,101.5869
JALAN KAMUNTING 1E BUKIT SENTOSA Bandar Serendah Hulu Selangor Malaysia,3.467,101.599
JALAN KAMUNTING 1F BUKIT SENTOSA Bandar Serendah Hulu Selangor Malaysia,3.426,101.519
JALAN KAMUNTING 2 BUKIT SENTOSA Bandar Serendah Hulu Selangor Malaysia,3.5529,101.6021
JALAN KAMUNTING 2 C BUKIT SENTOSA Bandar Serendah Hulu Selangor Malaysia,3.4275,101.5887
"JALAN KAMUNTING 2 C, SEK BS2 BUKIT SENTOSA Bandar Serendah Hulu Selangor Malaysia",3.4505,101.5408
JALAN KAMUNTING 2A BUKIT SENTOSA Bandar Serendah Hulu Selangor Malaysia,3.3765,101.573
JALAN KAMUNTING 2B BUKIT SENTOSA Bandar Serendah Hulu Selangor Malaysia,3.4605,101.6285
JALAN KAMUNTING 2C BUKIT SENTOSA Bandar Serendah Hulu Selangor Malaysia,3.424,101.598
JALAN KAMUNTING 2D BUKIT SENTOSA Bandar Serendah Hulu Selangor Malaysia,3.457,101.602
JALAN KAMUNTING 3 BUKIT SENTOSA Bandar Serendah Hulu Selangor Malaysia,3.3978,101.5361
JALAN KAMUNTING 3A BUKIT SENTOSA Bandar Serendah Hulu Selangor Malaysia,3.4017,101.6138
JALAN KAMUNTING 3B BUKIT SENTOSA Bandar Serendah Hulu Selangor Malaysia,3.4945,101.5528
JALAN KAMUNTING 3B/1 BUKIT SENTOSA Bandar Serendah Hulu Selangor Malaysia,3.391,101.535
JALAN KAMUNTING 3B/2 BUKIT SENTOSA Bandar Serendah Hulu Selangor Malaysia,3.4065,101.5818
JALAN KAMUNTING 3C BUKIT SENTOSA Bandar Serendah Hulu Selangor Malaysia,3.4247,101.6108
JALAN KAMUNTING 3D BUKIT SENTOSA Bandar Serendah Hulu Selangor Malaysia,3.4427,101.5449
JALAN KAMUNTING 3D/1 BUKIT SENTOSA Bandar Serendah Hulu Selangor Malaysia,3.554,101.594
JALAN KAMUNTING 3D/2 BUKIT SENTOSA Bandar Serendah Hulu Selangor Malaysia,3.4142,101.556
JALAN KAMUNTING 3F BUKIT SENTOSA Bandar Serendah Hulu Selangor Malaysia,3.394,101.54
JALAN KEMUNING 3C BUKIT SENTOSA Bandar Serendah Hulu Selangor Malaysia,3.467,101.564
JALAN KEMUNTING 1E BUKIT SENTOSA Bandar Serendah Hulu Selangor Malaysia,3.513,101.598
JALAN KEMUNTING 2B BUKIT SENTOSA Bandar Serendah Hulu Selangor Malaysia,3.4795,101.5995
JALAN KEMUNTING 3A BUKIT SENTOSA Bandar Serendah Hulu Selangor Malaysia,3.4749,101.5712
JALAN KEMUNTING 3D/1 BUKIT SENTOSA Bandar Serendah Hulu Selangor Malaysia,3.3907,101.6296
JALAN KEMUNTING 3E BUKIT SENTOSA Bandar Serendah Hulu Selangor Malaysia,3.484,101.625
JALAN SEROJA 3 BUKIT SENTOSA Bandar Serendah Hulu Selangor Malaysia,3.4429,101.5792
JALAN SEROJA 4 BUKIT SENTOSA Bandar Serendah Hulu Selangor Malaysia,3.5198,101.557
JALAN SEROJA 4A/1 BUKIT SENTOSA Bandar Serendah Hulu Selangor Malaysia,3.3742,101.5378
JALAN SEROJA 4B/1 BUKIT SENTOSA Bandar Serendah Hulu Selangor Malaysia,3.5433,101.5659
JALAN SEROJA 4B/2 BUKIT SENTOSA Bandar Serendah Hulu Selangor Malaysia,3.5621,101.5584
JALAN SEROJA 4B/3 BUKIT SENTOSA Bandar Serendah Hulu Selangor Malaysia,3.5605,101.5389
JALAN SEROJA 4C BUKIT SENTOSA Bandar Serendah Hulu Selangor Malaysia,3.4186,101.5507
JALAN SEROJA 4D BUKIT SENTOSA Bandar Serendah Hulu Selangor Malaysia,3.4689,101.543
JALAN SEROJA 5 BUKIT SENTOSA Bandar Serendah Hulu Selangor Malaysia,3.414,101.556
JALAN SEROJA 5D/1 BUKIT SENTOSA Bandar Serendah Hulu Selangor Malaysia,3.489,101.53
JALAN SEROJA 5D/2 BUKIT SENTOSA Bandar Serendah Hulu Selangor Malaysia,3.4265,101.6025
JALAN SEROJA 5D/3 BUKIT SENTOSA Bandar Serendah Hulu Selangor Malaysia,3.497,101.634
JALN SEROJA 5 BUKIT SENTOSA Bandar Serendah Hulu Selangor Malaysia,3.3907,101.6009
JLN KAMUNTING 1 BUKIT SENTOSA Bandar Serendah Hulu Selangor Malaysia,3.4299,101.5467
JLN KAMUNTING 1D BUKIT SENTOSA Bandar Serendah Hulu Selangor Malaysia,3.397,101.648
JLN KAMUNTING 1F BUKIT SENTOSA Bandar Serendah Hulu Selangor Malaysia,3.4449,101.5763
JLN KAMUNTING 3D/2 BUKIT SENTOSA Bandar Serendah Hulu Selangor Malaysia,3.549,101.599
SEK BS2 BUKIT SENTOSA Bandar Serendah Hulu Selangor Malaysia,3.5217,101.5273
JALAN CEMPAKA 4 GABUNG SENTOSA INDUSTRIAL PARK Bandar Serendah Hulu Selangor Malaysia,3.4267,101.6419
JALAN CEMPAKA 5A GABUNG SENTOSA INDUSTRIAL PARK Bandar Serendah Hulu Selangor Malaysia,3.4986,101.6209
JALAN CEMPAKA UTAMA GABUNG SENTOSA INDUSTRIAL PARK Bandar Serendah Hulu Selangor Malaysia,3.3892,101.6078
JALAN CEMPAKA 1 GABUNG SENTOSA INDUSTRIAL PARK Bandar Serendah Hulu Selangor Malaysia,3.3219,101.5908
JALAN CEMPAKA 1A GABUNG SENTOSA INDUSTRIAL PARK Bandar Serendah Hulu Selangor Malaysia,3.515,101.527
JALAN CEMPAKA 2 GABUNG SENTOSA INDUSTRIAL PARK Bandar Serendah Hulu Selangor Malaysia,3.4186,101.6324
JALAN CEMPAKA 3 GABUNG SENTOSA INDUSTRIAL PARK Bandar Serendah Hulu Selangor Malaysia,3.595,101.66
JALAN CEMPAKA 3A GABUNG SENTOSA INDUSTRIAL PARK Bandar Serendah Hulu Selangor Malaysia,3.3577,101.6335
JALAN CEMPAKA 3A/1 GABUNG SENTOSA INDUSTRIAL PARK Bandar Serendah Hulu Selangor Malaysia,3.5376,101.6207
JALAN CEMPAKA 5 GABUNG SENTOSA INDUSTRIAL PARK Bandar Serendah Hulu Selangor Malaysia,3.3147,101.6005
JALAN KAMUNTING 1F KAWASAN INDUSTRIAL BOLTON Bandar Serendah Hulu Selangor Malaysia,3.364,101.635
JALAN JEJARUM 3A SELAYANG INDUSTRIAL PARK Bandar Serendah Hulu Selangor Malaysia,3.2645,101.6529
JALAN KAMUNTING 1C BUKIT SENTOSA Bandar Serendah Tambahan Hulu Selangor Malaysia,3.395,101.589
JALAN KAMUNTING 1D BUKIT SENTOSA Bandar Serendah Tambahan Hulu Selangor Malaysia,3.4036,101.6339
JALAN KAMUNTING 3 BUKIT SENTOSA Bandar Serendah Tambahan Hulu Selangor Malaysia,3.454,101.612
JALAN HULU YAM TAMAN PERINDUSTRIAN GELAMA HULU YAM LAMA Hulu Yam Hulu Selangor Malaysia,3.393,101.716
JALAN IKAN GELAMA TAMAN PERINDUSTRIAN GELAMA HULU YAM LAMA Hulu Yam Hulu Selangor Malaysia,3.3869,101.7205
JALAN SEROJA 6B/1 BANDAR SUNGAI BUAYA Serendah Hulu Selangor Malaysia,3.3506,101.5778
JALAN KENANGA 2 BUKIT BERUNTUNG Serendah Hulu Selangor Malaysia,3.447,101.594
JALAN KENANGA 7C BUKIT BERUNTUNG Serendah Hulu Selangor Malaysia,3.4166,101.6333
JALAN KENANGA 7D BUKIT BERUNTUNG Serendah Hulu Selangor Malaysia,3.4988,101.5684
JALAN KENANGA 8 BUKIT BERUNTUNG Serendah Hulu Selangor Malaysia,3.402,101.611
JLN KENANGA 2 BUKIT BERUNTUNG Serendah Hulu Selangor Malaysia,3.4973,101.631
JLN KENANGA 7C BUKIT BERUNTUNG Serendah Hulu Selangor Malaysia,3.3845,101.563
JLN KENANGA 7D BUKIT BERUNTUNG Serendah Hulu Selangor Malaysia,3.387,101.669
JALAN TELIPOT 2D BUKIT SENTOSA Serendah Hulu Selangor Malaysia,3.5548,101.6076
JALAN SEROJA 6 BUKIT SENTOSA Serendah Hulu Selangor Malaysia,3.5527,101.5023
JALAN SEROJA 6A BUKIT SENTOSA Serendah Hulu Selangor Malaysia,3.3645,101.561
JALAN SEROJA 6B BUKIT SENTOSA Serendah Hulu Selangor Malaysia,3.4245,101.6265
JALAN SEROJA 6B/1 BUKIT SENTOSA Serendah Hulu Selangor Malaysia,3.4119,101.5918
JALAN SEROJA 6B/2 BUKIT SENTOSA Serendah Hulu Selangor Malaysia,3.544,101.649
JALAN SEROJA 6C BUKIT SENTOSA Serendah Hulu Selangor Malaysia,3.3975,101.5915
JALAN SEROJA 6D BUKIT SENTOSA Serendah Hulu Selangor Malaysia,3.5035,101.6295
JALAN TALIPOT 2 BUKIT SENTOSA Serendah Hulu Selangor Malaysia,3.4867,101.5225
JALAN TELIPOT 2C/1 BUKIT SENTOSA Serendah Hulu Selangor Malaysia,3.425,101.625
JALAN TELIPOT 2D/1 BUKIT SENTOSA Serendah Hulu Selangor Malaysia,3.5405,101.6528
JALAN TELIPOT 2D/2 BUKIT SENTOSA Serendah Hulu Selangor Malaysia,3.5139,101.6078
JLN SEROJA 6 BUKIT SENTOSA Serendah Hulu Selangor Malaysia,3.554,101.596
JLN SEROJA 6 B/2 BUKIT SENTOSA Serendah Hulu Selangor Malaysia,3.4184,101.5856
JLN SEROJA 6B/1 BUKIT SENTOSA Serendah Hulu Selangor Malaysia,3.3985,101.5715
JLN SEROJA 6B/2 BUKIT SENTOSA Serendah Hulu Selangor Malaysia,3.443,101.609
JLN SEROJA 6C BUKIT SENTOSA Serendah Hulu Selangor Malaysia,3.4075,101.6041
JLN SEROJA 6D BUKIT SENTOSA Serendah Hulu Selangor Malaysia,3.4132,101.5956
JLN SEROJA 7 BUKIT SENTOSA Serendah Hulu Selangor Malaysia,3.4655,101.6079
JLN SEROJA BS6 BUKIT SENTOSA Serendah Hulu Selangor Malaysia,3.369,101.589
JLN TELIPOT 2 BUKIT SENTOSA Serendah Hulu Selangor Malaysia,3.4687,101.6458
SEK BS6 BUKIT SENTOSA Serendah Hulu Selangor Malaysia,3.5839,101.6673
SEROJA 6B/1 KAW PERUSAHAAN RINGAN BATU CAVES Serendah Hulu Selangor Malaysia,3.2859,101.7181
JALAN SERI PAGI 2 PUSAT PERDAGANGAN SERI PAGI Serendah Hulu Selangor Malaysia,3.3497,101.6169
JALAN SERI PAGI 3 PUSAT PERDAGANGAN SERI PAGI Serendah Hulu Selangor Malaysia,3.4339,101.6334
JALAN SERI PAGI 4 PUSAT PERDAGANGAN SERI PAGI Serendah Hulu Selangor Malaysia,3.3642,101.6456
JALAN HELIKONIA SUNGAI CHOH AUTO CITY Serendah Hulu Selangor Malaysia,3.4438,101.6325
JALAN INDAH 3 TAMAN SERENDAH INDAH Serendah Hulu Selangor Malaysia,3.3436,101.5956
JALAN IKAN GELAMA TAMAN PERINDUSTRIAN GELAMA HULU YAM LAMA Ulu Yam Hulu Selangor Malaysia,3.3917,101.8083
JLN. ALOR SETAR HARPER LIGHT INDUSTRY Bandar Kelang Klang Malaysia,3.1348,101.6895
"JALAN SEPADU 22/5 GRAVITAS, SEK. 22, SHAH ALAM Bandar Shah Alam Klang Malaysia",3.0506,101.5249
"JALAN SEPADU 22/6 GRAVITAS,SEKSYEN 22 Bandar Shah Alam Klang Malaysia",3.0595,101.5204
LORONG SULTAN MOHAMED 1B KAW PERUSAHAAN BDR SULTAN SULEIMAN Bandar Shah Alam Klang Malaysia,3.0328,101.4517
LRG SULTAN MOHAMED 1B KAW PERUSAHAAN BDR SULTAN SULEIMAN Bandar Shah Alam Klang Malaysia,3.037,101.456
LRG SULTAN MOHAMED 1C KAW PERUSAHAAN BDR SULTAN SULEIMAN Bandar Shah Alam Klang Malaysia,3.052,101.463
LINTANG SULTAN SULAIMAN MOHAMED 1A KAW PERUSAHAAN SELAT KLANG UTARA Bandar Shah Alam Klang Malaysia,3.0769,101.4836
LORONG SULTAN MOHAMED 1C KAW PERUSAHAAN SELAT KLANG UTARA Bandar Shah Alam Klang Malaysia,3.0379,101.4529
LRG SULTAN MOHAMAD 1C KAW PERUSAHAAN SELAT KLANG UTARA Bandar Shah Alam Klang Malaysia,3.02,101.399
LRG SULTAN MOHAMED 25A KAW PERUSAHAAN SELAT KLANG UTARA Bandar Shah Alam Klang Malaysia,3.096,101.401
SOLOK SULTAN MOHAMED 1 KAW PERUSAHAAN SELAT KLANG UTARA Bandar Shah Alam Klang Malaysia,3.0715,101.4686
LORONG SULTAN MOHAMED 1B KAWASAN PERUSAHAAN SELAT KLANG UTARA Bandar Shah Alam Klang Malaysia,3.015,101.445
LRG SULTAN HISHAMUDDIN 3 KAWASAN PERUSAHAAN SELAT KLANG UTARA Bandar Shah Alam Klang Malaysia,3.0031,101.3995
SOLOK SULTAN MOHAMED 1 KAWASAN PERUSAHAAN SELAT KLANG UTARA Bandar Shah Alam Klang Malaysia,3.0556,101.4428
JLN JATI 2 BATU 5 MERU Kapar Klang Malaysia,3.093,101.43
JLN KELEDANG 1 BATU 5 MERU Kapar Klang Malaysia,3.1038,101.4362
JALAN PERMAI 10 /KU3 BATU BELAH CORPORATE INDUSTRIAL PARK Kapar Klang Malaysia,3.1085,101.3948
JALAN PERMAI 10A /KU3 BATU BELAH CORPORATE INDUSTRIAL PARK Kapar Klang Malaysia,3.08,101.4
JALAN PERMAI 17B/KU3 BATU BELAH CORPORATE INDUSTRIAL PARK Kapar Klang Malaysia,3.077,101.426
JLN TIARA 5 BDR BARU KLANG Kapar Klang Malaysia,3.063,101.327
JALAN SUNGAI BETING 13 BT 3 1/2 LIGHT INDUSTRY (P/L  807) Kapar Klang Malaysia,3.096,101.419
LORONG SG BETING 12 BT 3 1/2 LIGHT INDUSTRY (P/L  807) Kapar Klang Malaysia,3.1333,101.3833
JLN PENGASAH 2 BT 3 1/2 LIGHT INDUSTRY (P/L 17759) Kapar Klang Malaysia,3.121,101.422
"JALAN PENGASAH 1 BT 3 3/4 LIGHT INDUSTRY (P/L 792,17783, Kapar Klang Malaysia",3.0985,101.422
"JALAN PENGASAH 2 BT 3 3/4 LIGHT INDUSTRY (P/L 792,17783, Kapar Klang Malaysia",3.0574,101.3512
"JALAN PENGASAH 3 BT 3 3/4 LIGHT INDUSTRY (P/L 792,17783, Kapar Klang Malaysia",3.079,101.361
"JLN PENGASAH 1 BT 3 3/4 LIGHT INDUSTRY (P/L 792,17783, Kapar Klang Malaysia",3.1667,101.3833
"LORONG TERUNTUM 5/KU08 BT 5 LIGHT IND (P/L 5003,5023 5025) Kapar Klang Malaysia",3.0669,101.4176
"LRG TERUNTUM 5/KU BT 5 LIGHT IND (P/L 5003,5023 5025) Kapar Klang Malaysia",3.0769,101.4153
"LRG TERUNTUM/KU08 BT 5 LIGHT IND (P/L 5003,5023 5025) Kapar Klang Malaysia",3.055,101.366
JALAN KELEDANG 6 BT 5 LIGHT IND. (P/L 5004) Kapar Klang Malaysia,3.0462,101.3996
JALAN JATI BT 5 MERU Kapar Klang Malaysia,3.1476,101.4552
JALAN JATI (P/L 5086) BT 5 MERU Kapar Klang Malaysia,3.0845,101.4475
JLN KELEDANG 1 BT 5 MERU Kapar Klang Malaysia,3.122,101.419
JLN KELEDANG 9 BT 5 MERU Kapar Klang Malaysia,3.054,101.437
LRG KELEDANG 9 BT 5 MERU Kapar Klang Malaysia,3.0935,101.4125
JALAN KELULI 7/110 SEK. 7 SHAH ALAM BUKIT RAJA BUSINESS PARK Kapar Klang Malaysia,3.0438,101.4716
JLN KELULI 7/109 SEK.7 SHAH ALAM BUKIT RAJA BUSINESS PARK Kapar Klang Malaysia,3.0856,101.4495
JLN KELULI 7/110 BUKIT RAJA BUSINESS PARK Kapar Klang Malaysia,3.086,101.422
JALAN ASTANA 4B/KU2 BUKIT RAJA PRIME IND PARK Kapar Klang Malaysia,3.076,101.399
JLN ASTANA 4B/KU2 BUKIT RAJA PRIME IND PARK Kapar Klang Malaysia,3.0704,101.4568
JLN ASTANA  4A BUKIT RAJA PRIME IND PARK Kapar Klang Malaysia,3.102,101.389
JLN ASTANA 4A BUKIT RAJA PRIME IND PARK Kapar Klang Malaysia,3.0536,101.4191
JLN ASTANA  4B BUKIT RAJA PRIME IND PARK Kapar Klang Malaysia,3.0932,101.4283
JLN ASTANA 4B BUKIT RAJA PRIME IND PARK Kapar Klang Malaysia,3.094,101.457
JLN ASTANA  4B/KU2 BUKIT RAJA PRIME IND PARK Kapar Klang Malaysia,3.062,101.454
JLN ASTANA  4B/KU2 BANDAR BUKIT RAJA 2 BUKIT RAJA PRIME IND PARK Kapar Klang Malaysia,3.1046,101.4575
JLN ASTANA 4C BUKIT RAJA PRIME IND PARK Kapar Klang Malaysia,3.071,101.373
LEBUH KELULI BUKIT RAJA PRIME IND PARK Kapar Klang Malaysia,3.053,101.418
JALAN SUNGAI BATU ENAM DELUXE INDUSTRIAL PARK Kapar Klang Malaysia,3.0833,101.4111
JLN SG BATU ENAM 51 DELUXE INDUSTRIAL PARK Kapar Klang Malaysia,3.1229,101.3829
JLN SG BATU ENAM 52 DELUXE INDUSTRIAL PARK Kapar Klang Malaysia,3.089,101.437
LINTANG SUNGAI KERAMAT 6F/KU6 DELUXE INDUSTRIAL PARK Kapar Klang Malaysia,3.1306,101.4443
JALAN HJ ABDUL MANAN 1 EE LIGHT IND PARK (P/L 6077) Kapar Klang Malaysia,3.1395,101.4446
OFF JLN HJ ABDUL MANAN EE LIGHT IND PARK (P/L 6077) Kapar Klang Malaysia,3.1489,101.3577
JLN HARPER HARPER LIGHT INDUSTRY Kapar Klang Malaysia,3.0796,101.4236
JALAN PELABURAN 15A HDM INDUSTRIAL PARK Kapar Klang Malaysia,3.1531,101.3844
JALAN PELABURAN 15B HDM INDUSTRIAL PARK Kapar Klang Malaysia,3.1417,101.4138
JALAN PELABURAN 15C HDM INDUSTRIAL PARK Kapar Klang Malaysia,3.117,101.357
JALAN PELABURAN 15D HDM INDUSTRIAL PARK Kapar Klang Malaysia,3.1536,101.4096
JALAN PELABURAN 15F HDM INDUSTRIAL PARK Kapar Klang Malaysia,3.1322,101.4169
JLN PELABURAN 15B HDM INDUSTRIAL PARK Kapar Klang Malaysia,3.1176,101.3998
JLN PELABURAN 15C HDM INDUSTRIAL PARK Kapar Klang Malaysia,3.1378,101.4156
JLN PELABURAN 15D HDM INDUSTRIAL PARK Kapar Klang Malaysia,3.1635,101.389
JLN PELABURAN 15E HDM INDUSTRIAL PARK Kapar Klang Malaysia,3.126,101.364
"JLN PELABURAN 15E, BATU 5 3/4 HDM INDUSTRIAL PARK Kapar Klang Malaysia",3.114,101.406
JLN PELABURAN 15F HDM INDUSTRIAL PARK Kapar Klang Malaysia,3.1367,101.4177
JLN PELABURAN 15G HDM INDUSTRIAL PARK Kapar Klang Malaysia,3.123,101.384
JLN PELABURAN 15H HDM INDUSTRIAL PARK Kapar Klang Malaysia,3.142,101.354
JALAN 3 INDUSTRIAL ESTATE   (P/L 5075 ) Kapar Klang Malaysia,3.159,101.317
JALAN JATI 2 INDUSTRIAL ESTATE (P/L 5086) Kapar Klang Malaysia,3.125,101.372
MERU INDUSTRIAL ESTATE (P/L 5086) Kapar Klang Malaysia,3.1185,101.424
JLN SKI 8/KU7 KAW INDUSTRI HI-TECH SG. KAPAR INDAH Kapar Klang Malaysia,3.1195,101.3593
JALAN SKI 7/KU7 KAW INDUSTRI HI-TECH SG. KAPAR INDAH Kapar Klang Malaysia,3.111,101.35
JALAN SUNGAI KAPAR INDAH 7/KU7 KAW INDUSTRI HI-TECH SG. KAPAR INDAH Kapar Klang Malaysia,3.109,101.417
JLN SG KAPAR INDAH 8/KU7 KAW INDUSTRI HI-TECH SG. KAPAR INDAH Kapar Klang Malaysia,3.101,101.367
JLN SKI 7/KU7 KAW INDUSTRI HI-TECH SG. KAPAR INDAH Kapar Klang Malaysia,3.1843,101.3599
SG KAPAR INDAH KAW INDUSTRI HI-TECH SG. KAPAR INDAH Kapar Klang Malaysia,3.1106,101.4252
LORONG MUAR KAW JLN KAPAR/BT BELAH Kapar Klang Malaysia,3.056,101.424
JALAN 5/KU6 KAW PERINDUSTRIAN SG PULOH Kapar Klang Malaysia,3.125,101.416
JALAN SKI 7/KU7 KAW. INDUSTRI HI-TECH SG. KAPAR INDAH Kapar Klang Malaysia,3.1015,101.4308
JALAN SKI 17/KU7 KAW. INDUSTRI HI-TECH SG. KAPAR INDAH Kapar Klang Malaysia,3.0996,101.4003
JLN SKI 7/KU7 KAW. INDUSTRI HI-TECH SG. KAPAR INDAH Kapar Klang Malaysia,3.051,101.377
JALAN HARMONI 20/KU3 LCH INDUSTRIAL PARK @ KAPAR Kapar Klang Malaysia,3.1167,101.35
JALAN HARMONI 20/KU3 (SUNGAI PINANG) LCH INDUSTRIAL PARK @ KAPAR Kapar Klang Malaysia,3.099,101.411
JALAN HARMONI 20/KU3 DI SUNGAI PINANG LCH INDUSTRIAL PARK @ KAPAR Kapar Klang Malaysia,3.12,101.336
JLN HARMONI 20/KU3 SG PINANG LCH INDUSTRIAL PARK @ KAPAR Kapar Klang Malaysia,3.1017,101.4134
LORONG HAJI ABDUL MANAN 1 LIGHT IND JALAN HILLSWOOD Kapar Klang Malaysia,3.1369,101.4114
JLN KORPORAT 7B/KU9 MERU INDUSTRIAL PARK Kapar Klang Malaysia,3.138,101.437
JALAN KORPORAT 7B/KU9 MERU INDUSTRIAL PARK Kapar Klang Malaysia,3.1349,101.4708
JALAN KORPORAT 7E/KU9 MERU INDUSTRIAL PARK Kapar Klang Malaysia,3.1799,101.4333
JLN KOPORAT 5/KU 9 MERU INDUSTRIAL PARK Kapar Klang Malaysia,3.1207,101.4552
JLN KORPORAT 5/KU9 MERU INDUSTRIAL PARK Kapar Klang Malaysia,3.1029,101.4266
JLN KORPORAT 7C/KU9 MERU INDUSTRIAL PARK Kapar Klang Malaysia,3.1535,101.4043
JLN KORPORAT 7D/KU9 MERU INDUSTRIAL PARK Kapar Klang Malaysia,3.145,101.434
JLN TERUNTUM 3 MERU INDUSTRIAL PARK Kapar Klang Malaysia,3.0757,101.4064
MERU INDUSTRIAL PARK MERU INDUSTRIAL PARK Kapar Klang Malaysia,3.1456,101.4137
LORONG SUNGAI PULOH 10/KU6 MERU TECHNOLOGY PARK 2 (P/L 6499) Kapar Klang Malaysia,3.0969,101.4368
JALAN PERINDUSTRIAN 4/KU8 NOUVELLE INDUSTRIAL PARK MERU (PL 6098) Kapar Klang Malaysia,3.1215,101.4269
JLN PERINDUSTRIAN 4/KU8 NOUVELLE INDUSTRIAL PARK MERU (PL 6098) Kapar Klang Malaysia,3.0935,101.449
NOUVELLE IND PARK MERU NOUVELLE INDUSTRIAL PARK MERU (PL 6098) Kapar Klang Malaysia,3.1505,101.3564
JLN KAPAR OFF JALAN KAPAR Kapar Klang Malaysia,3.034,101.383
LRG MUAR OFF JALAN KAPAR Kapar Klang Malaysia,3.0508,101.3544
JALAN TIGA PHUAR TECK SENG INDUSTRIAL PARK Kapar Klang Malaysia,3.1194,101.4165
"JLN 3, OFF JLN HJ SIRAT PHUAR TECK SENG INDUSTRIAL PARK Kapar Klang Malaysia",3.0167,101.4
JALAN HJ. SIRAT RANGKAIAN MASYUR IND. PARK Kapar Klang Malaysia,3.1749,101.3831
JLN PERMAI 3 RANGKAIAN MASYUR IND. PARK Kapar Klang Malaysia,3.113,101.415
JALAN PENGASAH 4 RANTAU PANJANG LIGHT IND. Kapar Klang Malaysia,3.1,101.399
JLN PENGASAH 4 RANTAU PANJANG LIGHT IND. Kapar Klang Malaysia,3.105,101.418
JLN SKI 7/KU7 SERI ALAM INDUSTRIAL PARK Kapar Klang Malaysia,3.1309,101.4136
"JALAN SUNGAI RASAU 39 SG RASA IND (P/L 566,1728,1910,1916 ) Kapar Klang Malaysia",3.0529,101.3642
"JLN MOHD SIDIN SG RASA IND (P/L 566,1728,1910,1916 ) Kapar Klang Malaysia",3.095,101.364
"JALAN SUNGAI RASAU 27 SG RASA IND (P/L 584,2554,2555,2538) Kapar Klang Malaysia",3.0569,101.4018
JLN SUNGAI RASAU 20A SG RASA  IND  (P/L 702 ) Kapar Klang Malaysia,3.083,101.316
JLN SUNGAI RASAU 20 SG RASA IND (P/L 702 ) Kapar Klang Malaysia,3.118,101.35
JLN SUNGAI RASAU 20A SG RASA IND (P/L 702 ) Kapar Klang Malaysia,3.06,101.388
JLN 29 SG RASA  IND  (P/L 8281 587) Kapar Klang Malaysia,3.093,101.4
JALAN SG.RASAU 29 (JLN BT 3) SG RASA IND (P/L 8281 587) Kapar Klang Malaysia,3.1439,101.4448
JLN 29 SG RASA IND (P/L 8281 587) Kapar Klang Malaysia,3.104,101.335
JLN SG RASAU 29 OFF JLN BATU TIGA LAMA SG RASA IND (P/L 8281 587) Kapar Klang Malaysia,3.099,101.395
JLN SG KERAMAT 1A SRI MEWAH LIGHT INDUSTRIAL PARK Kapar Klang Malaysia,3.0885,101.4192
JLN SG KERAMAT 1B SRI MEWAH LIGHT INDUSTRIAL PARK Kapar Klang Malaysia,3.1279,101.4139
JLN PENJANA 3 SYIT 91D Kapar Klang Malaysia,3.0844,101.3999
LRG KLANG PERDANA 1B TMN KLANG PERDANA Kapar Klang Malaysia,3.1205,101.3806
JALAN KLANG PERDANA 1 TMN KLANG PERDANA Kapar Klang Malaysia,3.085,101.374
JALAN SRI SEMENTA 9 TMN KLANG PERDANA Kapar Klang Malaysia,3.101,101.436
JLN KLANG PERDANA 1 TMN KLANG PERDANA Kapar Klang Malaysia,3.1599,101.4103
JLN KLANG PERDANA 1B TMN KLANG PERDANA Kapar Klang Malaysia,3.085,101.392
LEBOH KLANG PERDANA TMN KLANG PERDANA Kapar Klang Malaysia,3.14,101.449
LORONG KLANG PERDANA 1A TMN KLANG PERDANA Kapar Klang Malaysia,3.1323,101.489
LRG KLANG PERDANA 1 TMN KLANG PERDANA Kapar Klang Malaysia,3.1546,101.4136
LINTANG SUNGAI KERAMAT 6A TMN  KLANG UTAMA Kapar Klang Malaysia,3.1235,101.4432
LINTANG SUNGAI KERAMAT 6C TMN  KLANG UTAMA Kapar Klang Malaysia,3.067,101.43
JALAN SUNGAI KERAMAT 6 TMN KLANG UTAMA Kapar Klang Malaysia,3.058,101.377
JLN SG KERAMAT 6 TMN KLANG UTAMA Kapar Klang Malaysia,3.093,101.453
JLN SG KERAMAT 31 TMN KLANG UTAMA Kapar Klang Malaysia,3.055,101.449
JLN SG. KERAMAT 6 TMN KLANG UTAMA Kapar Klang Malaysia,3.039,101.417
JLN SUNGAI KERAMAT 3 TMN KLANG UTAMA Kapar Klang Malaysia,3.1056,101.438
LINTANG SUNGAI KERAMAT 1A TMN KLANG UTAMA Kapar Klang Malaysia,3.1268,101.4012
LINTANG SUNGAI KERAMAT 6A TMN KLANG UTAMA Kapar Klang Malaysia,3.0819,101.3527
LORONG SG KERAMAT 1A TMN KLANG UTAMA Kapar Klang Malaysia,3.0775,101.428
LTG SG KERAMAT 6A TMN KLANG UTAMA Kapar Klang Malaysia,3.131,101.478
LTG SG. KERAMAT 6A TMN KLANG UTAMA Kapar Klang Malaysia,3.071,101.43
LORONG SG RASAU 27A TMN OTS Kapar Klang Malaysia,3.1486,101.3879
LORONG SG RASAU 27C TMN OTS Kapar Klang Malaysia,3.0468,101.3587
LORONG SUNGAI RASAU 27A TMN OTS Kapar Klang Malaysia,3.099,101.378
JALAN PERMAI 4 DI JALAN SUNGAI PUTUS TMN PERINDUSTRIAN LCK Kapar Klang Malaysia,3.1004,101.3907
LRG SG PULOH 1A/KU6 TMN TEKNOLOGI GEMILANG (P/L 6519) Kapar Klang Malaysia,3.087,101.395
LRG HJ ABDUL MANAN 1A/KU8 WELLOYD INDUSTRIAL PARK Kapar Klang Malaysia,3.123,101.403
JLN SG CHANDONG 19/KU6 WISDOM 30 INDUSTRIAL PARK Kapar Klang Malaysia,3.1515,101.4296
"BATU 6, JALAN BUKIT KEMUNING ALPINE INDUSRIAL AREA Kelang Klang Malaysia",3.002,101.473
INJAP 34/3 ALPINE INDUSRIAL AREA Kelang Klang Malaysia,3.0488,101.4497
INJAP 34/4 ALPINE INDUSRIAL AREA Kelang Klang Malaysia,3.0136,101.4462
JALAN ENJIN 34/3 ALPINE INDUSRIAL AREA Kelang Klang Malaysia,3.0363,101.4439
JALAN GASKET 34/2 ALPINE INDUSRIAL AREA Kelang Klang Malaysia,3.0372,101.4432
JALAN INJAP 34/4 ALPINE INDUSRIAL AREA Kelang Klang Malaysia,3.0206,101.4502
JLN GASKET 34/2 ALPINE INDUSRIAL AREA Kelang Klang Malaysia,3.035,101.443
SEKSYEN 34 ALPINE INDUSRIAL AREA Kelang Klang Malaysia,3.0333,101.45
JALAN TELOK BATU 36/2 AMJ INDUSTRIAL PARK Kelang Klang Malaysia,3.0126,101.4478
JLN TELOK BATU 9 AMJ INDUSTRIAL PARK Kelang Klang Malaysia,3.0229,101.4438
JLN TELUK BATU 2 AMJ INDUSTRIAL PARK Kelang Klang Malaysia,3.0185,101.4449
JLN TELUK BATU 3 AMJ INDUSTRIAL PARK Kelang Klang Malaysia,3.0605,101.4458
JLN TELUK BATU 9 AMJ INDUSTRIAL PARK Kelang Klang Malaysia,3.043,101.45
JLN TELUK BATU 36/1 AMJ INDUSTRIAL PARK Kelang Klang Malaysia,3.0065,101.4386
JLN TELUK BATU 36/3 AMJ INDUSTRIAL PARK Kelang Klang Malaysia,3.0039,101.4069
LORONG TELOK BATU 4A AMJ INDUSTRIAL PARK Kelang Klang Malaysia,3.0458,101.4448
LORONG TELOK BATU 5 AMJ INDUSTRIAL PARK Kelang Klang Malaysia,3.0489,101.4486
LORONG TELUK BATU 7A AMJ INDUSTRIAL PARK Kelang Klang Malaysia,3.0356,101.4568
LRG TELOK BATU 5 AMJ INDUSTRIAL PARK Kelang Klang Malaysia,3.0707,101.4404
LRG TLK BATU 4 AMJ INDUSTRIAL PARK Kelang Klang Malaysia,3.057,101.4505
LRG TLK BATU 36/3 AMJ INDUSTRIAL PARK Kelang Klang Malaysia,3.0405,101.432
TLK BATU 9 AMJ INDUSTRIAL PARK Kelang Klang Malaysia,3.0369,101.4512
LRG SUNGAI CHANDONG 10E BDR ARMADA PUTRA Kelang Klang Malaysia,3.0644,101.4527
LRG SUNGAI CHANDONG 18E BDR ARMADA PUTRA Kelang Klang Malaysia,3.0167,101.45
JALAN SUNGAI CHANDONG 18 BDR ARMADA PUTRA Kelang Klang Malaysia,3.0015,101.4457
JLN SG CHANDONG 18 BDR ARMADA PUTRA Kelang Klang Malaysia,3.0145,101.4449
JLN SG CHANDONG 18B BDR ARMADA PUTRA Kelang Klang Malaysia,3.0436,101.4517
JLN SG CHANDONG 18E BDR ARMADA PUTRA Kelang Klang Malaysia,3.0219,101.3851
JLN SG CHANDONG 19 BDR ARMADA PUTRA Kelang Klang Malaysia,3.0167,101.45
JLN SG. CHANDONG 19 BDR ARMADA PUTRA Kelang Klang Malaysia,3.033,101.447
JLN SUNGAI CHANDONG 10F BDR ARMADA PUTRA Kelang Klang Malaysia,3.029,101.453
JLN SUNGAI CHANDONG 17 BDR ARMADA PUTRA Kelang Klang Malaysia,3.0433,101.4514
JLN SUNGAI CHANDONG 18 BDR ARMADA PUTRA Kelang Klang Malaysia,3.067,101.439
JLN SUNGAI CHANDONG 18E BDR ARMADA PUTRA Kelang Klang Malaysia,3.002,101.45
JLN SUNGAI CHANDONG 19 BDR ARMADA PUTRA Kelang Klang Malaysia,3.0295,101.4417
LORONG SUNGAI CHANDONG 10E BDR ARMADA PUTRA Kelang Klang Malaysia,3.0207,101.4605
LORONG SUNGAI CHANDONG 10F BDR ARMADA PUTRA Kelang Klang Malaysia,3.047,101.441
LORONG SUNGAI CHANDONG 19 BDR ARMADA PUTRA Kelang Klang Malaysia,3.032,101.426
LRG SG CHANDONG 18B BDR ARMADA PUTRA Kelang Klang Malaysia,3.0288,101.4442
LRG SG CHANDONG 18D BDR ARMADA PUTRA Kelang Klang Malaysia,3.024,101.45
LRG SUNGAI CHANDONG 10A BDR ARMADA PUTRA Kelang Klang Malaysia,3.0159,101.4483
LRG SUNGAI CHANDONG 18D BDR ARMADA PUTRA Kelang Klang Malaysia,3.0745,101.4488
LRG SUNGAI CHONDONG 10B BDR ARMADA PUTRA Kelang Klang Malaysia,3.0088,101.4443
LRG. SUNGAI CHANDONG 10E (PULAU INDAH) BDR ARMADA PUTRA Kelang Klang Malaysia,3.0,101.4
JLN PERMATA 8/KS09 BLACK WATER ESTATE Kelang Klang Malaysia,3.037,101.447
JALAN 5 BUKIT KEMUNING ELECTROPLATING PARK Kelang Klang Malaysia,3.015,101.479
JLN 5 OFF JLN BKT RIMAU BUKIT KEMUNING ELECTROPLATING PARK Kelang Klang Malaysia,3.0845,101.4699
JALAN 20 BUKIT KEMUNING LIGHT IND PARK Kelang Klang Malaysia,3.0115,101.521
JALAN BATERI 34/5 BUKIT KEMUNING LIGHT IND PARK Kelang Klang Malaysia,3.005,101.502
JALAN GEAR 34/8 BUKIT KEMUNING LIGHT IND PARK Kelang Klang Malaysia,3.0257,101.4633
JALAN INDUSTRI 1 BUKIT KEMUNING LIGHT IND PARK Kelang Klang Malaysia,3.0167,101.5333
JALAN INDUSTRI 3 BUKIT KEMUNING LIGHT IND PARK Kelang Klang Malaysia,3.0445,101.533
JALAN KIPAS 34/9 BUKIT KEMUNING LIGHT IND PARK Kelang Klang Malaysia,3.0067,101.5481
"JALAN KIPAS 34/9, SEKSYEN 34 BUKIT KEMUNING LIGHT IND PARK Kelang Klang Malaysia",3.032,101.478
JALAN RIM 34/11 BUKIT KEMUNING LIGHT IND PARK Kelang Klang Malaysia,3.0086,101.4988
JALAN SPRING 34/31 BUKIT KEMUNING LIGHT IND PARK Kelang Klang Malaysia,3.0167,101.45
JALAN TAYAR 34/12 BUKIT KEMUNING LIGHT IND PARK Kelang Klang Malaysia,2.9798,101.5338
JLN INDUSTRI 1 BUKIT KEMUNING LIGHT IND PARK Kelang Klang Malaysia,3.0406,101.5089
JLN SPRING 34/33 BUKIT KEMUNING LIGHT IND PARK Kelang Klang Malaysia,3.0035,101.5489
JLN TAYAR 34/12 BUKIT KEMUNING LIGHT IND PARK Kelang Klang Malaysia,3.0389,101.4998
JLN TERMOSTAT 34/7 BUKIT KEMUNING LIGHT IND PARK Kelang Klang Malaysia,3.0,101.5
JALAN GITAR 33/3 ELITE INDUSTRIAL AREA Kelang Klang Malaysia,3.0305,101.4462
JLN SELAT SELATAN 14 KG BHARU PANDAMARAN Kelang Klang Malaysia,3.001,101.395
JALAN SRI GAMBUT 1 KJ. TECHNO IND PARK Kelang Klang Malaysia,3.0349,101.4544
LORONG SERI GAMBUT 1 KJ. TECHNO IND PARK Kelang Klang Malaysia,3.0368,101.4365
LORONG SERI GAMBUT 2 KJ. TECHNO IND PARK Kelang Klang Malaysia,3.0448,101.4527
LORONG SERI GAMBUT 3 KJ. TECHNO IND PARK Kelang Klang Malaysia,3.0555,101.4566
LORONG SRI GAMBUT 2 KJ. TECHNO IND PARK Kelang Klang Malaysia,3.0449,101.4485
LRG SERI GAMBUT 1 KJ. TECHNO IND PARK Kelang Klang Malaysia,3.0369,101.4523
LRG SERI GAMBUT 2 KJ. TECHNO IND PARK Kelang Klang Malaysia,3.056,101.444
LRG SRI GAMBUT 2 KJ. TECHNO IND PARK Kelang Klang Malaysia,3.0585,101.4536
JALAN ANGGERIK MOKARA 31/59 KOTA KEMUNING Kelang Klang Malaysia,3.0208,101.5146
JALAN ANGGERIK MOKARA 31/60 KOTA KEMUNING Kelang Klang Malaysia,3.0178,101.5643
JALAN ANGGERIK MOKARA 31/64 KOTA KEMUNING Kelang Klang Malaysia,3.0025,101.5125
JLN ANGGERIK MAKORA 31/58 KOTA KEMUNING Kelang Klang Malaysia,3.0098,101.5296
JLN ANGGERIK MOKARA 31/45 KOTA KEMUNING Kelang Klang Malaysia,3.0237,101.526
JLN ANGGERIK MOKARA 31/59 KOTA KEMUNING Kelang Klang Malaysia,3.0146,101.5307
JLN ANGGERIK MOKARA 31/64 KOTA KEMUNING Kelang Klang Malaysia,3.0078,101.5196
JLN ANGGERIK MOKARA 31/61 KOTA KEMUNING INDUSTRIAL PARK Kelang Klang Malaysia,3.0079,101.5206
JALAN ANGGERIK MOKARA 31/51 KOTA KEMUNING INDUSTRIAL PARK Kelang Klang Malaysia,3.0149,101.5158
JALAN ANGGERIK MOKARA 31/62 KOTA KEMUNING INDUSTRIAL PARK Kelang Klang Malaysia,3.035,101.533
JALAN ANGGERIK MOKARA 31/64 KOTA KEMUNING INDUSTRIAL PARK Kelang Klang Malaysia,3.0167,101.534
JALAN SG JELUH 32/201 KOTA KEMUNING INDUSTRIAL PARK Kelang Klang Malaysia,2.9865,101.5661
JALAN SUNGAI JELUH 32/201 KOTA KEMUNING INDUSTRIAL PARK Kelang Klang Malaysia,3.0005,101.512
JLN ANGGERIK MOKARA 31/57 KOTA KEMUNING INDUSTRIAL PARK Kelang Klang Malaysia,3.0029,101.5269
JLN ANGGERIK MOKARA 31/60 KOTA KEMUNING INDUSTRIAL PARK Kelang Klang Malaysia,3.0056,101.5282
JLN ANGGERIK MOKARA 31/64 KOTA KEMUNING INDUSTRIAL PARK Kelang Klang Malaysia,3.0228,101.5503
JLN ANGGERIK MOKARA 31/158 KOTA KEMUNING INDUSTRIAL PARK Kelang Klang Malaysia,3.0039,101.532
JLN ANGGERIK MOKARA 31/164 KOTA KEMUNING INDUSTRIAL PARK Kelang Klang Malaysia,3.003,101.516
JALAN HJ. ABDUL KARIM 53 PERINDUSTRIAN SUNGAI JATI Kelang Klang Malaysia,3.0435,101.4434
JALAN REBANA OFF JALAN SERULING 59 PERINDUSTRIAN SUNGAI JATI Kelang Klang Malaysia,3.0065,101.4478
JLN HJ ABD. KARIM 33 PERINDUSTRIAN SUNGAI JATI Kelang Klang Malaysia,3.0433,101.4504
JLN REBANA PERINDUSTRIAN SUNGAI JATI Kelang Klang Malaysia,3.032,101.449
LRG HJ. ABD. KARIM 19D PERINDUSTRIAN SUNGAI JATI Kelang Klang Malaysia,3.033333,101.45
JALAN 8/10 PULAU INDAH INDUSTRIAL PARK Kelang Klang Malaysia,3.0075,101.434
JALAN PERIGI NENAS 8/10 PULAU INDAH INDUSTRIAL PARK Kelang Klang Malaysia,2.9806,101.3823
JALAN SG PINANG 5/5 PULAU INDAH INDUSTRIAL PARK Kelang Klang Malaysia,3.007,101.377
JALAN SUNGAI PINANG 5/5 PULAU INDAH INDUSTRIAL PARK Kelang Klang Malaysia,3.0013,101.3996
JLN PERIGI NANAS 8/10 PULAU INDAH INDUSTRIAL PARK Kelang Klang Malaysia,3.005,101.397
JLN SG PINANG 5/5 PULAU INDAH INDUSTRIAL PARK Kelang Klang Malaysia,3.0067,101.445
JLN SG PINANG 5/6 PULAU INDAH INDUSTRIAL PARK Kelang Klang Malaysia,2.9776,101.276
JLN SUNGAI PINANG 5/5 PULAU INDAH INDUSTRIAL PARK Kelang Klang Malaysia,3.005,101.349
JLN SUNGAI PINANG 5/6 PULAU INDAH INDUSTRIAL PARK Kelang Klang Malaysia,3.0106,101.3908
"JLN SALUNG 33/26 SEKSYEN 33, SHAH ALAM Kelang Klang Malaysia",3.0853,101.5388
JALAN 33/19 SHAH ALAM TECHNOLOGY PARK Kelang Klang Malaysia,3.0835,101.531
JALAN ANGKLUNG 33/20 SHAH ALAM TECHNOLOGY PARK Kelang Klang Malaysia,3.0228,101.539
JALAN TABLA 33/19 SHAH ALAM TECHNOLOGY PARK Kelang Klang Malaysia,3.0078,101.5518
JALAN TABLA  33/21 SHAH ALAM TECHNOLOGY PARK Kelang Klang Malaysia,3.067,101.521
JALAN TABLA 33/21 SHAH ALAM TECHNOLOGY PARK Kelang Klang Malaysia,3.0536,101.5015
JALAN TABLA /21 SHAH ALAM TECHNOLOGY PARK Kelang Klang Malaysia,3.0207,101.5356
JALAN TALBA 33/21 SHAH ALAM TECHNOLOGY PARK Kelang Klang Malaysia,3.0189,101.5185
JLN SALUNG 33/26 SHAH ALAM TECHNOLOGY PARK Kelang Klang Malaysia,3.0507,101.5183
JLN TABLA 33/21 SHAH ALAM TECHNOLOGY PARK Kelang Klang Malaysia,3.0146,101.5454
JLN TABOH 33/22 SHAH ALAM TECHNOLOGY PARK Kelang Klang Malaysia,3.063,101.546
JLN TAMBORIN 33/23 SHAH ALAM TECHNOLOGY PARK Kelang Klang Malaysia,3.0057,101.5211
JLN TITIR 33/25 SHAH ALAM TECHNOLOGY PARK Kelang Klang Malaysia,3.0729,101.5187
JLN SELAT SELATAN 1 SOBENA JAYA Kelang Klang Malaysia,3.0333,101.45
LRG SELAT SELATAN 30 SOBENA JAYA Kelang Klang Malaysia,3.0515,101.4468
JALAN SELAT SELATAN 2 SOBENA JAYA Kelang Klang Malaysia,3.0295,101.4508
JALAN SELAT SELATAN 3 SOBENA JAYA Kelang Klang Malaysia,3.0376,101.4518
JALAN SELAT SELATAN 4 SOBENA JAYA Kelang Klang Malaysia,3.0384,101.4496
JALAN SELAT SELATAN 12/KS05 SOBENA JAYA Kelang Klang Malaysia,3.029,101.446
JALAN SELAT SELATAN 22 SOBENA JAYA Kelang Klang Malaysia,3.0287,101.4514
JALAN SELAT SELATAN 24 SOBENA JAYA Kelang Klang Malaysia,3.0133,101.4508
JLN SELAT SELATAN 2 SOBENA JAYA Kelang Klang Malaysia,2.997,101.413
JLN SELAT SELATAN 3 SOBENA JAYA Kelang Klang Malaysia,3.028,101.454
JLN SELAT SELATAN 4 SOBENA JAYA Kelang Klang Malaysia,3.0316,101.4545
JLN SELAT SELATAN 4/KS05 SOBENA JAYA Kelang Klang Malaysia,3.0483,101.45
JLN SELAT SELATAN 12 SOBENA JAYA Kelang Klang Malaysia,3.0,101.45
JLN SELAT SELATAN 12/KS05 SOBENA JAYA Kelang Klang Malaysia,3.0333,101.4333
JLN SELAT SELATAN 14 SOBENA JAYA Kelang Klang Malaysia,3.005,101.449
JLN SELAT SELATAN 14/KS05 SOBENA JAYA Kelang Klang Malaysia,3.0333,101.45
JLN  SELAT SELATAN 22 SOBENA JAYA Kelang Klang Malaysia,3.0333,101.45
JLN SELAT SELATAN 22 SOBENA JAYA Kelang Klang Malaysia,3.0365,101.4458
JLN. SELAT SELATAN 22 SOBENA JAYA Kelang Klang Malaysia,3.015,101.448
LORONG SELAT SELATAN 11 SOBENA JAYA Kelang Klang Malaysia,3.0125,101.4492
LRG SELAT SELATAN 11 SOBENA JAYA Kelang Klang Malaysia,3.0083,101.4479
PERSIARAN SELAT SELATAN SOBENA JAYA Kelang Klang Malaysia,3.043,101.449
JLN REBANA 3 TMN  KLANG JAYA Kelang Klang Malaysia,3.019,101.451
JLN REBENA 3 TMN  KLANG JAYA Kelang Klang Malaysia,3.0556,101.4441
JALAN REBANA 3 TMN KLANG JAYA Kelang Klang Malaysia,3.0025,101.4455
LRG HJ ABDUL KARIM 19D TMN KLANG JAYA Kelang Klang Malaysia,3.0447,101.4528
JLN PERMATA 2/KS9 TMN PERINDUSTRIAN AIR HITAM Kelang Klang Malaysia,3.0308,101.4579
JALAN TELOK BATU 10 TMN PERUSAHAAN TELUK BATU Kelang Klang Malaysia,3.0349,101.4499
JALAN TELUK BATU 4 TMN PERUSAHAAN TELUK BATU Kelang Klang Malaysia,3.0308,101.3729
JALAN TELUK BATU 36/2 TMN PERUSAHAAN TELUK BATU Kelang Klang Malaysia,3.0365,101.4455
JLN TELOK BATU 9 TMN PERUSAHAAN TELUK BATU Kelang Klang Malaysia,3.0145,101.429
JLN TELUK BATU 2 TMN PERUSAHAAN TELUK BATU Kelang Klang Malaysia,3.0078,101.4429
JLN TELUK BATU 9 TMN PERUSAHAAN TELUK BATU Kelang Klang Malaysia,3.0059,101.4403
JLN TELUK BATU 10 TMN PERUSAHAAN TELUK BATU Kelang Klang Malaysia,3.0073,101.4416
JLN TELUK BATU 36/3 TMN PERUSAHAAN TELUK BATU Kelang Klang Malaysia,3.0616,101.4507
JLN TLK BATU 1 TMN PERUSAHAAN TELUK BATU Kelang Klang Malaysia,3.012,101.427
JLN TLK BATU 2 TMN PERUSAHAAN TELUK BATU Kelang Klang Malaysia,3.037,101.383
LORONG TELUK BATU 2 TMN PERUSAHAAN TELUK BATU Kelang Klang Malaysia,3.0306,101.4519
TELOK BATU 3 TMN PERUSAHAAN TELUK BATU Kelang Klang Malaysia,3.037,101.452
TELOK BATU 10 TMN PERUSAHAAN TELUK BATU Kelang Klang Malaysia,3.0439,101.4513
JALAN GIGIH 25/41 TMN SRI MUDA Kelang Klang Malaysia,3.0076,101.5328
JLN GIGIH 25/41 TMN SRI MUDA Kelang Klang Malaysia,3.0036,101.4452
JLN KUKUH 25/42 TMN SRI MUDA Kelang Klang Malaysia,3.0319,101.4718
JLN HJ ABDUL SAMAT 1 BT 9 3/4 LIGHT INDUSTRY Pekan Kapar Klang Malaysia,3.0946,101.4182
JALAN SELAT SELATAN 16 SOBENA JAYA Pekan Pendamaran Klang Malaysia,3.039,101.396
JALAN SELAT SELATAN 17 SOBENA JAYA Pekan Pendamaran Klang Malaysia,3.0267,101.4234
JLN SELAT SELATAN 5A SOBENA JAYA Pekan Pendamaran Klang Malaysia,3.0249,101.377
JLN SELAT SELATAN 16 SOBENA JAYA Pekan Pendamaran Klang Malaysia,3.0234,101.4263
JLN SELAT SELATAN 17 SOBENA JAYA Pekan Pendamaran Klang Malaysia,3.043,101.438
LENGKUK SELAT SELATAN SOBENA JAYA Pekan Pendamaran Klang Malaysia,3.002,101.364
PERSIARAN SELAT SELATAN SOBENA JAYA Pekan Pendamaran Klang Malaysia,3.0235,101.4102
JALAN SUNGAI KELADI 1 DI JALAN KEM PELABUHAN KLANG Pekan Port Swettenham Klang Malaysia,3.0008,101.3792
JALAN SUNGAI KELADI 2 PELABUHAN KLANG Pekan Port Swettenham Klang Malaysia,3.0017,101.3898
JLN SUNGAI KELADI 1 PELABUHAN KLANG Pekan Port Swettenham Klang Malaysia,3.025,101.377
JLN SUNGAI KELADI 2 PELABUHAN KLANG Pekan Port Swettenham Klang Malaysia,3.0011,101.3968
OFF JALAN KEM PELABUHAN KLANG Pekan Port Swettenham Klang Malaysia,3.0006,101.4036
JLN CENDANA 46 TMN MUHIBAH Bandar Banting Kuala Langat Malaysia,2.829,101.5
"JALAN HASTA 1 KAW PERUSAHAAN PKNS, TPG Pekan Jenjarom Kuala Langat Malaysia",2.8759,101.5158
"JLN HASTA 1 KAW PERUSAHAAN PKNS, TPG Pekan Jenjarom Kuala Langat Malaysia",2.93,101.503
JALAN EMAS 12 BDR SG. EMAS Pekan Sungai Manggis Kuala Langat Malaysia,2.8388,101.5445
JALAN EMAS 13 BDR SG. EMAS Pekan Sungai Manggis Kuala Langat Malaysia,2.8456,101.4827
JLN EMAS 13 BDR SG. EMAS Pekan Sungai Manggis Kuala Langat Malaysia,2.9067,101.525
JLN EMAS 14 BDR SG. EMAS Pekan Sungai Manggis Kuala Langat Malaysia,2.825,101.5
JLN SG EMAS 13 BDR SG. EMAS Pekan Sungai Manggis Kuala Langat Malaysia,2.8617,101.5235
JALAN SENTOSA (107D) INDUSTRIAL PARK Pekan Tg Dua Belas Kuala Langat Malaysia,2.955,101.506
JLN EMAS 13 BDR SG. EMAS Tanjung 12 Kuala Langat Malaysia,2.8416,101.4611
JLN TPP 18 I-HUB PUCHONG Tanjung 12 Kuala Langat Malaysia,3.0017,101.6169
JALAN SAGA 1 KAW PERUSAHAAN JENJAROM Tanjung 12 Kuala Langat Malaysia,2.8008,101.5162
JLN SAGA BATU KAW PERUSAHAAN JENJAROM Tanjung 12 Kuala Langat Malaysia,2.8185,101.5185
"OFF JLN TPP PUTRA INDUSTRIAL PARK, PUCHONG Tanjung 12 Kuala Langat Malaysia",2.9933,101.6088
JALAN BERLIAN 8 TMN YAYASAN Tanjung 12 Kuala Langat Malaysia,2.767,101.516
JLN BERLIAN 6 TMN YAYASAN Tanjung 12 Kuala Langat Malaysia,2.8125,101.492
JLN BERLIAN 8 TMN YAYASAN Tanjung 12 Kuala Langat Malaysia,2.807,101.512
JLN MELOR 7 BANDAR SIJANGKANG Telok Panglima Garang Kuala Langat Malaysia,2.8875,101.504
TLK PANGLIMA GARANG BANDAR SIJANGKANG Telok Panglima Garang Kuala Langat Malaysia,2.8567,101.4969
JALAN RAJAWALI 5 KAW PERINDUSTRIAN SG.RAMBAI Telok Panglima Garang Kuala Langat Malaysia,2.8614,101.4798
JLN MELOR 7 TPG INDUSTRIAL PARK Telok Panglima Garang Kuala Langat Malaysia,2.9819,101.4998
JALAN KOKO 2/2 TPG INDUSTRIAL PARK Telok Panglima Garang Kuala Langat Malaysia,2.8462,101.4398
JALAN NATRIUM 2/6 TPG INDUSTRIAL PARK Telok Panglima Garang Kuala Langat Malaysia,2.8575,101.505
JLN ANGGERIK TPG INDUSTRIAL PARK Telok Panglima Garang Kuala Langat Malaysia,2.9929,101.4879
"JLN MELOR 7, SUNGAI RAMBAI TPG INDUSTRIAL PARK Telok Panglima Garang Kuala Langat Malaysia",3.006,101.458
SUNGAI RAMBAI TPG INDUSTRIAL PARK Telok Panglima Garang Kuala Langat Malaysia,2.8726,101.5274
JALAN IPOH OFF JALAN IPOH Kuala Lumpur Town Centre Kuala Lumpur Malaysia,3.1695,101.6914
JALAN 2/89C OFF JALAN SUNGAI BESI Kuala Lumpur Town Centre Kuala Lumpur Malaysia,3.1306,101.6972
JALAN SEGAMBUT SEGAMBUT INDUSTRIAL AREA Kuala Lumpur Town Centre Kuala Lumpur Malaysia,3.1779,101.6846
JALAN 8/91 SHAMELIN PERKASA Mukim Ampang Kuala Lumpur Malaysia,3.1078,101.7508
JLN 10/91 SHAMELIN PERKASA Mukim Ampang Kuala Lumpur Malaysia,3.1145,101.7513
JLN 4/37A KELANG LAMA BUSINESS PARK Mukim Batu Kuala Lumpur Malaysia,3.1469,101.6537
JALAN METRO PERDANA TIMUR 5 KEPONG ENTREPRENEURS PARK Mukim Batu Kuala Lumpur Malaysia,3.2075,101.6335
JALAN METRO PERDANA TIMUR 11 KEPONG ENTREPRENEURS PARK Mukim Batu Kuala Lumpur Malaysia,3.2025,101.6489
JALAN 9/34A KEPONG ENTREPRENEURS PARK Mukim Batu Kuala Lumpur Malaysia,3.2165,101.659
JALAN METRO PERDANA TIMUR KEPONG ENTREPRENEURS PARK Mukim Batu Kuala Lumpur Malaysia,3.2078,101.6586
JALAN METRO PERDANA TIMUR 4 KEPONG ENTREPRENEURS PARK Mukim Batu Kuala Lumpur Malaysia,3.2006,101.6406
JALAN METRO PERDANA  TIMUR 5(7/34A) KEPONG ENTREPRENEURS PARK Mukim Batu Kuala Lumpur Malaysia,3.1956,101.6679
JALAN METRO PERDANA TIMUR 7 KEPONG ENTREPRENEURS PARK Mukim Batu Kuala Lumpur Malaysia,3.2028,101.6554
JLN 7/34A KEPONG ENTREPRENEURS PARK Mukim Batu Kuala Lumpur Malaysia,3.1975,101.6505
JLN METRO PERDANA TIMUR 10 KEPONG ENTREPRENEURS PARK Mukim Batu Kuala Lumpur Malaysia,3.2105,101.6405
JALAN 5/33B MWE COMERCIAL PARK Mukim Batu Kuala Lumpur Malaysia,3.209,101.694
JLN 3/33B MWE COMERCIAL PARK Mukim Batu Kuala Lumpur Malaysia,3.2078,101.7117
JLN 4/33B MWE COMERCIAL PARK Mukim Batu Kuala Lumpur Malaysia,3.1815,101.688
OFF JLN KEPONG MWE COMERCIAL PARK Mukim Batu Kuala Lumpur Malaysia,3.1986,101.6494
JALAN 1/57D SEGAMBUT INDUSTRIAL AREA Mukim Batu Kuala Lumpur Malaysia,3.1799,101.6837
JLN 1/57D SEGAMBUT INDUSTRIAL AREA Mukim Batu Kuala Lumpur Malaysia,3.1829,101.6888
JLN 2/57B SEGAMBUT INDUSTRIAL AREA Mukim Batu Kuala Lumpur Malaysia,3.2018,101.6664
OFF J SEGAMBUT SEGAMBUT INDUSTRIAL AREA Mukim Batu Kuala Lumpur Malaysia,3.177,101.679
2/10B SPRINGCREST INDUSTRIAL PARK Mukim Batu Kuala Lumpur Malaysia,3.185,101.729
JALAN 2/10B SPRINGCREST INDUSTRIAL PARK Mukim Batu Kuala Lumpur Malaysia,3.2027,101.6892
JALAN 3/10B SPRINGCREST INDUSTRIAL PARK Mukim Batu Kuala Lumpur Malaysia,3.1769,101.6869
10/34B SRI EDARAN LIGHT INDUSTRIAL PARK Mukim Batu Kuala Lumpur Malaysia,3.2057,101.6619
JALAN 9/34B SRI EDARAN LIGHT INDUSTRIAL PARK Mukim Batu Kuala Lumpur Malaysia,3.1946,101.7074
JALAN 10/34B SRI EDARAN LIGHT INDUSTRIAL PARK Mukim Batu Kuala Lumpur Malaysia,3.2126,101.6842
JALAN 11/34B SRI EDARAN LIGHT INDUSTRIAL PARK Mukim Batu Kuala Lumpur Malaysia,3.1868,101.7048
JALAN METRO PERDANA BARAT 5 SRI EDARAN LIGHT INDUSTRIAL PARK Mukim Batu Kuala Lumpur Malaysia,3.2205,101.6908
JALAN METRO PERDANA BARAT 6 SRI EDARAN LIGHT INDUSTRIAL PARK Mukim Batu Kuala Lumpur Malaysia,3.2066,101.6767
JALAN METRO PERDANA BARAT 11 SRI EDARAN LIGHT INDUSTRIAL PARK Mukim Batu Kuala Lumpur Malaysia,3.1946,101.6785
JALAN METRO PERDANA BARAT 12 SRI EDARAN LIGHT INDUSTRIAL PARK Mukim Batu Kuala Lumpur Malaysia,3.2042,101.6807
JALAN METRO PERDANA BARAT 13 SRI EDARAN LIGHT INDUSTRIAL PARK Mukim Batu Kuala Lumpur Malaysia,3.2056,101.6706
JLN 4/34B(JALAN METRO PERDANA SRI EDARAN LIGHT INDUSTRIAL PARK Mukim Batu Kuala Lumpur Malaysia,3.1915,101.6926
JLN 4/34B(JALAN METRO PERDANA BARAT 6) SRI EDARAN LIGHT INDUSTRIAL PARK Mukim Batu Kuala Lumpur Malaysia,3.2022,101.6808
JLN 10/34B SRI EDARAN LIGHT INDUSTRIAL PARK Mukim Batu Kuala Lumpur Malaysia,3.1675,101.6997
JLN 10/34B(METRO PERDANA 12) SRI EDARAN LIGHT INDUSTRIAL PARK Mukim Batu Kuala Lumpur Malaysia,3.1969,101.6656
JLN 10/34B(METRO PERDANA BARAT SRI EDARAN LIGHT INDUSTRIAL PARK Mukim Batu Kuala Lumpur Malaysia,3.1956,101.6672
JLN METRO PERDANA BARAT 13 SRI EDARAN LIGHT INDUSTRIAL PARK Mukim Batu Kuala Lumpur Malaysia,3.2027,101.7108
JALAN SIBU 17 TAMAN WAHYU Mukim Batu Kuala Lumpur Malaysia,3.1997,101.6917
JALAN SIBU 18 TAMAN WAHYU Mukim Batu Kuala Lumpur Malaysia,3.2246,101.6815
JLN SIBU 17 TAMAN WAHYU Mukim Batu Kuala Lumpur Malaysia,3.2017,101.6856
JLN SIBU 18 TAMAN WAHYU Mukim Batu Kuala Lumpur Malaysia,3.2269,101.6881
LORONG SEGAMBUT 1 TEH WANG SANG Mukim Batu Kuala Lumpur Malaysia,3.1917,101.6736
LORONG SEGAMBUT 2 TEH WANG SANG Mukim Batu Kuala Lumpur Malaysia,3.1829,101.6767
JALAN 31/10A TMN PERINDUSTRIAN MUKIM BATU Mukim Batu Kuala Lumpur Malaysia,3.1865,101.7082
JALAN 12/32B TSI BUSINESS INDUSTRIAL PARK Mukim Batu Kuala Lumpur Malaysia,3.2069,101.6786
JALAN 12/32B ( TSI BUSS. IND.PARK) TSI BUSINESS INDUSTRIAL PARK Mukim Batu Kuala Lumpur Malaysia,3.2119,101.6763
JLN 12/32B TSI BUSINESS INDUSTRIAL PARK Mukim Batu Kuala Lumpur Malaysia,3.1997,101.6886
TSI BUSINESS IND PARK TSI BUSINESS INDUSTRIAL PARK Mukim Batu Kuala Lumpur Malaysia,3.1675,101.6938
PESIARAN MEWAH BANDAR TUN RAZAK Mukim Kuala Lumpur Kuala Lumpur Malaysia,3.0856,101.7369
JALAN 2/148A SG. BESI IND. PARK Mukim Kuala Lumpur Kuala Lumpur Malaysia,3.0769,101.7118
JLN 1/148A SG. BESI IND. PARK Mukim Kuala Lumpur Kuala Lumpur Malaysia,3.078,101.731
JLN 2/148A SG. BESI IND. PARK Mukim Kuala Lumpur Kuala Lumpur Malaysia,3.1027,101.7184
"JLN 2/148A, OFF JLN 1/108C SG. BESI IND. PARK Mukim Kuala Lumpur Kuala Lumpur Malaysia",3.0116,101.7112
JALAN 10/108C TMN SG. BESI (KG. PAKAR) Mukim Kuala Lumpur Kuala Lumpur Malaysia,3.1007,101.7315
JLN 10/108C TMN SG. BESI (KG. PAKAR) Mukim Kuala Lumpur Kuala Lumpur Malaysia,3.139,101.6869
JLN 11/108C TMN SG. BESI (KG. PAKAR) Mukim Kuala Lumpur Kuala Lumpur Malaysia,3.0872,101.7168
JALAN 14/108C TMN SG. BESI(KG. PAKAR) Mukim Kuala Lumpur Kuala Lumpur Malaysia,3.0903,101.7118
JLN 5/108C TMN SG. BESI(KG. PAKAR) Mukim Kuala Lumpur Kuala Lumpur Malaysia,3.0925,101.7182
JLN 10/108C TMN SG. BESI(KG. PAKAR) Mukim Kuala Lumpur Kuala Lumpur Malaysia,3.0739,101.7349
JLN 13/108C TMN SG. BESI(KG. PAKAR) Mukim Kuala Lumpur Kuala Lumpur Malaysia,3.1073,101.7128
JALAN DAMAI PUSPA 1 ALAM DAMAI INDUSTRIAL PARK Mukim Petaling Kuala Lumpur Malaysia,3.0649,101.7403
JLN 7/155 BUKIT JALIL INTERGRATED BUSINESS PARK Mukim Petaling Kuala Lumpur Malaysia,3.0598,101.6667
JALAN 7/155 BUKIT JALIL INTERGRATED BUSINESS PARK Mukim Petaling Kuala Lumpur Malaysia,3.0519,101.6659
JALAN 9/155 BUKIT JALIL INTERGRATED BUSINESS PARK Mukim Petaling Kuala Lumpur Malaysia,3.0675,101.6667
JALAN 10/155 BUKIT JALIL INTERGRATED BUSINESS PARK Mukim Petaling Kuala Lumpur Malaysia,3.0609,101.6727
JALAN 11/155 BUKIT JALIL INTERGRATED BUSINESS PARK Mukim Petaling Kuala Lumpur Malaysia,3.067,101.654
JALAN 12/155 BUKIT JALIL INTERGRATED BUSINESS PARK Mukim Petaling Kuala Lumpur Malaysia,3.064,101.687
JLN 8/155 BUKIT JALIL INTERGRATED BUSINESS PARK Mukim Petaling Kuala Lumpur Malaysia,3.0609,101.6585
JALAN  4/118C DESA TUN RAZAK 2 Mukim Petaling Kuala Lumpur Malaysia,3.0919,101.7073
JALAN 7/118B DESA TUN RAZAK 2 Mukim Petaling Kuala Lumpur Malaysia,3.0961,101.7114
JALAN 9/118B DESA TUN RAZAK 2 Mukim Petaling Kuala Lumpur Malaysia,3.0845,101.7358
JALAN 11/118B DESA TUN RAZAK 2 Mukim Petaling Kuala Lumpur Malaysia,3.105,101.72
JALAN 12/118B DESA TUN RAZAK 2 Mukim Petaling Kuala Lumpur Malaysia,3.0805,101.7199
JLN 3/118C DESA TUN RAZAK 2 Mukim Petaling Kuala Lumpur Malaysia,3.099,101.728
JLN 5/118C DESA TUN RAZAK 2 Mukim Petaling Kuala Lumpur Malaysia,3.0947,101.7208
JLN 6/118C DESA TUN RAZAK 2 Mukim Petaling Kuala Lumpur Malaysia,3.0858,101.7344
JLN 11/118B DESA TUN RAZAK 2 Mukim Petaling Kuala Lumpur Malaysia,3.0847,101.7169
JLN 13/118B DESA TUN RAZAK 2 Mukim Petaling Kuala Lumpur Malaysia,3.1085,101.7221
JALAN 2/131A OFF JLN KLANG LAMA PROJEK JAYA INDUSTRIAL INDUSTRIAL ESTATE Mukim Petaling Kuala Lumpur Malaysia,3.0815,101.6762
JLN 1/137B RESOURCE IND. CENTRE Mukim Petaling Kuala Lumpur Malaysia,3.0711,101.6954
JLN 30A/146 TAMAN DESA TASEK Mukim Petaling Kuala Lumpur Malaysia,3.0986,101.6586
JLN 30D/146 TAMAN DESA TASEK Mukim Petaling Kuala Lumpur Malaysia,3.1049,101.6788
JLN TASIK SELATAN 30D TAMAN DESA TASEK Mukim Petaling Kuala Lumpur Malaysia,3.0929,101.6646
JALAN 8/152 TAMAN INDUSTRI OUG Mukim Petaling Kuala Lumpur Malaysia,3.0769,101.6869
JLN 2/152 TAMAN INDUSTRI OUG Mukim Petaling Kuala Lumpur Malaysia,3.0887,101.6675
JALAN 7/152 TAMAN INDUSTRI OUG Mukim Petaling Kuala Lumpur Malaysia,3.1002,101.6879
JALAN 9/152 TAMAN INDUSTRI OUG Mukim Petaling Kuala Lumpur Malaysia,3.0825,101.683
JALAN 10/152 TAMAN INDUSTRI OUG Mukim Petaling Kuala Lumpur Malaysia,3.0829,101.6833
JLN 4/152 TAMAN INDUSTRI OUG Mukim Petaling Kuala Lumpur Malaysia,3.0839,101.6709
JLN 6/152 TAMAN INDUSTRI OUG Mukim Petaling Kuala Lumpur Malaysia,3.0698,101.6778
JLN 7/152 TAMAN INDUSTRI OUG Mukim Petaling Kuala Lumpur Malaysia,3.0654,101.6879
JLN 8/152 TAMAN INDUSTRI OUG Mukim Petaling Kuala Lumpur Malaysia,3.0655,101.6683
JLN 9/152 TAMAN INDUSTRI OUG Mukim Petaling Kuala Lumpur Malaysia,3.0787,101.6729
JLN 10/152 TAMAN INDUSTRI OUG Mukim Petaling Kuala Lumpur Malaysia,3.0619,101.6805
JALAN SERI REJANG 3 PUSAT INDUSTRI SRI RAMPAI Mukim Setapak Kuala Lumpur Malaysia,3.2025,101.7345
JALAN SERI REJANG 4 PUSAT INDUSTRI SRI RAMPAI Mukim Setapak Kuala Lumpur Malaysia,3.1925,101.7315
JALAN SERI REJANG 5 PUSAT INDUSTRI SRI RAMPAI Mukim Setapak Kuala Lumpur Malaysia,3.2069,101.7237
LORONG PERUSAHAAN 1A KAW PERUSAHAAN PKNS KUALA SELANGOR Bandar Kuala Selangor Kuala Selangor Malaysia,3.3406,101.2468
LORONG PERUSAHAAN 1B KAW PERUSAHAAN PKNS KUALA SELANGOR Bandar Kuala Selangor Kuala Selangor Malaysia,3.3405,101.2516
LRG PERUSAHAAN 1A KAW PERUSAHAAN PKNS KUALA SELANGOR Bandar Kuala Selangor Kuala Selangor Malaysia,3.3445,101.2511
LRG PERUSAHAAN 1B KAW PERUSAHAAN PKNS KUALA SELANGOR Bandar Kuala Selangor Kuala Selangor Malaysia,3.3425,101.2484
JLN ECO PERINDUSTRIAN 1/1A ECO PERINDUSTRIAN 5 Ijok Kuala Selangor Malaysia,3.2385,101.341
JLN ECO PERINDUSTRIAN 1/2A ECO PERINDUSTRIAN 5 Ijok Kuala Selangor Malaysia,3.2797,101.3449
JLN ECO PERINDUSTRIAN FASA 3A01 ECO PERINDUSTRIAN 5 Ijok Kuala Selangor Malaysia,3.2996,101.2859
JALAN ECO PERINDUSTRIAN ECO PERINDUSTRIAN V Ijok Kuala Selangor Malaysia,3.3705,101.2972
JALAN ECO PERINDUSTRIAN 1/1A ECO PERINDUSTRIAN V Ijok Kuala Selangor Malaysia,3.2925,101.3389
JALAN ECO PERINDUSTRIAN 1/1B ECO PERINDUSTRIAN V Ijok Kuala Selangor Malaysia,3.3336,101.4042
JALAN ECO PERINDUSTRIAN 1/2B ECO PERINDUSTRIAN V Ijok Kuala Selangor Malaysia,3.3089,101.2666
JLN ECO PERINDUSTRIAN ECO PERINDUSTRIAN V Ijok Kuala Selangor Malaysia,3.249,101.377
JLN ECO PERINDUSTRIAN 1/1B ECO PERINDUSTRIAN V Ijok Kuala Selangor Malaysia,3.2009,101.4002
JLN ECO PERINDUSTRIAN 1/2A ECO PERINDUSTRIAN V Ijok Kuala Selangor Malaysia,3.2728,101.2388
JLN TIAJ 1/2 TMN INDUSTRI ALAM JAYA Ijok Kuala Selangor Malaysia,3.245,101.357
JLN KIIP 1 TMN PERINDUSTRIAN KIIP Jeram Kuala Selangor Malaysia,3.0897,101.3312
JLN KIIP 1/2 TMN PERINDUSTRIAN KIIP Jeram Kuala Selangor Malaysia,3.2017,101.3478
TMN PERINDUSTRIAN K TMN PERINDUSTRIAN KIIP Jeram Kuala Selangor Malaysia,3.2885,101.3436
TMN PERINDUSTRIAN KI TMN PERINDUSTRIAN KIIP Jeram Kuala Selangor Malaysia,3.201,101.339
TMN PERINDUSTRIAN KIIP JERAM TMN PERINDUSTRIAN KIIP Jeram Kuala Selangor Malaysia,3.199,101.362
"JALAN 51/225A SEKSYEN 51/51A , PETALING JAYA Bandar Petaling Jaya Petaling Malaysia",3.0995,101.6374
"JLN 51/225A SEKSYEN 51/51A , PETALING JAYA Bandar Petaling Jaya Petaling Malaysia",3.1046,101.6394
"JLN SS 26/11 SS 26, PETALING JAYA Bandar Petaling Jaya Petaling Malaysia",3.107,101.606
"JLN SS 26/13 SS 26, PETALING JAYA Bandar Petaling Jaya Petaling Malaysia",3.0865,101.6077
"JLN SS 25/28 SS25, PETALING JAYA Bandar Petaling Jaya Petaling Malaysia",3.107,101.605
"JLN SS 25/32 SS25, PETALING JAYA Bandar Petaling Jaya Petaling Malaysia",3.0738,101.5892
"JLN SS 25/34 SS25, PETALING JAYA Bandar Petaling Jaya Petaling Malaysia",3.0869,101.6305
"JLN SS25/32 SS25, PETALING JAYA Bandar Petaling Jaya Petaling Malaysia",3.1073,101.6067
"JLN JEMUJU EMPAT 16/13D SEK. 16, SHAH ALAM Bandar Shah Alam Petaling Malaysia",3.0739,101.5194
"JLN BAWANG BESAR 24/35 SEK. 24, SHAH ALAM Bandar Shah Alam Petaling Malaysia",3.0761,101.5228
"SUBANG JAYA SS19, SUBANG JAYA Bandar Subang Jaya Petaling Malaysia",3.0739,101.5886
JLN JURUANALISIS U1/35 GLENMARIE IND. PARK Bdr Glenmarie Petaling Malaysia,3.096,101.602
JLN PENDIDIK U1/31 GLENMARIE IND. PARK Bdr Glenmarie Petaling Malaysia,3.079,101.586
JLN PENTADBIR U1/30 GLENMARIE IND. PARK Bdr Glenmarie Petaling Malaysia,3.089,101.578
JLN SAUDAGAR SATU U1/16A GLENMARIE IND. PARK Bdr Glenmarie Petaling Malaysia,3.0965,101.5775
JLN U1/32 GLENMARIE IND. PARK Bdr Glenmarie Petaling Malaysia,3.0745,101.5802
JLN U1/35 GLENMARIE IND. PARK Bdr Glenmarie Petaling Malaysia,3.071,101.571
JALAN PENERBIT U1/43 TEMASYA INDUSTRIAL PARK Bdr Glenmarie Petaling Malaysia,3.1069,101.5937
JALAN U1/43 TEMASYA INDUSTRIAL PARK Bdr Glenmarie Petaling Malaysia,3.1057,101.5973
JALAN MJ/5 (JALAN PJS 1/17) PUSAT PERINDUSTRIAN MAJU JAYA Bdr Petaling Jaya Selatan Petaling Malaysia,3.067,101.624
JALAN PJS 3/4 TMN MEDAN Bdr Petaling Jaya Selatan Petaling Malaysia,3.0916,101.6446
JLN PJS 3/1 TMN MEDAN Bdr Petaling Jaya Selatan Petaling Malaysia,3.0845,101.6502
JLN PJS 3/2 TMN MEDAN Bdr Petaling Jaya Selatan Petaling Malaysia,3.0749,101.6448
JLN PJS 3/4 TMN MEDAN Bdr Petaling Jaya Selatan Petaling Malaysia,3.0889,101.6468
JLN PJS 3/5 TMN MEDAN Bdr Petaling Jaya Selatan Petaling Malaysia,3.0769,101.6553
JLN PJS 3/6 TMN MEDAN Bdr Petaling Jaya Selatan Petaling Malaysia,3.0766,101.6368
JALAN PJS 1/30 (P.U.5) TMN PETALING UTAMA Bdr Petaling Jaya Selatan Petaling Malaysia,3.0764,101.6203
JLN PETALING UTAMA 1 @ JLN PJS 1/26 TMN PETALING UTAMA Bdr Petaling Jaya Selatan Petaling Malaysia,3.081,101.643
JLN PJS 1/21A TMN PETALING UTAMA Bdr Petaling Jaya Selatan Petaling Malaysia,3.0817,101.6497
JLN PJS 1/28 (P.U.3) TMN PETALING UTAMA Bdr Petaling Jaya Selatan Petaling Malaysia,3.0735,101.6618
JLN PJS 1/30 (P.U.5) TMN PETALING UTAMA Bdr Petaling Jaya Selatan Petaling Malaysia,3.0735,101.6456
JLN GANGSA SD 5/3H BDR BARU SRI DAMANSARA Bdr Sri Damansara Petaling Malaysia,3.1935,101.6158
JALAN GANGSA SD 5/3D BDR BARU SRI DAMANSARA Bdr Sri Damansara Petaling Malaysia,3.2016,101.6154
JALAN TEMBAGA SD 5/2C BDR BARU SRI DAMANSARA Bdr Sri Damansara Petaling Malaysia,3.1796,101.6166
JALAN TEMBAGA SD 5/2G BDR BARU SRI DAMANSARA Bdr Sri Damansara Petaling Malaysia,3.1822,101.6058
JLN EMAS SD 5/1A BDR BARU SRI DAMANSARA Bdr Sri Damansara Petaling Malaysia,3.193,101.627
JLN EMAS SD 5/1B BDR BARU SRI DAMANSARA Bdr Sri Damansara Petaling Malaysia,3.1938,101.6157
JLN GANGSA SD 5/3C BDR BARU SRI DAMANSARA Bdr Sri Damansara Petaling Malaysia,3.182,101.632
JLN GANGSA SD 5/3D BDR BARU SRI DAMANSARA Bdr Sri Damansara Petaling Malaysia,3.1849,101.6239
JLN SD 5/2F BDR BARU SRI DAMANSARA Bdr Sri Damansara Petaling Malaysia,3.2045,101.6178
JLN SD 5/2H BDR BARU SRI DAMANSARA Bdr Sri Damansara Petaling Malaysia,3.1969,101.6208
JLN TEMBAGA SD 5/2B BDR BARU SRI DAMANSARA Bdr Sri Damansara Petaling Malaysia,3.179,101.637
JLN TEMBAGA SD 5/2C BDR BARU SRI DAMANSARA Bdr Sri Damansara Petaling Malaysia,3.1978,101.5886
JLN TEMBAGA SD 5/2D BDR BARU SRI DAMANSARA Bdr Sri Damansara Petaling Malaysia,3.2018,101.6239
JLN TEMBAGA SD 5/2G BDR BARU SRI DAMANSARA Bdr Sri Damansara Petaling Malaysia,3.184,101.585
JLN TEMBAGA SD 5/2H BDR BARU SRI DAMANSARA Bdr Sri Damansara Petaling Malaysia,3.1989,101.6315
JLN TEMBAGA SD5/2B BDR BARU SRI DAMANSARA Bdr Sri Damansara Petaling Malaysia,3.177,101.631
JLN TENBAGA SD 5/2H BDR BARU SRI DAMANSARA Bdr Sri Damansara Petaling Malaysia,3.199,101.591
"LRG PJS 7/20B PJS 7, BANDAR SUNWAY Bdr Sunway Petaling Malaysia",3.0727,101.6076
"JALAN PJS 7/17 PJS 7, BANDAR SUNWAY Bdr Sunway Petaling Malaysia",3.0669,101.6036
"JALAN PJS 7/20B PJS 7, BANDAR SUNWAY Bdr Sunway Petaling Malaysia",3.0716,101.6099
"JLN PJS 7/13 PJS 7, BANDAR SUNWAY Bdr Sunway Petaling Malaysia",3.0739,101.6067
"JLN PJS 7/17 PJS 7, BANDAR SUNWAY Bdr Sunway Petaling Malaysia",3.0735,101.6077
JLN PJS 11/9 PJS 11 BANDAR SUNWAY Bdr Sunway Petaling Malaysia,3.0739,101.607
JALAN PJS 11/7 PJS 11 BANDAR SUNWAY Bdr Sunway Petaling Malaysia,3.0676,101.6038
JALAN PJS 11/14 PJS 11 BANDAR SUNWAY Bdr Sunway Petaling Malaysia,3.0739,101.6078
JALAN PJS 11/16 PJS 11 BANDAR SUNWAY Bdr Sunway Petaling Malaysia,3.0749,101.6099
JALAN PJS 11/20 PJS 11 BANDAR SUNWAY Bdr Sunway Petaling Malaysia,3.0736,101.6063
JALAN PJS 11/22 PJS 11 BANDAR SUNWAY Bdr Sunway Petaling Malaysia,3.0709,101.6056
JALAN PJS 11/24 PJS 11 BANDAR SUNWAY Bdr Sunway Petaling Malaysia,3.071,101.607
JLN PJS 11/2 PJS 11 BANDAR SUNWAY Bdr Sunway Petaling Malaysia,3.0669,101.6059
JLN PJS 11/3 PJS 11 BANDAR SUNWAY Bdr Sunway Petaling Malaysia,3.0699,101.6051
JLN PJS 11/5 PJS 11 BANDAR SUNWAY Bdr Sunway Petaling Malaysia,3.0684,101.6059
JLN PJS 11/7 PJS 11 BANDAR SUNWAY Bdr Sunway Petaling Malaysia,3.0723,101.6157
JLN PJS 11/14 PJS 11 BANDAR SUNWAY Bdr Sunway Petaling Malaysia,3.0728,101.6069
JLN PJS 11/16 PJS 11 BANDAR SUNWAY Bdr Sunway Petaling Malaysia,3.072,101.605
JLN PJS 11/22 PJS 11 BANDAR SUNWAY Bdr Sunway Petaling Malaysia,3.0718,101.6076
JLN PJS 11/24 PJS 11 BANDAR SUNWAY Bdr Sunway Petaling Malaysia,3.0674,101.6071
JLN PERMAI 3 TMN PUCHONG PERMAI Bukit Raja Petaling Malaysia,3.0496,101.6092
JALAN U1/78 BATU 3 LIGHT IND.PARK Damansara Petaling Malaysia,3.1049,101.5702
JLN U1/73 BATU 3 LIGHT IND.PARK Damansara Petaling Malaysia,3.1159,101.6513
TAMAN PERINDUSTRIAN BATU TIGA BATU 3 LIGHT IND.PARK Damansara Petaling Malaysia,3.0826,101.5439
JLN PENYELENGGARA U1/77 BT 3 LIGHT IND. PARK Damansara Petaling Malaysia,3.1223,101.6406
JLN PENYAIR U1/44 GLENMARIE IND. PARK Damansara Petaling Malaysia,3.1043,101.5978
"LRG PJS 7/20A @ 7/16A PJS 7, BANDAR SUNWAY Damansara Petaling Malaysia",3.1356,101.6156
JLN PJU 1A/15 PRIME SUBANG LIGHT IND. Damansara Petaling Malaysia,3.1085,101.6132
JALAN PJU 1A/10 PRIME SUBANG LIGHT IND. Damansara Petaling Malaysia,3.135,101.634
JALAN PJU 1A/14 PRIME SUBANG LIGHT IND. Damansara Petaling Malaysia,3.165,101.6
JLN PJU 1A/10 PRIME SUBANG LIGHT IND. Damansara Petaling Malaysia,3.099,101.622
JLN PJU 1A/11 PRIME SUBANG LIGHT IND. Damansara Petaling Malaysia,3.1455,101.6114
JLN PJU 1A/12 PRIME SUBANG LIGHT IND. Damansara Petaling Malaysia,3.1319,101.6019
JLN PJU 1A/13 PRIME SUBANG LIGHT IND. Damansara Petaling Malaysia,3.1222,101.6067
JLN PJU 1A/14 PRIME SUBANG LIGHT IND. Damansara Petaling Malaysia,3.1392,101.6167
"JLN PJU 1A/14, TMN PERINDUSTRIAN JAYA PRIME SUBANG LIGHT IND. Damansara Petaling Malaysia",3.137,101.612
JLN PJU 1A/16 PRIME SUBANG LIGHT IND. Damansara Petaling Malaysia,3.1247,101.6118
JLN PJU 1A/16 (TMN PERINDIUSTRIAN JAYA) PRIME SUBANG LIGHT IND. Damansara Petaling Malaysia,3.1225,101.5999
JLN PJU 1A/18 PRIME SUBANG LIGHT IND. Damansara Petaling Malaysia,3.1132,101.6147
TMN PERINDUSTRIAN JAYA PRIME SUBANG LIGHT IND. Damansara Petaling Malaysia,3.128,101.639
JLN PJU 1A/16 (TPJ 6) PRIME SUBANG LIGHT IND. PARK Damansara Petaling Malaysia,3.1599,101.6119
JLN SUBANG 4 PRIME SUBANG LIGHT IND. PARK Damansara Petaling Malaysia,3.0135,101.545
SUBANG LIGHT INDUSTRIAL PARK PRIME SUBANG LIGHT IND. PARK Damansara Petaling Malaysia,3.0789,101.5333
JALAN SAUJANA INDAH 2 SAUJANA INDAH IND PARK Damansara Petaling Malaysia,3.1428,101.6444
JALAN SAUJANA INDAH 5 SAUJANA INDAH IND PARK Damansara Petaling Malaysia,3.1219,101.6441
JLN SAUJANA INDAH 2 SAUJANA INDAH IND PARK Damansara Petaling Malaysia,3.078,101.591
JLN SAUJANA INDAH 5 SAUJANA INDAH IND PARK Damansara Petaling Malaysia,3.0477,101.4586
JALAN TP 7/5 SIME UEP INDUSTRIAL PARK Damansara Petaling Malaysia,3.0439,101.5938
JLN TP 3/2 SIME UEP INDUSTRIAL PARK Damansara Petaling Malaysia,3.0686,101.6034
JLN TP 7/3 SIME UEP INDUSTRIAL PARK Damansara Petaling Malaysia,3.0769,101.5874
JLN TP 7/5 SIME UEP INDUSTRIAL PARK Damansara Petaling Malaysia,3.055,101.583
JLN TP 7/6 SIME UEP INDUSTRIAL PARK Damansara Petaling Malaysia,3.0327,101.5729
JLN TP 7/7 SIME UEP INDUSTRIAL PARK Damansara Petaling Malaysia,3.0635,101.6092
JLN TP 7/8 SIME UEP INDUSTRIAL PARK Damansara Petaling Malaysia,3.0429,101.5897
JLN TP7/7 SIME UEP SIME UEP INDUSTRIAL PARK Damansara Petaling Malaysia,3.0615,101.594
JLN NILAM 1/1 SUBANG HI-TECH Damansara Petaling Malaysia,3.1036,101.6299
JLN NILAM 1/2 SUBANG HI-TECH Damansara Petaling Malaysia,3.0897,101.6064
JLN NILAM 1/3 SUBANG HI-TECH Damansara Petaling Malaysia,3.0452,101.6128
JLN NILAM 1/6 SUBANG HI-TECH Damansara Petaling Malaysia,3.081,101.564
JLN NILAM 1/8 SUBANG HI-TECH Damansara Petaling Malaysia,3.1101,101.583
JLN NILAM 1/9 SUBANG HI-TECH Damansara Petaling Malaysia,3.0568,101.5941
JLN PJU 1A/16 (TPJ 6) SUBANG LIGHT INDUSTRIAL PARK Damansara Petaling Malaysia,3.1409,101.6418
JALAN PENERBIT U1/43 TEMASYA INDUSTRIAL PARK Damansara Petaling Malaysia,3.0948,101.6001
JALAN PENULIS U1/42 TEMASYA INDUSTRIAL PARK Damansara Petaling Malaysia,3.1587,101.6034
JALAN U1/43 TEMASYA INDUSTRIAL PARK Damansara Petaling Malaysia,3.108,101.586
JLN PENERBIT U1/43 TEMASYA INDUSTRIAL PARK Damansara Petaling Malaysia,3.115,101.613
JLN PENERBITAN U1/43 TEMASYA INDUSTRIAL PARK Damansara Petaling Malaysia,3.1319,101.5946
JLN U1/42 TEMASYA INDUSTRIAL PARK Damansara Petaling Malaysia,3.1708,101.6227
JLN U1/43 TEMASYA INDUSTRIAL PARK Damansara Petaling Malaysia,3.1345,101.6094
JLN U13/43 TEMASYA INDUSTRIAL PARK Damansara Petaling Malaysia,3.1662,101.6156
JLN USJ 7/3A USJ 7 Damansara Petaling Malaysia,3.0738,101.5879
JALAN PERUSAHAAN 3 BDR BARU SG. BULOH Pekan Baru Sg Buluh Petaling Malaysia,3.195,101.578
JLN PERUSAHAAN 2 BDR BARU SG. BULOH Pekan Baru Sg Buluh Petaling Malaysia,3.1999,101.5778
JALAN TSB 2 SUNGAI BULOH INDUSTRIAL PARK Pekan Baru Sg Buluh Petaling Malaysia,3.194,101.573
JLN PJU 3/44 SUNWAY DAMANSARA Pekan Baru Sg Buluh Petaling Malaysia,3.1569,101.6108
JALAN PJU 3/44 SUNWAY DAMANSARA Pekan Baru Sg Buluh Petaling Malaysia,3.1606,101.6108
JLN PENGKALAN GUDANG PSB 12/10 SUNWAY DAMANSARA Pekan Baru Sg Buluh Petaling Malaysia,3.214,101.583
JLN PJU 3/42 SUNWAY DAMANSARA Pekan Baru Sg Buluh Petaling Malaysia,3.1714,101.6028
JLN PJU 3/43 SUNWAY DAMANSARA Pekan Baru Sg Buluh Petaling Malaysia,3.1779,101.6065
JALAN APOLLO U5/197 SUBANG INTERNATIONAL LIGHT IND. PARK 1 Pekan Baru Subang Petaling Malaysia,3.0647,101.5392
JALAN BULAN U5/172 SUBANG INTERNATIONAL LIGHT IND. PARK 1 Pekan Baru Subang Petaling Malaysia,3.0767,101.5364
JALAN U5/187 SUBANG INTERNATIONAL LIGHT IND. PARK 1 Pekan Baru Subang Petaling Malaysia,3.1299,101.5436
JLN APOLLO U5/186 SUBANG INTERNATIONAL LIGHT IND. PARK 1 Pekan Baru Subang Petaling Malaysia,3.091,101.544
JLN APOLLO U5/187 SUBANG INTERNATIONAL LIGHT IND. PARK 1 Pekan Baru Subang Petaling Malaysia,3.1333,101.55
JLN APOLLO U5/188 SUBANG INTERNATIONAL LIGHT IND. PARK 1 Pekan Baru Subang Petaling Malaysia,3.1417,101.536
JLN APOLLO U5/189 SUBANG INTERNATIONAL LIGHT IND. PARK 1 Pekan Baru Subang Petaling Malaysia,3.1369,101.5304
JLN APOLLO U5/190 SUBANG INTERNATIONAL LIGHT IND. PARK 1 Pekan Baru Subang Petaling Malaysia,3.135,101.532
JLN APOLLO U5/191 SUBANG INTERNATIONAL LIGHT IND. PARK 1 Pekan Baru Subang Petaling Malaysia,3.1376,101.5606
JLN APOLLO U5/192 SUBANG INTERNATIONAL LIGHT IND. PARK 1 Pekan Baru Subang Petaling Malaysia,3.1046,101.5742
JLN APOLLO U5/193 SUBANG INTERNATIONAL LIGHT IND. PARK 1 Pekan Baru Subang Petaling Malaysia,3.1319,101.5533
JLN APOLLO  U5/196 SUBANG INTERNATIONAL LIGHT IND. PARK 1 Pekan Baru Subang Petaling Malaysia,3.139,101.617
JLN APOLLO  U5/197 SUBANG INTERNATIONAL LIGHT IND. PARK 1 Pekan Baru Subang Petaling Malaysia,3.1067,101.5369
JLN APPOLO U5/196 SUBANG INTERNATIONAL LIGHT IND. PARK 1 Pekan Baru Subang Petaling Malaysia,3.1307,101.5528
JLN BULAN U1/70 SUBANG INTERNATIONAL LIGHT IND. PARK 1 Pekan Baru Subang Petaling Malaysia,3.139,101.6869
JLN BULAN U5/165 SUBANG INTERNATIONAL LIGHT IND. PARK 1 Pekan Baru Subang Petaling Malaysia,3.1276,101.5272
JLN BULAN U5/166 SUBANG INTERNATIONAL LIGHT IND. PARK 1 Pekan Baru Subang Petaling Malaysia,3.1333,101.5
JLN BULAN U5/167 SUBANG INTERNATIONAL LIGHT IND. PARK 1 Pekan Baru Subang Petaling Malaysia,3.1427,101.5346
JLN BULAN U5/171 SUBANG INTERNATIONAL LIGHT IND. PARK 1 Pekan Baru Subang Petaling Malaysia,3.1126,101.5713
JLN BULAN U5/172 SUBANG INTERNATIONAL LIGHT IND. PARK 1 Pekan Baru Subang Petaling Malaysia,3.1031,101.5812
JLN BULAN  U5/173 SUBANG INTERNATIONAL LIGHT IND. PARK 1 Pekan Baru Subang Petaling Malaysia,3.1439,101.6067
JLN BULAN U5/173 SUBANG INTERNATIONAL LIGHT IND. PARK 1 Pekan Baru Subang Petaling Malaysia,3.0515,101.5854
JLN MARIKH U5/173 SUBANG INTERNATIONAL LIGHT IND. PARK 1 Pekan Baru Subang Petaling Malaysia,3.1269,101.5462
JLN MARIKH U5/175 SUBANG INTERNATIONAL LIGHT IND. PARK 1 Pekan Baru Subang Petaling Malaysia,3.1189,101.5477
JLN U5/166 SUBANG INTERNATIONAL LIGHT IND. PARK 1 Pekan Baru Subang Petaling Malaysia,3.1069,101.5519
JLN U5/168 SUBANG INTERNATIONAL LIGHT IND. PARK 1 Pekan Baru Subang Petaling Malaysia,3.1894,101.5539
JLN U5/173 SUBANG INTERNATIONAL LIGHT IND. PARK 1 Pekan Baru Subang Petaling Malaysia,3.1316,101.5025
JLN U5/187 SUBANG INTERNATIONAL LIGHT IND. PARK 1 Pekan Baru Subang Petaling Malaysia,3.1497,101.5329
JLN  U5/188 SUBANG INTERNATIONAL LIGHT IND. PARK 1 Pekan Baru Subang Petaling Malaysia,3.1147,101.553
JLN U5/190 SUBANG INTERNATIONAL LIGHT IND. PARK 1 Pekan Baru Subang Petaling Malaysia,3.1319,101.5436
JALAN BULAN U5/168 SUBANG INTERNATIONAL LIGHT IND. PARK 11 Pekan Baru Subang Petaling Malaysia,3.0523,101.5196
JLN BULAN U5/165 SUBANG INTERNATIONAL LIGHT IND. PARK 11 Pekan Baru Subang Petaling Malaysia,3.1146,101.5577
JLN BULAN U5/166 SUBANG INTERNATIONAL LIGHT IND. PARK 11 Pekan Baru Subang Petaling Malaysia,3.1367,101.5478
JLN BULAN U5/167 SUBANG INTERNATIONAL LIGHT IND. PARK 11 Pekan Baru Subang Petaling Malaysia,3.0804,101.5317
JLN U5/166 SUBANG INTERNATIONAL LIGHT IND. PARK 11 Pekan Baru Subang Petaling Malaysia,3.1413,101.5494
JLN U5/171 SUBANG INTERNATIONAL LIGHT IND. PARK 11 Pekan Baru Subang Petaling Malaysia,3.0769,101.5635
JLN MARIKH U5/173 SUBANG KRISTAL INDUSTRIAL PARK Pekan Baru Subang Petaling Malaysia,3.093,101.572
JLN MARIKH U5/175 SUBANG KRISTAL INDUSTRIAL PARK Pekan Baru Subang Petaling Malaysia,3.1325,101.5525
JLN MARIKH U5/176 SUBANG KRISTAL INDUSTRIAL PARK Pekan Baru Subang Petaling Malaysia,3.0767,101.5583
JLN U5/176 SUBANG KRISTAL INDUSTRIAL PARK Pekan Baru Subang Petaling Malaysia,3.1413,101.5618
MARIKH U5/173 (TYPE PT) SUBANG KRISTAL INDUSTRIAL PARK Pekan Baru Subang Petaling Malaysia,3.1312,101.5564
JLN APOLLO U5/198 SUBANG LIGHT INDUSTRIAL PARK Pekan Baru Subang Petaling Malaysia,3.1399,101.556
JALAN TPP 5/11 SUBANG HILIR INDUSTRIAL PARK Pekan Desa Puchong Petaling Malaysia,3.0197,101.6163
JLN TPP 5/3 SUBANG HILIR INDUSTRIAL PARK Pekan Desa Puchong Petaling Malaysia,3.0349,101.6152
JLN TPP 5/4 SUBANG HILIR INDUSTRIAL PARK Pekan Desa Puchong Petaling Malaysia,3.0426,101.6178
JLN TPP 5/5 SUBANG HILIR INDUSTRIAL PARK Pekan Desa Puchong Petaling Malaysia,3.0227,101.6246
JLN TPP 5/6 SUBANG HILIR INDUSTRIAL PARK Pekan Desa Puchong Petaling Malaysia,3.018,101.618
JLN TPP 5/7 SUBANG HILIR INDUSTRIAL PARK Pekan Desa Puchong Petaling Malaysia,3.0533,101.6406
JLN TPP 5/10 SUBANG HILIR INDUSTRIAL PARK Pekan Desa Puchong Petaling Malaysia,3.009,101.623
JLN TPP 5/11 SUBANG HILIR INDUSTRIAL PARK Pekan Desa Puchong Petaling Malaysia,3.005,101.611
JLN TPP 5/12 SUBANG HILIR INDUSTRIAL PARK Pekan Desa Puchong Petaling Malaysia,3.0386,101.6151
JLN TPP 5/5 TMN INDUSTRI PUCHONG Pekan Desa Puchong Petaling Malaysia,3.0333,101.6167
"JLN BATU BELAH 27/96 SEK 27, SHAH ALAM Pekan Hicom Petaling Malaysia",3.018,101.541
"JLN 27/90 SEK 27, SHAH ALAM Pekan Hicom Petaling Malaysia",3.0046,101.5543
"JLN KAPAR 27/89 SEK 27, SHAH ALAM Pekan Hicom Petaling Malaysia",3.027,101.518
"JLN PENDAMAR 27/90 SEK 27, SHAH ALAM Pekan Hicom Petaling Malaysia",3.0224,101.517
"JLN BAGAN TERAP 26/11 SEK. 26, SHAH ALAM Pekan Hicom Petaling Malaysia",3.0471,101.5323
"JLN BUKIT BANDUNG 26/4 SEK. 26, SHAH ALAM Pekan Hicom Petaling Malaysia",3.0129,101.5098
JLN CEMPAKA KG. SG. KAYU ARA Pekan Kayu Ara Petaling Malaysia,3.1528,101.6008
JLN SUBANG 4 PRIME SUBANG LIGHT IND. PARK Pekan Penaga Petaling Malaysia,3.0415,101.5928
JLN SUBANG 7/4 SUNGAI PENAGA Pekan Penaga Petaling Malaysia,3.1276,101.5541
JLN TS 6 TMN INDUSTRI SUBANG Pekan Penaga Petaling Malaysia,3.1384,101.6206
JLN TS 6/2 TMN INDUSTRI SUBANG Pekan Penaga Petaling Malaysia,3.2085,101.5218
JALAN TS 6 TMN INDUSTRI SUBANG Pekan Penaga Petaling Malaysia,3.0619,101.6168
JALAN TS 6/4 TMN INDUSTRI SUBANG Pekan Penaga Petaling Malaysia,3.093,101.587
JLN TS 6/4 TMN INDUSTRI SUBANG Pekan Penaga Petaling Malaysia,3.0466,101.5991
JLN TS 6/5 TMN INDUSTRI SUBANG Pekan Penaga Petaling Malaysia,3.0696,101.5328
JLN TS 6/6 TMN INDUSTRI SUBANG Pekan Penaga Petaling Malaysia,3.0235,101.5124
JLN TS 6/7 TMN INDUSTRI SUBANG Pekan Penaga Petaling Malaysia,3.0896,101.553
JALAN INDUSTRI USJ 1/5 TMN PERINDUSTRIAN SUBANG MEWAH Pekan Penaga Petaling Malaysia,3.0169,101.5945
JALAN INDUSTRI USJ 1/11 TMN PERINDUSTRIAN SUBANG MEWAH Pekan Penaga Petaling Malaysia,3.032,101.581
JALAN INDUSTRI USJ 1/12 TMN PERINDUSTRIAN SUBANG MEWAH Pekan Penaga Petaling Malaysia,3.058,101.588
JALAN INDUSTRI USJ 1/15 TMN PERINDUSTRIAN SUBANG MEWAH Pekan Penaga Petaling Malaysia,3.0265,101.5532
JALAN INDUSTRI USJ 1/18 TMN PERINDUSTRIAN SUBANG MEWAH Pekan Penaga Petaling Malaysia,3.0409,101.5853
JALAN PERINDUSTRIAN 1/6 TMN PERINDUSTRIAN SUBANG MEWAH Pekan Penaga Petaling Malaysia,3.1206,101.5388
JALAN PINGGIRAN USJ 1/15 TMN PERINDUSTRIAN SUBANG MEWAH Pekan Penaga Petaling Malaysia,3.0065,101.6037
JLN INDSUTRI USJ 1/13 TMN PERINDUSTRIAN SUBANG MEWAH Pekan Penaga Petaling Malaysia,3.026,101.59
JLN INDUSTRI 1/10 TMN PERINDUSTRIAN SUBANG MEWAH Pekan Penaga Petaling Malaysia,3.1005,101.6223
JLN INDUSTRI 1/17 @ 1/16 TMN PERINDUSTRIAN SUBANG MEWAH Pekan Penaga Petaling Malaysia,3.0727,101.5184
JLN INDUSTRI USJ 1/2 TMN PERINDUSTRIAN SUBANG MEWAH Pekan Penaga Petaling Malaysia,3.005,101.587
JLN INDUSTRI USJ 1/3 TMN PERINDUSTRIAN SUBANG MEWAH Pekan Penaga Petaling Malaysia,3.034,101.585
JLN INDUSTRI USJ 1/4 TMN PERINDUSTRIAN SUBANG MEWAH Pekan Penaga Petaling Malaysia,3.007,101.551
JLN INDUSTRI USJ 1/5 TMN PERINDUSTRIAN SUBANG MEWAH Pekan Penaga Petaling Malaysia,3.0575,101.575
JLN INDUSTRI USJ 1/6 TMN PERINDUSTRIAN SUBANG MEWAH Pekan Penaga Petaling Malaysia,3.0662,101.5836
JLN INDUSTRI USJ 1/10 TMN PERINDUSTRIAN SUBANG MEWAH Pekan Penaga Petaling Malaysia,3.047,101.591
JLN INDUSTRI USJ 1/11 TMN PERINDUSTRIAN SUBANG MEWAH Pekan Penaga Petaling Malaysia,3.039,101.563
JLN INDUSTRI USJ 1/12 TMN PERINDUSTRIAN SUBANG MEWAH Pekan Penaga Petaling Malaysia,3.0576,101.5858
JLN INDUSTRI USJ 1/12 @ PSM 12 TMN PERINDUSTRIAN SUBANG MEWAH Pekan Penaga Petaling Malaysia,3.0235,101.5803
JLN INDUSTRI USJ 1/13 TMN PERINDUSTRIAN SUBANG MEWAH Pekan Penaga Petaling Malaysia,3.0169,101.5836
JLN INDUSTRI USJ 1/15 TMN PERINDUSTRIAN SUBANG MEWAH Pekan Penaga Petaling Malaysia,3.047,101.576
JLN INDUSTRI USJ 1/18 TMN PERINDUSTRIAN SUBANG MEWAH Pekan Penaga Petaling Malaysia,3.037,101.581
JLN USJ 1/4 TMN PERINDUSTRIAN SUBANG MEWAH Pekan Penaga Petaling Malaysia,3.0145,101.5354
JLN USJ 1/11 TMN PERINDUSTRIAN SUBANG MEWAH Pekan Penaga Petaling Malaysia,3.0297,101.5626
JLN USJ 1/15 TMN PERINDUSTRIAN SUBANG MEWAH Pekan Penaga Petaling Malaysia,3.035,101.603
JLN INDUSTRI USJ 1/6 USJ 1 Pekan Penaga Petaling Malaysia,3.056,101.584
JLN INDUSTRI USJ 1/13 USJ 1 Pekan Penaga Petaling Malaysia,3.081,101.581
JLN UTAMA 2/6 PERINDUSTRIAN MAJU JAYA (PUCHONG) Pekan Puchong Perdana Petaling Malaysia,3.0147,101.6136
JLN UTAMA 2/29 PERINDUSTRIAN MAJU JAYA (PUCHONG) Pekan Puchong Perdana Petaling Malaysia,2.9715,101.652
JLN UTAMA 2/2 PERINDUSTRIAN MAJU JAYA (PUCHONG) Pekan Puchong Perdana Petaling Malaysia,3.0347,101.6257
JLN UTAMA 2/7 PERINDUSTRIAN MAJU JAYA (PUCHONG) Pekan Puchong Perdana Petaling Malaysia,3.0365,101.6188
JLN UTAMA 2/9 PERINDUSTRIAN MAJU JAYA (PUCHONG) Pekan Puchong Perdana Petaling Malaysia,3.0195,101.6077
JLN UTAMA 2/12 PERINDUSTRIAN MAJU JAYA (PUCHONG) Pekan Puchong Perdana Petaling Malaysia,3.0328,101.6129
JLN UTAMA 2/13 PERINDUSTRIAN MAJU JAYA (PUCHONG) Pekan Puchong Perdana Petaling Malaysia,3.0164,101.6206
JLN UTAMA 2/16 PERINDUSTRIAN MAJU JAYA (PUCHONG) Pekan Puchong Perdana Petaling Malaysia,3.0161,101.6176
JLN UTAMA 2/21 PERINDUSTRIAN MAJU JAYA (PUCHONG) Pekan Puchong Perdana Petaling Malaysia,3.031,101.628
JLN UTAMA 2/22 PERINDUSTRIAN MAJU JAYA (PUCHONG) Pekan Puchong Perdana Petaling Malaysia,3.018,101.63
JLN UTAMA 2/24 PERINDUSTRIAN MAJU JAYA (PUCHONG) Pekan Puchong Perdana Petaling Malaysia,3.0207,101.6168
JLN UTAMA 2/25 PERINDUSTRIAN MAJU JAYA (PUCHONG) Pekan Puchong Perdana Petaling Malaysia,3.0136,101.6128
JLN UTAMA 2/26 PERINDUSTRIAN MAJU JAYA (PUCHONG) Pekan Puchong Perdana Petaling Malaysia,3.051,101.618
JLN UTAMA 2/27 PERINDUSTRIAN MAJU JAYA (PUCHONG) Pekan Puchong Perdana Petaling Malaysia,3.0228,101.6228
JLN UTAMA 2/30 PERINDUSTRIAN MAJU JAYA (PUCHONG) Pekan Puchong Perdana Petaling Malaysia,3.031,101.6005
JLN UTAMA 2/32 PERINDUSTRIAN MAJU JAYA (PUCHONG) Pekan Puchong Perdana Petaling Malaysia,3.0015,101.6168
JLN UTAMA 2/34 PERINDUSTRIAN MAJU JAYA (PUCHONG) Pekan Puchong Perdana Petaling Malaysia,3.0058,101.6134
JLN UTAMA 2/36 PERINDUSTRIAN MAJU JAYA (PUCHONG) Pekan Puchong Perdana Petaling Malaysia,3.011,101.609
JLN UTAMA 1/4 TMN INDUSTRI PUCHONG PERDANA Pekan Puchong Perdana Petaling Malaysia,3.0238,101.6065
JALAN UTAMA 1/7 TMN INDUSTRI PUCHONG PERDANA Pekan Puchong Perdana Petaling Malaysia,3.0099,101.6142
JALAN UTAMA 1/12 TMN INDUSTRI PUCHONG PERDANA Pekan Puchong Perdana Petaling Malaysia,3.035,101.615
JALAN UTAMA 1/16 TMN INDUSTRI PUCHONG PERDANA Pekan Puchong Perdana Petaling Malaysia,3.028,101.618
JLN UTAMA 1/1 TMN INDUSTRI PUCHONG PERDANA Pekan Puchong Perdana Petaling Malaysia,3.0385,101.6189
JLN UTAMA 1/2 TMN INDUSTRI PUCHONG PERDANA Pekan Puchong Perdana Petaling Malaysia,3.0212,101.6167
JLN UTAMA 1/3 TMN INDUSTRI PUCHONG PERDANA Pekan Puchong Perdana Petaling Malaysia,3.0366,101.6159
JLN UTAMA 1/5 TMN INDUSTRI PUCHONG PERDANA Pekan Puchong Perdana Petaling Malaysia,3.027,101.606
JLN UTAMA 1/6 TMN INDUSTRI PUCHONG PERDANA Pekan Puchong Perdana Petaling Malaysia,3.017,101.616
JLN UTAMA 1/7 TMN INDUSTRI PUCHONG PERDANA Pekan Puchong Perdana Petaling Malaysia,3.0339,101.6156
JLN UTAMA 1/10 TMN INDUSTRI PUCHONG PERDANA Pekan Puchong Perdana Petaling Malaysia,3.015,101.607
JLN UTAMA 1/11 TMN INDUSTRI PUCHONG PERDANA Pekan Puchong Perdana Petaling Malaysia,3.0336,101.6192
JLN UTAMA 1/13 TMN INDUSTRI PUCHONG PERDANA Pekan Puchong Perdana Petaling Malaysia,3.0425,101.619
JLN UTAMA 1/14 TMN INDUSTRI PUCHONG PERDANA Pekan Puchong Perdana Petaling Malaysia,3.0125,101.615
JLN UTAMA 1/15 TMN INDUSTRI PUCHONG PERDANA Pekan Puchong Perdana Petaling Malaysia,3.0305,101.6205
JLN UTAMA 1/16 TMN INDUSTRI PUCHONG PERDANA Pekan Puchong Perdana Petaling Malaysia,3.0047,101.6189
JLN UTAMA 1/17 TMN INDUSTRI PUCHONG PERDANA Pekan Puchong Perdana Petaling Malaysia,3.0068,101.6115
JLN UTAMA 1/2 TMN INDUSTRI PUCHONG UTAMA Pekan Puchong Perdana Petaling Malaysia,3.0131,101.6158
JLN UTAMA 1/3 TMN INDUSTRI PUCHONG UTAMA Pekan Puchong Perdana Petaling Malaysia,3.015,101.609
JLN UTAMA 1/16 TMN INDUSTRI PUCHONG UTAMA Pekan Puchong Perdana Petaling Malaysia,3.0375,101.6188
JLN UTAMA 1/17 TMN INDUSTRI PUCHONG UTAMA Pekan Puchong Perdana Petaling Malaysia,3.0285,101.6325
JLN UTAMA 2/36 TMN INDUSTRI PUCHONG UTAMA Pekan Puchong Perdana Petaling Malaysia,3.0183,101.6156
JLN PBS 14/3 BUKIT SERDANG LIGHT INDUSTRIAL PARK Pekan Serdang Petaling Malaysia,3.0436,101.7242
JLN BS 7/1A BUKIT SERDANG LIGHT INDUSTRIAL PARK Pekan Serdang Petaling Malaysia,3.0305,101.7487
JLN BS 7/12 BUKIT SERDANG LIGHT INDUSTRIAL PARK Pekan Serdang Petaling Malaysia,3.0375,101.7103
JLN BS 7/14 BUKIT SERDANG LIGHT INDUSTRIAL PARK Pekan Serdang Petaling Malaysia,3.0279,101.6882
JLN BS 7/16 BUKIT SERDANG LIGHT INDUSTRIAL PARK Pekan Serdang Petaling Malaysia,3.021,101.731
JLN BS 7/17 BUKIT SERDANG LIGHT INDUSTRIAL PARK Pekan Serdang Petaling Malaysia,3.0287,101.7036
JLN BS 7/19 BUKIT SERDANG LIGHT INDUSTRIAL PARK Pekan Serdang Petaling Malaysia,3.0079,101.6865
JLN PBS 14/2 BUKIT SERDANG LIGHT INDUSTRIAL PARK Pekan Serdang Petaling Malaysia,3.0255,101.6997
JLN PBS 14/4 BUKIT SERDANG LIGHT INDUSTRIAL PARK Pekan Serdang Petaling Malaysia,3.043,101.67
JLN PBS 14/7 BUKIT SRI SERDANG LIGHT INDUSTRIAL PARK Pekan Serdang Petaling Malaysia,3.0217,101.6936
JLN PBS 14/5 BUKIT SRI SERDANG LIGHT INDUSTRIAL PARK Pekan Serdang Petaling Malaysia,3.027,101.718
JLN PBS 14/8 BUKIT SRI SERDANG LIGHT INDUSTRIAL PARK Pekan Serdang Petaling Malaysia,3.05,101.716
JLN PBS 14/9 BUKIT SRI SERDANG LIGHT INDUSTRIAL PARK Pekan Serdang Petaling Malaysia,3.0425,101.7193
JLN PBS 14/10 BUKIT SRI SERDANG LIGHT INDUSTRIAL PARK Pekan Serdang Petaling Malaysia,3.0232,101.7176
JLN PBS 14/11 BUKIT SRI SERDANG LIGHT INDUSTRIAL PARK Pekan Serdang Petaling Malaysia,3.019,101.714
JLN PBS 14/12 BUKIT SRI SERDANG LIGHT INDUSTRIAL PARK Pekan Serdang Petaling Malaysia,3.0105,101.6947
JLN PBS 14/13 BUKIT SRI SERDANG LIGHT INDUSTRIAL PARK Pekan Serdang Petaling Malaysia,3.0035,101.7034
JLN PBS 14/15 BUKIT SRI SERDANG LIGHT INDUSTRIAL PARK Pekan Serdang Petaling Malaysia,3.0062,101.7092
JLN 6/7 SERDANG RAYA (P.K.N.S) Pekan Serdang Petaling Malaysia,3.0102,101.7086
JLN SR 7/9 TMN PUTRA JAYA SEK 4 & 7 Pekan Serdang Petaling Malaysia,3.0267,101.7134
JLN SR 2/5 TMN SERDANG RAYA SEK 2 Pekan Serdang Petaling Malaysia,3.026,101.712
JLN SR 3/6 TMN SERDANG RAYA SEK. 3 Pekan Serdang Petaling Malaysia,3.0333,101.7167
JLN 18/62B TMN SRI SERDANG Pekan Serdang Petaling Malaysia,3.0206,101.7079
JLN 18/62 TMN SRI SERDANG Pekan Serdang Petaling Malaysia,3.0263,101.7046
JLN 18/62A TMN SRI SERDANG Pekan Serdang Petaling Malaysia,3.0029,101.7173
JLN 18/63 TMN SRI SERDANG Pekan Serdang Petaling Malaysia,3.0217,101.7116
JLN 18/64 TMN SRI SERDANG Pekan Serdang Petaling Malaysia,3.004,101.712
JLN PBS 14/8 TMN SRI SERDANG Pekan Serdang Petaling Malaysia,3.0217,101.7054
JLN INDAH 2/16 TMN UNIVERSITI INDAH Pekan Serdang Petaling Malaysia,3.0117,101.7102
JLN INDAH 2/18 TMN UNIVERSITI INDAH Pekan Serdang Petaling Malaysia,3.0273,101.7178
JALAN DELTA U6/18 KG BARU SUBANG Pekan Subang Petaling Malaysia,3.131,101.545
JLN DELTA U6/18 KG BARU SUBANG Pekan Subang Petaling Malaysia,3.134,101.587
JLN DELTA U6/19 KG BARU SUBANG Pekan Subang Petaling Malaysia,3.1006,101.5302
JALAN SUBANG 4 PRIME SUBANG LIGHT IND. PARK Pekan Subang Jaya Petaling Malaysia,3.0709,101.5343
JLN SUBANG 4 PRIME SUBANG LIGHT IND. PARK Pekan Subang Jaya Petaling Malaysia,3.129,101.581
"S/L 23), JLN SUBANG 4 PRIME SUBANG LIGHT IND. PARK Pekan Subang Jaya Petaling Malaysia",3.074,101.583
JLN TP 7/7 SIME UEP INDUSTRIAL PARK Pekan Subang Jaya Petaling Malaysia,3.0489,101.5864
JALAN SUBANG 2 SUBANG LIGHT INDUSTRIAL PARK Pekan Subang Jaya Petaling Malaysia,3.1037,101.556
JALAN SUBANG 3 SUBANG LIGHT INDUSTRIAL PARK Pekan Subang Jaya Petaling Malaysia,3.0386,101.5582
JLN SUBANG 2 SUBANG LIGHT INDUSTRIAL PARK Pekan Subang Jaya Petaling Malaysia,3.0578,101.5862
JLN SUBANG 3 SUBANG LIGHT INDUSTRIAL PARK Pekan Subang Jaya Petaling Malaysia,3.0818,101.583
"JLN SUBANG 4, TMN IND. SG.PENAGA SUBANG LIGHT INDUSTRIAL PARK Pekan Subang Jaya Petaling Malaysia",3.0453,101.5187
BLOK C SUNGAI PENAGA Pekan Subang Jaya Petaling Malaysia,3.0325,101.585
JLN SUBANG 2 SUNGAI PENAGA Pekan Subang Jaya Petaling Malaysia,3.0566,101.5938
JLN TS 6/3 TMN INDUSTRI SUBANG Pekan Subang Jaya Petaling Malaysia,3.087,101.584
JLN USJ 1/32 TMN SUBANG PERMAI Pekan Subang Jaya Petaling Malaysia,3.0827,101.5817
JLN USJ 1/33 TMN SUBANG PERMAI Pekan Subang Jaya Petaling Malaysia,3.0697,101.5808
JALAN USJ 7/3 USJ 7 Pekan Subang Jaya Petaling Malaysia,3.0484,101.5819
JLN USJ 7/3 USJ 7 Pekan Subang Jaya Petaling Malaysia,3.0552,101.5867
JLN USJ 7/3A USJ 7 Pekan Subang Jaya Petaling Malaysia,3.0641,101.5923
JLN USJ 7/3D USJ 7 Pekan Subang Jaya Petaling Malaysia,3.0566,101.5923
JLN USJ 19/4 USJ 19 Pekan Subang Jaya Petaling Malaysia,3.0609,101.5858
JALAN USJ 19/4A USJ 19 Pekan Subang Jaya Petaling Malaysia,3.0612,101.5928
JLN USJ 19/2 USJ 19 Pekan Subang Jaya Petaling Malaysia,3.0697,101.5869
JLN USJ 19/4A USJ 19 Pekan Subang Jaya Petaling Malaysia,3.0589,101.5887
JALAN BP 5 BDR BUKIT PUCHONG Petaling Petaling Malaysia,2.9925,101.6048
JALAN BP 5/11 BDR BUKIT PUCHONG Petaling Petaling Malaysia,2.9795,101.6589
JLN BP 5 BDR BUKIT PUCHONG Petaling Petaling Malaysia,3.021,101.617
JLN BP 5/1 BDR BUKIT PUCHONG Petaling Petaling Malaysia,3.0269,101.6204
JLN BP 5/2 BDR BUKIT PUCHONG Petaling Petaling Malaysia,3.0145,101.6021
JLN BP 5/3 BDR BUKIT PUCHONG Petaling Petaling Malaysia,3.0186,101.6163
JLN BP 5/4 BDR BUKIT PUCHONG Petaling Petaling Malaysia,3.0196,101.6298
JLN BP 5/5 BDR BUKIT PUCHONG Petaling Petaling Malaysia,3.031,101.616
JLN BP 5/6 BDR BUKIT PUCHONG Petaling Petaling Malaysia,3.0209,101.6184
JLN BP 5/7 BDR BUKIT PUCHONG Petaling Petaling Malaysia,3.0105,101.635
JLN BP 5/8 BDR BUKIT PUCHONG Petaling Petaling Malaysia,3.0167,101.6167
JLN BP 5/9 BDR BUKIT PUCHONG Petaling Petaling Malaysia,3.0259,101.6316
JLN BP 5/10 BDR BUKIT PUCHONG Petaling Petaling Malaysia,3.0067,101.6002
JLN BP 5/11 BDR BUKIT PUCHONG Petaling Petaling Malaysia,2.9947,101.6226
JALAN RAJAWALI 2 BDR PUCHONG JAYA Petaling Petaling Malaysia,3.0136,101.6139
JALAN RAJAWALI 3 BDR PUCHONG JAYA Petaling Petaling Malaysia,3.0289,101.6189
JLN RAJAWALI 2 BDR PUCHONG JAYA Petaling Petaling Malaysia,3.037,101.616
JLN RAJAWALI 3 BDR PUCHONG JAYA Petaling Petaling Malaysia,3.047,101.637
JLN.RAJAWALI 3 BDR PUCHONG JAYA Petaling Petaling Malaysia,3.0399,101.6187
"BLOK F, JLN BS 7/1 BUKIT SERDANG LIGHT INDUSTRIAL PARK Petaling Petaling Malaysia",3.0019,101.7268
JALAN BS 7/15 BUKIT SERDANG LIGHT INDUSTRIAL PARK Petaling Petaling Malaysia,3.0075,101.7117
JLN BS 7/1A BUKIT SERDANG LIGHT INDUSTRIAL PARK Petaling Petaling Malaysia,3.025,101.671
JLN BS 7/7 BUKIT SERDANG LIGHT INDUSTRIAL PARK Petaling Petaling Malaysia,3.0167,101.7167
JLN PERINDUSTRIAN PP 3 BUKIT SRI SERDANG IND PARK Petaling Petaling Malaysia,3.0469,101.709
JLN PERINDUSTRIAN PP 7 BUKIT SRI SERDANG IND PARK Petaling Petaling Malaysia,3.0216,101.7192
JLN PERINDUSTRIAN PP2 BUKIT SRI SERDANG IND PARK Petaling Petaling Malaysia,3.0028,101.7025
JLN PERINDUSTRIAN PP3 BUKIT SRI SERDANG IND PARK Petaling Petaling Malaysia,3.0009,101.7213
JALAN BK 1/19 PERUMAHAN KINRARA Petaling Petaling Malaysia,3.0479,101.6344
JLN BK 1/18 PERUMAHAN KINRARA Petaling Petaling Malaysia,3.0502,101.6428
JLN BK 1/19 PERUMAHAN KINRARA Petaling Petaling Malaysia,3.053,101.649
"JALAN TPP 6/2 PINWANG INDUSTRIAL PARK, PUCHONG Petaling Petaling Malaysia",2.9925,101.624
"JLN TPP 6/1 PINWANG INDUSTRIAL PARK, PUCHONG Petaling Petaling Malaysia",2.998,101.621
"JLN TPP 6/2 PINWANG INDUSTRIAL PARK, PUCHONG Petaling Petaling Malaysia",2.9931,101.5936
"JLN TPP 6/4 PINWANG INDUSTRIAL PARK, PUCHONG Petaling Petaling Malaysia",3.0187,101.6105
"TPP 6/2 PINWANG INDUSTRIAL PARK, PUCHONG Petaling Petaling Malaysia",3.0147,101.6152
JALAN PBP 8 PUSAT BDR PUCHONG Petaling Petaling Malaysia,3.0329,101.6176
JLN INDUSTRI PBP 6 PUSAT BDR PUCHONG Petaling Petaling Malaysia,3.0389,101.6334
JLN INDUSTRI PBP 8 PUSAT BDR PUCHONG Petaling Petaling Malaysia,3.032,101.617
JLN INDUSTRI PBP 9 PUSAT BDR PUCHONG Petaling Petaling Malaysia,2.9935,101.6173
JLN INDUSTRI PBP 10 PUSAT BDR PUCHONG Petaling Petaling Malaysia,3.0196,101.6175
JLN PBP 8 PUSAT BDR PUCHONG Petaling Petaling Malaysia,3.0363,101.6123
JLN PBP 10 PUSAT BDR PUCHONG Petaling Petaling Malaysia,3.0167,101.6167
JALAN TPP 1/1 TMN INDUSTRI PUCHONG Petaling Petaling Malaysia,3.0269,101.6176
JLN 6/5 TMN INDUSTRI PUCHONG Petaling Petaling Malaysia,3.0236,101.633
JLN TPP 1/10 TMN INDUSTRI PUCHONG Petaling Petaling Malaysia,3.0333,101.6167
JLN TPP 1/12 TMN INDUSTRI PUCHONG Petaling Petaling Malaysia,3.0078,101.6136
JLN TPP 1/13 TMN INDUSTRI PUCHONG Petaling Petaling Malaysia,3.0227,101.6191
JLN TPP 1/14 TMN INDUSTRI PUCHONG Petaling Petaling Malaysia,3.0146,101.6142
JLN TPP 1/15 TMN INDUSTRI PUCHONG Petaling Petaling Malaysia,3.0036,101.6162
JLN TPP 1/16 TMN INDUSTRI PUCHONG Petaling Petaling Malaysia,3.0145,101.6098
JLN TPP 1/17 TMN INDUSTRI PUCHONG Petaling Petaling Malaysia,3.0249,101.6213
JLN TPP 1/18 TMN INDUSTRI PUCHONG Petaling Petaling Malaysia,3.025,101.622
JLN UTAMA 1/16 TMN INDUSTRI PUCHONG PERDANA Petaling Petaling Malaysia,3.0346,101.6294
JLN. UTAMA 1/10 TMN INDUSTRI PUCHONG PERDANA Petaling Petaling Malaysia,3.0287,101.6192
JLN TPK 2/6 TMN INDUSTRI PUCHONG RAYA Petaling Petaling Malaysia,3.037,101.626
JALAN TPK 2/6 TMN INDUSTRI PUCHONG RAYA Petaling Petaling Malaysia,3.0146,101.6177
JLN TPK 1/1 TMN INDUSTRI PUCHONG RAYA Petaling Petaling Malaysia,3.0333,101.6167
JLN TPK 1/2 TMN INDUSTRI PUCHONG RAYA Petaling Petaling Malaysia,3.0356,101.6335
JLN TPK 1/3 TMN INDUSTRI PUCHONG RAYA Petaling Petaling Malaysia,3.0429,101.6108
JLN TPK 1/7 TMN INDUSTRI PUCHONG RAYA Petaling Petaling Malaysia,3.0399,101.6178
JLN TPK 1/10 TMN INDUSTRI PUCHONG RAYA Petaling Petaling Malaysia,3.0478,101.6286
JLN TPK 2/7 TMN INDUSTRI PUCHONG RAYA Petaling Petaling Malaysia,3.032,101.621
TPK 2/6 TMN INDUSTRI PUCHONG RAYA Petaling Petaling Malaysia,3.0045,101.6177
"JALAN TK 5/42 TMN MAWAR , SEKSYEN 5 Petaling Petaling Malaysia",3.0477,101.6485
"JLN TK 5/39 TMN MAWAR , SEKSYEN 5 Petaling Petaling Malaysia",3.0738,101.6077
"JLN TK 5/41 TMN MAWAR , SEKSYEN 5 Petaling Petaling Malaysia",3.0899,101.6367
"JLN TK 5/42 TMN MAWAR , SEKSYEN 5 Petaling Petaling Malaysia",3.0935,101.6532
"JLN TK 5/44 TMN MAWAR , SEKSYEN 5 Petaling Petaling Malaysia",3.0795,101.6065
JLN PERMAI 1 TMN PUCHONG PERMAI Petaling Petaling Malaysia,3.0367,101.6085
JALAN PERMAI 2 TMN PUCHONG PERMAI Petaling Petaling Malaysia,3.0479,101.6192
JALAN PERMAI 3 TMN PUCHONG PERMAI Petaling Petaling Malaysia,3.0235,101.6335
JALAN PERMAI 4 TMN PUCHONG PERMAI Petaling Petaling Malaysia,3.0185,101.6203
JLN PERMAI 3 TMN PUCHONG PERMAI Petaling Petaling Malaysia,3.0206,101.6166
JLN PERMAI 4 TMN PUCHONG PERMAI Petaling Petaling Malaysia,3.0019,101.6297
JLN SR 7/9 TMN PUTRA JAYA SEK 4 & 7 Petaling Petaling Malaysia,3.0517,101.6944
JALAN SR 7/10 TMN PUTRA JAYA SEK 4 & 7 Petaling Petaling Malaysia,3.074,101.616
JLN SR 4/18 TMN PUTRA JAYA SEK 4 & 7 Petaling Petaling Malaysia,2.9219,101.6531
JLN SR 4/20 TMN PUTRA JAYA SEK 4 & 7 Petaling Petaling Malaysia,3.0573,101.6956
JLN SR 7/10 TMN PUTRA JAYA SEK 4 & 7 Petaling Petaling Malaysia,3.0046,101.6988
JLN SR 7/11 TMN PUTRA JAYA SEK 4 & 7 Petaling Petaling Malaysia,3.0099,101.7189
JLN SR 4/19 TMN SERDANG RAYA Petaling Petaling Malaysia,3.076,101.642
JLN SR 3/6 TMN SERDANG RAYA SEK. 3 Petaling Petaling Malaysia,3.0285,101.7152
JLN PERUSAHAAN 3 BDR BARU SG. BULOH Sungai Buluh Petaling Malaysia,3.2131,101.586
JALAN GANGSA SD 5/3D BDR BARU SRI DAMANSARA Sungai Buluh Petaling Malaysia,3.1995,101.618
JALAN GANGSA SD 5/3F BDR BARU SRI DAMANSARA Sungai Buluh Petaling Malaysia,3.1775,101.5785
JLN GANGSA 5/3F BDR BARU SRI DAMANSARA Sungai Buluh Petaling Malaysia,3.202,101.577
JLN GANGSA SD 5/3A BDR BARU SRI DAMANSARA Sungai Buluh Petaling Malaysia,3.1893,101.6128
JLN GANGSA SD 5/3B BDR BARU SRI DAMANSARA Sungai Buluh Petaling Malaysia,3.1959,101.6098
JLN GANGSA SD 5/3B (INDUSTRIALIST) BDR BARU SRI DAMANSARA Sungai Buluh Petaling Malaysia,3.1995,101.6392
JLN GANGSA SD 5/3F BDR BARU SRI DAMANSARA Sungai Buluh Petaling Malaysia,3.195,101.604
JLN GANGSA SD 5/3F (INDUSTRIALIST) BDR BARU SRI DAMANSARA Sungai Buluh Petaling Malaysia,3.191,101.585
JLN GANGSA SD 5/3G BDR BARU SRI DAMANSARA Sungai Buluh Petaling Malaysia,3.2003,101.5899
JLN GANGSA SD 5/3G (MANUFACTURER) BDR BARU SRI DAMANSARA Sungai Buluh Petaling Malaysia,3.1919,101.6271
JLN GANGSA SD 5/3H BDR BARU SRI DAMANSARA Sungai Buluh Petaling Malaysia,3.1964,101.5884
JLN SD5/3G BDR BARU SRI DAMANSARA Sungai Buluh Petaling Malaysia,3.1947,101.5877
TEMBAGA SD 5/2G BDR BARU SRI DAMANSARA Sungai Buluh Petaling Malaysia,3.1655,101.6115
JALAN METEOR U16/155 ELMINA EAST INDUSTRIAL Sungai Buluh Petaling Malaysia,3.1902,101.5586
JALAN U5/29 MAH SING INTERGRATED IND. PARK Sungai Buluh Petaling Malaysia,3.199,101.546
JALAN UTARID U5/19 MAH SING INTERGRATED IND. PARK Sungai Buluh Petaling Malaysia,3.1678,101.5384
JALAN UTARID U5/20 MAH SING INTERGRATED IND. PARK Sungai Buluh Petaling Malaysia,3.179,101.543
JALAN UTARID U5/21 MAH SING INTERGRATED IND. PARK Sungai Buluh Petaling Malaysia,3.1487,101.5512
JALAN UTARID U5/28 MAH SING INTERGRATED IND. PARK Sungai Buluh Petaling Malaysia,3.1286,101.5722
JALAN UTARID U5/29 MAH SING INTERGRATED IND. PARK Sungai Buluh Petaling Malaysia,3.1719,101.5548
JLN U5/ 29 (TYPE B) MAH SING INTERGRATED IND. PARK Sungai Buluh Petaling Malaysia,3.2066,101.5837
JLN U5/19 MAH SING INTERGRATED IND. PARK Sungai Buluh Petaling Malaysia,3.2129,101.5739
JLN U5/27 MAH SING INTERGRATED IND. PARK Sungai Buluh Petaling Malaysia,3.208,101.569
JLN U5/28 MAH SING INTERGRATED IND. PARK Sungai Buluh Petaling Malaysia,3.2244,101.5794
JLN UTARID U5/20 MAH SING INTERGRATED IND. PARK Sungai Buluh Petaling Malaysia,3.2059,101.5537
JLN UTARID U5/24 MAH SING INTERGRATED IND. PARK Sungai Buluh Petaling Malaysia,3.202,101.574
JLN UTARID U5/25 MAH SING INTERGRATED IND. PARK Sungai Buluh Petaling Malaysia,3.199,101.568
JLN UTARID U5/27 MAH SING INTERGRATED IND. PARK Sungai Buluh Petaling Malaysia,3.224,101.553
JLN UTARID U5/28 MAH SING INTERGRATED IND. PARK Sungai Buluh Petaling Malaysia,3.189,101.541
JLN UTARID U5/29 MAH SING INTERGRATED IND. PARK Sungai Buluh Petaling Malaysia,3.2119,101.5755
U5/27 MAH SING INTERGRATED IND. PARK Sungai Buluh Petaling Malaysia,3.2025,101.575
U5/29 MAH SING INTERGRATED IND. PARK Sungai Buluh Petaling Malaysia,3.2049,101.5723
JALAN SP 4/3 SUBANG AIRPORT NORTH Sungai Buluh Petaling Malaysia,3.2075,101.5747
JLN SP 4/1 SUBANG AIRPORT NORTH Sungai Buluh Petaling Malaysia,3.127,101.548
JLN SP 4/3 SUBANG AIRPORT NORTH Sungai Buluh Petaling Malaysia,3.119,101.551
JALAN TSB 7 SUNGAI BULOH INDUSTRIAL PARK Sungai Buluh Petaling Malaysia,3.2136,101.5709
JALAN TSB 9 SUNGAI BULOH INDUSTRIAL PARK Sungai Buluh Petaling Malaysia,3.2208,101.5738
JLN TBS 9 SUNGAI BULOH INDUSTRIAL PARK Sungai Buluh Petaling Malaysia,3.2039,101.5703
JLN TSB 5 SUNGAI BULOH INDUSTRIAL PARK Sungai Buluh Petaling Malaysia,3.1638,101.5824
JLN TSB 7 SUNGAI BULOH INDUSTRIAL PARK Sungai Buluh Petaling Malaysia,3.214,101.555
JLN TSB 9 SUNGAI BULOH INDUSTRIAL PARK Sungai Buluh Petaling Malaysia,3.2099,101.5702
JALAN IKS 2 TMN AIR MANIS Pancang Bedena Sabak Bernam Malaysia,3.6648,101.1306
JALAN TIAM TMN AIR MANIS Pancang Bedena Sabak Bernam Malaysia,3.7369,101.0867
JALAN RADIN 1 KIRI KAW PERUSAHAAN SEKINCHAN Pekan Sekinchan Sabak Bernam Malaysia,3.505,101.098
JALAN PASAR PEKAN SEKINCHAN Pekan Sekinchan Sabak Bernam Malaysia,3.5039,101.1036
JALAN 10 COSMOPLEK (BB SALAK TINGGI) Baru Baru Salak Tinggi Sepang Malaysia,2.8364,101.7096
JLN 8 COSMOPLEK (BB SALAK TINGGI) Baru Baru Salak Tinggi Sepang Malaysia,2.8969,101.7081
JLN 9 COSMOPLEK (BB SALAK TINGGI) Baru Baru Salak Tinggi Sepang Malaysia,2.829,101.701
JLN 11 COSMOPLEK (BB SALAK TINGGI) Baru Baru Salak Tinggi Sepang Malaysia,2.7769,101.6931
JLN MU 1/6R JLN PUCHONG(PULAU MERANTI) Dengkil Sepang Malaysia,2.9819,101.6754
JLN PULAU MERANTI JLN PUCHONG(PULAU MERANTI) Dengkil Sepang Malaysia,2.919,101.654
JALAN MERANTI PERMAI 6 MERANTI PERMAI INDUSTRIAL PARK Dengkil Sepang Malaysia,2.8211,101.5074
13 JLN MERANTI PERMAI 5 MERANTI PERMAI INDUSTRIAL PARK Dengkil Sepang Malaysia,2.8905,101.6398
JALAN MERANTI PERMAI 3 MERANTI PERMAI INDUSTRIAL PARK Dengkil Sepang Malaysia,2.841,101.675
JALAN MERANTI PERMAI 5 MERANTI PERMAI INDUSTRIAL PARK Dengkil Sepang Malaysia,2.8569,101.6438
JLN MERANTI PERMAI 3 MERANTI PERMAI INDUSTRIAL PARK Dengkil Sepang Malaysia,2.8862,101.6177
JLN MERANTI PERMAI 7 MERANTI PERMAI INDUSTRIAL PARK Dengkil Sepang Malaysia,2.837,101.692
JALAN INDUSTRI MAS 2 TMN MAS SEPANG (DENGKIL) Dengkil Sepang Malaysia,2.8508,101.6776
JALAN INDUSTRI MAS 3 TMN MAS SEPANG (DENGKIL) Dengkil Sepang Malaysia,2.8097,101.6658
JLN IND MAS 1 TMN MAS SEPANG (DENGKIL) Dengkil Sepang Malaysia,2.883333,101.65
JLN INDUSRTI MAS 1 TMN MAS SEPANG (DENGKIL) Dengkil Sepang Malaysia,2.8142,101.6756
JLN  INDUSTRI MAS 1 TMN MAS SEPANG (DENGKIL) Dengkil Sepang Malaysia,2.8789,101.6624
JLN INDUSTRI MAS 2 TMN MAS SEPANG (DENGKIL) Dengkil Sepang Malaysia,2.879,101.687
JLN INDUSTRI MAS 4 TMN MAS SEPANG (DENGKIL) Dengkil Sepang Malaysia,2.8435,101.6507
JLN  MAS 1 TMN MAS SEPANG (DENGKIL) Dengkil Sepang Malaysia,2.9217,101.6764
JLN MERANTI JAYA 7 TMN MERANTI JAYA Dengkil Sepang Malaysia,2.894,101.676
JLN MERANTI JAYA 8 TMN MERANTI JAYA Dengkil Sepang Malaysia,2.9037,101.6526
JLN MERANTI JAYA 9 TMN MERANTI JAYA Dengkil Sepang Malaysia,2.8919,101.6158
JLN MERANTI JAYA 10 TMN MERANTI JAYA Dengkil Sepang Malaysia,2.661,101.705
JLN MERANTI JAYA 11 TMN MERANTI JAYA Dengkil Sepang Malaysia,2.8219,101.6004
JLN MERANTI JAYA 12 TMN MERANTI JAYA Dengkil Sepang Malaysia,2.7938,101.6378
JALAN MU 1/1D TMN PERINDUSTRIAN MERANTI UTAMA Dengkil Sepang Malaysia,2.8889,101.5599
JLN MU 1/1D TMN PERINDUSTRIAN MERANTI UTAMA Dengkil Sepang Malaysia,2.8057,101.6328
JALAN SIP 1 SEPANG INDUSTRIAL PARK Pekan Bt Satu Sepang Malaysia,2.8103,101.7024
SEPANG INDUSTRI PARK SEPANG INDUSTRIAL PARK Pekan Bt Satu Sepang Malaysia,2.7469,101.6915
JALAN PPS 1 SALAK SQUARE Pekan Salak Sepang Malaysia,2.7136,101.6992
